id,unit_id,type,role,related_main_id,prompt,options,correct_index,image,audio,explanation
1001,1,true_false,preview,1002,Officials review your application before approving citizenship.,,true,,,"Yes, they thoroughly review everything you submitted to make sure you qualify and meet all legal standards."
1002,1,multi_select,main,,What do officials check when you apply?,Status|Not prohibited|Requirements met|Your salary,0|1|2,,,"Officials check your status, that you're not prohibited from applying, and that you meet the requirements."
1003,1,true_false,exercise,1002,Officials check if you're prohibited from applying.,,true,,,Absolutely; the first thing they do is verify that there are no legal reasons why your application would be automatically rejected.
1004,1,true_false,exercise,1002,Applying skips every eligibility check.,,false,,,"No, applying is the process that requires you to pass multiple rigorous eligibility checkpoints."
1005,1,select_blank,exercise,1002,Officials verify you meet all ___.,requirements|holidays|hobbies|debts,0,,,"They must confirm you satisfy every legal requirement, not just things like hobbies or debts."
1006,1,multiple_choice,exercise,1002,What might block your application?,Being prohibited|Shoe size|Your horoscope|Pet's name,0,,,Only a formal prohibition or disqualifying factor can stop your application; personal details like shoe size are irrelevant.
1007,1,true_false,exercise,1002,Applying for citizenship involves zero checks.,,false,,,"No, applying for citizenship involves many checks; they conduct thorough background reviews covering everything from criminal history to residency."
1008,1,true_false,preview,1009,Your citizenship application can take months.,,true,,,"That's correct. Because the process requires verifying your entire background and residency history, it naturally takes several months."
1009,1,select_blank,main,,Your application may take several ___.,months|days|hours|minutes,0,,,Processing an application can take several months from start to finish.
1010,1,true_false,exercise,1009,Applications are usually processed within one day.,,false,,,"Not at all. Since they must conduct thorough background checks and reviews, processing is a lengthy procedure that cannot be completed in one day."
1011,1,multiple_choice,exercise,1009,About how long can processing take?,Several months|One week|One day|Ten years,0,,,It usually takes several months because they have to verify your residency status and background information carefully before approval.
1012,1,select_blank,exercise,1009,Processing can take several ___.,months|seconds|minutes|hours,0,,,Processing typically takes several months because the review of documentation and background checks is a complex process that cannot be rushed.
1013,1,true_false,exercise,1009,Processing time is always instant.,,false,,,Processing time is rarely instant because applications require manual review and system processing that takes time.
1014,1,true_false,preview,1015,You must give the Call Centre your address.,,true,,,"Yes, you must provide your address so the Call Centre can accurately update your file and ensure all official correspondence reaches you."
1015,1,select_blank,main,,Keep the Call Centre updated with your ___.,address|passport|photo|salary,0,,,"While your application is processed, the Call Centre must always have your correct address."
1016,1,true_false,exercise,1015,Address updates matter while your application processes.,,true,,,"It is crucial because if we send important documents or confirmation letters to an old address, your application could be delayed or rejected entirely."
1017,1,multiple_choice,exercise,1015,Who should have your current address?,Call Centre|Your employer|Your landlord|Your school,0,,,The Call Centre needs this information because they are the ones managing and updating your official file; third parties like employers do not need it for processing purposes.
1018,1,true_false,exercise,1015,You can ignore address changes during processing.,,false,,,"You cannot ignore these changes, as any critical communication regarding your application could be sent to an outdated address, causing significant delays."
1019,1,select_blank,exercise,1015,Call Centre phone numbers are listed on ___.,page 54|page 6|page 100|page 1,0,,,Telephone numbers for the Call Centre are printed on page 54 of the guide.
1020,1,true_false,preview,1021,Studying this guide helps you prepare.,,true,,,"Yes, reviewing the guide is exactly how you build confidence and get ready for your classes."
1021,1,multi_select,main,,Which are recommended ways to prepare?,Study guide|With family|Local classes|Language classes|Skip studying,0|1|2|3,,,"The guide recommends studying it, practicing with a friend or family member, contacting local citizenship classes, and taking free government language classes."
1022,1,true_false,exercise,1021,A friend can help you practice questions.,,true,,,Absolutely; practicing with a friend is a great way to test your knowledge and feel comfortable speaking the language.
1023,1,multiple_choice,exercise,1021,Where can you ask about citizenship classes?,Community centre|Grocery store|Movie theater|Gas station,0,,,"Community centers are designed to be local hubs for education and resources, making them the right place to ask about classes."
1024,1,true_false,exercise,1021,The government offers free language classes.,,true,,,That's right; many local governments provide these services to help residents integrate and learn a new language.
1025,1,select_blank,exercise,1021,You should ___ this guide to prepare.,study|ignore|sell|hide,0,,,You need to actively study it because that is the only way to absorb the information and feel prepared for your classes.
1026,1,true_false,exercise,1021,Local schools can share citizenship class info.,,true,,,"Yes, local schools often coordinate and share resources regarding citizenship classes to make them more accessible in the community."
1027,1,multiple_choice,exercise,1021,Which languages get free government classes?,English/French|Spanish/German|Mandarin/Hindi|Arabic/Farsi,0,,,"The government typically provides free citizenship classes for English and French speakers, which are the primary languages of instruction in many areas."
1028,1,true_false,preview,1029,The citizenship test is usually written.,,true,,,"While other formats exist, the standard procedure involves taking a written exam to assess your knowledge of local laws and culture."
1029,1,multiple_choice,main,,What form can the citizenship test take?,Written/interview|Only written|Oral exam|Group discussion,0,,,The test is usually written but could instead be given as an interview.
1030,1,true_false,exercise,1029,The test could be an interview instead.,,true,,,"Yes, depending on the specific program or individual needs, your assessment might take the form of a one-on-one interview rather than just a written test."
1031,1,true_false,exercise,1029,The test is always a group discussion.,,false,,,"No, while some centers use group discussions, the format can vary greatly and may be written or an interview instead."
1032,1,multiple_choice,exercise,1029,Which is the test usually given as?,Written test|Video call|Group project|Home visit,0,,,The primary assessment method is typically a written exam designed to gauge your knowledge base across various topics.
1033,1,true_false,exercise,1029,An interview format is possible for the test.,,true,,,"Yes, sometimes they will include an interview component alongside the written portion to assess your conversational skills and general fit."
1034,1,true_false,preview,1035,The test checks your knowledge of Canada.,,true,,,"Absolutely; understanding Canadian culture, history, and current events is a key part of the evaluation process for most applicants."
1035,1,multi_select,main,,What two things does the test assess?,Canada knowledge|Language ability|Your income|Job skills,0|1,,,"The test checks two things: your knowledge of Canada's rights and responsibilities, and your knowledge of English or French."
1036,1,true_false,exercise,1035,The test checks your language ability too.,,true,,,"Definitely, demonstrating proficiency in the required language is one of the most important parts of the assessment, often weighted heavily."
1037,1,multiple_choice,exercise,1035,"Besides Canada knowledge, what else is tested?",Language ability|Cooking skill|Driving skill|Sports ability,0,,,"While knowing about Canada is important, the core focus beyond that knowledge is always confirming your functional language skills and ability to communicate daily life."
1038,1,true_false,exercise,1035,The test assesses rights and responsibilities knowledge.,,true,,,"Yes, that's correct because the exam specifically tests your understanding of civic duties and legal rights within the community."
1039,1,select_blank,exercise,1035,The test checks Canada knowledge and ___.,language ability|your salary|your car|your pet,0,,,It measures both your general knowledge of Canada and your proficiency in English or French to ensure you can communicate effectively.
1040,1,true_false,preview,1041,Some older applicants skip the written test.,,true,,,That is accurate; certain exemptions are available for older applicants who have demonstrated sufficient life experience or alternative proof of knowledge.
1041,1,select_blank,main,,Applicants ___ and older skip the test.,55|18|65|100,0,,,Adult applicants 55 years of age and over do not need to write the citizenship test.
1042,1,true_false,exercise,1041,Adults 55 and up must still write the test.,,false,,,"No, that is incorrect because there are specific exemptions for applicants aged 55 and over who can prove their knowledge through other means."
1043,1,multiple_choice,exercise,1041,What age exempts you from the test?,55+|Under 18|Exactly 30|Exactly 40,0,,,"Generally, applicants aged 55 and older are eligible for exemptions if they can demonstrate sufficient knowledge through alternative means."
1044,1,true_false,exercise,1041,The age exemption applies to applicants under 55.,,false,,,This is incorrect because the age exemption only applies to applicants who are 55 or older.
1045,1,select_blank,exercise,1041,Adults 55 or older ___ write the test.,needn't|must|can never|always,0,,,"Adults 55 or older don't need to write the test, so 'needn't' is the correct choice. Using 'must' would imply that taking the test is mandatory."
1046,1,true_false,exercise,1041,The test age exemption starts at 55.,,true,,,That's right; the requirement for testing is waived once you reach age 55.
1047,1,true_false,preview,1048,Test questions follow the Citizenship Regulations.,,true,,,"Yes, the test content is directly based on the official Citizenship Regulations."
1048,1,select_blank,main,,Test questions come from the Citizenship ___.,Regulations|Newspaper|Constitution only|Internet,0,,,All citizenship test questions are based on the subject areas noted in the Citizenship Regulations.
1049,1,true_false,exercise,1048,All required test info appears in this guide.,,true,,,"The guide is designed to be comprehensive, so you should find all the necessary information regarding the test here."
1050,1,multiple_choice,exercise,1048,Where is all required test info found?,Study guide|News site|A blog|A textbook,0,,,"The study guide is your primary source because it's specifically curated to contain all the required information, unlike general resources like news sites or blogs."
1051,1,true_false,exercise,1048,Test questions can include random outside topics.,,false,,,"No, the questions are designed to be very focused and stick strictly to the curriculum you have been taught, so random topics won't appear."
1052,1,true_false,exercise,1048,Knowledge-of-Canada details appear on page 64.,,true,,,Information about how the knowledge-of-Canada requirement is determined appears on page 64 of the guide.
1053,1,true_false,preview,1054,Passing the test gets you a notice.,,true,,,"Yes, passing is a major milestone, and receiving an official notice confirms your success and outlines what comes next."
1054,1,multiple_choice,main,,What do you get after passing?,Notice-to-Appear|Cash reward|New passport|Free flight,0,,,"If you pass the test and meet all other requirements, you receive a Notice to Appear to Take the Oath of Citizenship."
1055,1,true_false,exercise,1054,The notice lists your ceremony date and place.,,true,,,That's correct; the notice acts as confirmation of your final steps by listing both the date and location for your ceremony.
1056,1,select_blank,exercise,1054,The notice invites you to take the ___.,Citizenship Oath|driving test|language exam|medical exam,0,,,"The notice is designed to prepare you for the next big step, which is participating in the official Citizenship Oath ceremony."
1057,1,true_false,exercise,1054,The notice also states the ceremony time.,,true,,,"Yes, the notice is designed to give you all necessary logistical details, including when and where the ceremony will take place."
1058,1,multiple_choice,exercise,1054,What does the Notice to Appear announce?,Ceremony details|Tax bill|Job offer|School enrollment,0,,,"The Notice to Appear is specifically for organizing the event, so it will contain all the necessary information about the ceremony itself. It won't be a tax bill or job offer."
1059,1,true_false,preview,1060,"At the ceremony, you take the oath.",,true,p06-oath-woman.jpeg,,"Taking the oath is a central and required part of the naturalization ceremony itself, confirming your commitment to the country."
1060,1,order,main,,Order the steps at your ceremony.,Take the Oath|Sign the oath form|Receive your Certificate,,p06-judge-mountie.jpeg,,"At the ceremony you take the Oath of Citizenship, sign the oath form, and receive your Canadian Citizenship Certificate."
1061,1,true_false,exercise,1060,You sign the oath form at the ceremony.,,true,p06-oath-group.jpeg,,"After taking the oath, you will be required to physically sign the official documents confirming your commitment. This completes the legal process."
1062,1,true_false,exercise,1060,You receive a Citizenship Certificate at the ceremony.,,true,,,"The successful completion of all steps culminates in you receiving your official proof of citizenship, which is the certificate."
1063,1,multiple_choice,exercise,1060,What do you sign at the ceremony?,Oath form|Rental lease|Loan form|Job contract,0,,,"You sign an oath form to affirm your commitment to the new country, which is a formal promise of allegiance."
1064,1,true_false,exercise,1060,You skip signing anything at the ceremony.,,false,,,"No, you do actually sign something during the ceremony, specifically the oath form."
1065,1,multiple_choice,exercise,1060,What do you receive at the ceremony?,Citizenship Certificate|Passport photo|Driver's license|Health card,0,p06-oath-boy.jpeg,,The Citizenship Certificate is the official document confirming your new status as a citizen.
1066,1,true_false,preview,1067,Not passing still gets you a notification.,,true,,,"Yes, even if you don't pass, they will send you some kind of notice regarding next steps or required follow-up."
1067,1,multiple_choice,main,,What happens if you fail?,Next steps|Deportation|Nothing|Re-test,0,,,"If you do not pass the test, you receive a notification indicating the next steps."
1068,1,multiple_choice,exercise,1067,What happens if you don't pass?,Next-step notice|Instant deportation|Nothing happens|Automatic re-test,0,,,"If you don't pass, you will receive a 'Next-step notice,' which tells you what to do next instead of facing immediate deportation."
1069,1,true_false,exercise,1067,Failing the test ends the process immediately.,,false,,,"Failing a test usually just means you need to review that material, not that the whole process stops. You'll typically get another chance or guidance on what went wrong."
1070,1,true_false,exercise,1067,You receive guidance on what to do next.,,true,,,"The goal of these sessions is support, so if you struggle with something, you will receive clear instructions and help moving forward."
1071,1,true_false,preview,1072,Family and friends can join your ceremony.,,true,,,"These ceremonies are designed to be shared experiences, so yes, loved ones are welcome to attend and celebrate with you."
1072,1,multiple_choice,main,,Who can you bring to your ceremony?,Family/friends|No one|Strangers only|Inspectors only,0,p06-family-ceremony.jpeg,,You are encouraged to bring your family and friends to celebrate your citizenship ceremony.
1073,1,true_false,exercise,1072,The ceremony is meant to be celebrated together.,,true,,,The entire point of the ceremony is community celebration; it's meant for people to gather and share joy together.
1074,1,multiple_choice,exercise,1072,Who can you invite to the ceremony?,Family/friends|Only strangers|No one|Government inspectors,0,p06-boy-flags.jpeg,,"You can invite your closest support system, like family and friends. The other options are far too restrictive or inappropriate for a celebratory event."
1075,1,true_false,exercise,1072,Friends are not allowed at the ceremony.,,false,,,The statement is false because guests and friends are typically welcome at ceremonies; the event does not restrict attendance.
2001,2,true_false,preview,2002,Magna Carta was signed in England in 1215.,,true,,,That's right; the original signing of the Magna Carta took place in England during 1215.
2002,2,multiple_choice,main,,"Magna Carta, signed in 1215, is also called the:",Great Charter|English Bill|Criminal Code,0,,,"Also known as the Great Charter of Freedoms, signed in England in 1215."
2003,2,true_false,exercise,2002,Magna Carta was signed in France.,,false,,,"It was signed in England, in 1215."
2004,2,select_blank,exercise,2002,Magna Carta dates back to ___.,1215|1867|1982,0,,,"It dates back to 1215, which is when King John reluctantly sealed the foundational document limiting royal power."
2005,2,multiple_choice,exercise,2002,Magna Carta secures Canada's tradition of:,Ordered liberty|Free trade|Bilingualism,0,,,"It is most closely associated with established rights and 'ordered liberty,' meaning that even the government must operate under law, not arbitrary rule."
2006,2,true_false,exercise,2002,Magna Carta is also called the Great Charter of Freedoms.,,true,,,That's correct; it has been referred to by that title because it established foundational rights and freedoms for its time.
2007,2,multiple_choice,exercise,2002,Where was Magna Carta signed?,England|France|Canada,0,,,"The Magna Carta is a foundational document of English law, so it was signed right there in England."
2008,2,true_false,preview,2009,Habeas corpus lets you challenge unlawful detention.,,true,,,"This is correct because habeas corpus is the legal mechanism that allows a person to challenge why they are being detained, ensuring the detention is lawful."
2009,2,multiple_choice,main,,Habeas corpus is the right to:,Challenge detention|Election voting|Own property,0,,,It comes from English common law and lets someone challenge unlawful detention by the state.
2010,2,select_blank,exercise,2009,Habeas corpus comes from English ___ law.,common|criminal|civil,0,,,"It falls under common law because it represents long-standing legal traditions and customs that developed over time in England, rather than being part of specific statutory codes."
2011,2,true_false,exercise,2009,Habeas corpus comes from the Civil Code of France.,,false,,,"It comes from English common law, not the Civil Code of France."
2012,2,multiple_choice,exercise,2009,Habeas corpus protects against:,Unlawful detention|Unfair taxes|Job loss,0,,,Its sole purpose is to protect individual liberty by ensuring that no one can be held in custody without legal justification.
2013,2,true_false,exercise,2009,Habeas corpus is one of the Charter's four freedoms.,,false,,,"It comes from English common law, separate from the Charter's four fundamental freedoms."
2014,2,true_false,preview,2015,The Charter of Rights and Freedoms became law in 1982.,,true,,,"That's right; the Charter was a major constitutional milestone, officially becoming law in 1982."
2015,2,multiple_choice,main,,The Canadian Charter of Rights and Freedoms began in:,1982|1867|1215,0,p08-7.jpeg,,The Constitution of Canada was amended in 1982 to entrench the Charter.
2016,2,select_blank,exercise,2015,The Charter was added to the ___ of Canada.,Constitution|Criminal Code|Passport Act,0,,,"The Charter is enshrined within Canada's Constitution, which serves as the supreme law governing the country. It isn't merely added to a specific piece of legislation like the Criminal Code."
2017,2,true_false,exercise,2015,The Charter both summarizes freedoms and sets out rights.,,true,,,"That’s right; it does both by outlining fundamental freedoms and detailing specific, legally protected rights for Canadians."
2018,2,multiple_choice,exercise,2015,The Charter's home document is the:,Canada's Constitution|Immigration Act|Criminal Code,0,,,"The Charter is an integral part of Canada’s Constitution, making it one of the country's most foundational laws. It stands apart from specific statutes like the Immigration Act or Criminal Code."
2019,2,true_false,exercise,2015,Queen Elizabeth II proclaimed the amended Constitution in 1982.,,true,,,This historic 1982 signing entrenched the Charter of Rights and Freedoms.
2020,2,order,exercise,2015,Order these rights milestones from earliest to latest.,Magna Carta signed|Habeas corpus adopted|Charter of Rights entrenched,,,,"The correct historical progression is the Magna Carta signed first, followed by the adoption of habeas corpus, and finally the entrenchment of modern rights in the Charter."
2021,2,select_blank,preview,2022,Charter's opening line: founded on the supremacy of ___.,God|Parliament|Money,0,,,"The Preamble explicitly states that the Charter is founded on the supremacy of God, establishing a divine basis for Canadian law."
2022,2,multiple_choice,main,,Charter's opening phrase highlights supremacy of God and the:,Rule-of-law|Free market|Monarchy,0,,,"The Charter begins: ""Whereas Canada is founded upon principles that recognize the supremacy of God and the rule of law."""
2023,2,true_false,exercise,2022,The Charter's opening words mention the rule of law.,,true,,,"Yes, the preamble establishes that all persons are governed by the law, which is the core concept of the rule of law."
2024,2,true_false,exercise,2022,The opening phrase highlights religious traditions' importance to Canada.,,true,,,"It does, as the preamble specifically mentions respecting 'religious and cultural traditions.' This shows that while rights are paramount, historical context matters too."
2025,2,multiple_choice,exercise,2022,The Charter's opening phrase underlines the dignity of:,Human person|The Parliament|The provinces,0,,,The Charter explicitly states that the law recognizes the inherent dignity and equality of every human person. This focus on the individual is why 'human person' is correct.
2026,2,select_blank,exercise,2022,No person or group is above the ___.,law|Parliament|King,0,,,"The fundamental principle established by the Charter is that everyone, including government bodies like Parliament or the King, must operate under the rule of law."
2027,2,true_false,preview,2028,Freedom of conscience and religion is a fundamental freedom.,,true,,,Absolutely; this right is explicitly protected and listed as one of our foundational freedoms in the Charter.
2028,2,multiple_choice,main,,Which fundamental freedom protects religious belief?,Religious freedom|Association freedom|Mobility rights,0,,,"Religious freedom is the specific right designed to protect your beliefs and practices, regardless of what they are. Association or mobility rights deal with grouping up or moving around, not belief systems."
2029,2,true_false,exercise,2028,Freedom of conscience and religion is centuries old.,,true,,,"This freedom has deep roots in human history, evolving through various legal and philosophical movements over many centuries."
2030,2,multiple_choice,exercise,2028,Freedom of conscience and religion is a:,Fundamental freedom|Mobility right|Language right,0,,,"It falls under fundamental freedoms because it represents core rights necessary for human dignity, unlike specific rights like mobility or language use."
2031,2,select_blank,exercise,2028,Canadians have freedom of conscience and ___.,religion|taxation|residence,0,,,"The full, established phrase is 'freedom of conscience and religion,' which is a foundational right in Canadian law."
2032,2,true_false,exercise,2028,Freedom of religion was invented by the 1982 Charter.,,false,,,"It is part of an 800-year tradition the Charter summarizes, not a 1982 invention."
2033,2,true_false,preview,2034,Freedom of expression includes freedom of speech and press.,,true,,,This is correct because 'freedom of expression' is a broad umbrella term that encompasses both what you say (speech) and how information is published (press).
2034,2,multiple_choice,main,,"Freedom of thought, belief, opinion and expression includes:",Speech/press|Voting only|Jury duty,0,,,"The core freedoms listed—thought, belief, opinion, and expression—directly encompass both speech and the press. Voting or jury duty are important civic duties, but they aren't what define freedom of expression itself."
2035,2,multi_select,exercise,2034,Which are covered by freedom of expression?,Speech|Press|Opinion|Jury duty,0|1|2,,,"Freedom of expression is a broad concept that protects how we speak (speech), what media outlets can publish (press), and the right to hold internal views (opinion). Jury duty is a civic requirement, not part of expressive freedom."
2036,2,true_false,exercise,2034,Freedom of the press is part of freedom of expression.,,true,,,"Yes, the ability for media to publish and disseminate information (the press) is considered a vital component of overall free expression. It allows ideas to reach the public sphere."
2037,2,select_blank,exercise,2034,Freedom of ___ includes speech and the press.,expression|association|mobility,0,,,"The right to express oneself, which covers both speaking out and having media access, is defined as freedom of expression. Association relates to gathering with others, while mobility refers to movement."
2038,2,true_false,exercise,2034,Freedom of thought and belief is a fundamental freedom.,,true,,,Absolutely; the right to think what you want and hold beliefs without government interference is considered one of the most foundational human rights. This freedom exists even if those thoughts are never spoken aloud.
2039,2,true_false,preview,2040,Freedom of peaceful assembly lets Canadians gather peacefully.,,true,,,That's correct; this freedom specifically protects your right to gather and express yourself peacefully in public spaces.
2040,2,multiple_choice,main,,Freedom of peaceful assembly protects the right to:,Gather peacefully|Vote abroad|Jury service,0,,,"The core protection here is the ability to meet or assemble without fear of government interference, which is separate from voting rights or jury duties."
2041,2,true_false,exercise,2040,Freedom of peaceful assembly is a fundamental freedom.,,true,,,"Yes, it is recognized as a fundamental civil liberty because it allows citizens to exercise collective expression and dissent."
2042,2,multiple_choice,exercise,2040,Peaceful assembly means Canadians can:,Meet/gather|Skip jury|Avoid taxes,0,,,Peaceful assembly strictly means gathering in a non-violent manner; skipping jury duty or avoiding taxes are not protected by this right.
2043,2,select_blank,exercise,2040,Freedom of peaceful ___ is a fundamental freedom.,assembly|taxation|migration,0,,,"The freedom of peaceful assembly is enshrined as a fundamental civil liberty, distinct from laws governing taxation or movement."
2044,2,true_false,preview,2045,Freedom of association lets Canadians join groups freely.,,true,,,This is correct because the right to freedom of association guarantees that Canadians can join or form groups without government interference.
2045,2,multiple_choice,main,,Freedom of association protects the right to:,Join groups|Vote twice|Skip trials,0,,,
2046,2,true_false,exercise,2045,Freedom of association is a fundamental freedom.,,true,,,"Yes, it is a fundamental freedom recognized in Canada's Charter of Rights and Freedoms, protecting people's ability to gather and organize."
2047,2,select_blank,exercise,2045,Freedom of ___ lets people form and join groups.,association|expression|mobility,0,,,Freedom of association is the specific right that protects your ability to join or form groups with others.
2048,2,multiple_choice,exercise,2045,Which is one of Canada's four fundamental freedoms?,Association|Free tuition|Free housing,0,,,"Association is one of the four fundamental freedoms guaranteed by the Charter, while free tuition and housing are not constitutional rights in Canada."
2049,2,true_false,preview,2050,Canada has four fundamental freedoms in its rights tradition.,,true,,,That's right; the Canadian rights tradition establishes four core fundamental freedoms that protect civil liberties.
2050,2,multi_select,main,,Which are among Canada's four fundamental freedoms?,Conscience/religion|Thought/expression|Peaceful assembly|Passport rights,0|1|2,,,"The four fundamental freedoms are protections regarding your inner life and public actions: conscience/religion, thought/expression, peaceful assembly, and association."
2051,2,match_pairs,exercise,2050,Match each fundamental freedom to what it protects.,Conscience and religion↔Personal belief and worship|Thought and expression↔Speech and the press|Peaceful assembly↔Gathering in groups|Association↔Joining organizations,,,,"These pairings correctly define the scope of each freedom; for instance, while 'Thought' is internal, it protects its external expression through speech and the press."
2052,2,categorize,exercise,2050,Sort each item into its correct category.,Freedom of association↔Fundamental Freedom|Freedom of religion↔Fundamental Freedom|Mobility rights↔Charter Right|Official language rights↔Charter Right,,,,"This distinction is key: fundamental freedoms are broad rights (like association), whereas Charter Rights address specific areas like movement or language use."
2053,2,true_false,exercise,2050,Freedom of association is one of the four fundamental freedoms.,,true,,,"That's right; freedom of association is one of the four core, foundational liberties recognized in Canadian law."
2054,2,true_false,preview,2055,Mobility rights let Canadians live anywhere in Canada.,,true,,,Exactly. Mobility rights ensure that Canadians have the ability to move and settle anywhere within Canada without undue restriction.
2055,2,multi_select,main,,Which are part of Mobility Rights?,Live anywhere|Leave freely|Get passport|Vote anywhere,0|1|2,,,"Mobility rights guarantee freedom to move and establish residence anywhere in Canada, including the right to obtain necessary travel documents like a passport. While voting is a political right, the core mobility guarantees focus on physical movement."
2056,2,true_false,exercise,2055,Mobility rights include applying for a passport.,,true,,,"True; the freedom of movement inherent in these rights means you must have the ability to cross borders, which requires documentation like a passport."
2057,2,select_blank,exercise,2055,Canadians can live and work ___ in Canada.,anywhere|nowhere|Ottawa only,0,,,"Mobility rights ensure that you have the fundamental freedom to establish your life and work wherever you choose within Canada, not just in one specific location."
2058,2,true_false,exercise,2055,Mobility rights let Canadians enter and leave the country freely.,,true,,,True; this right guarantees both internal movement across provinces and the ability to leave Canadian territory freely.
2059,2,multiple_choice,exercise,2055,Mobility Rights are found in the:,The Charter|Criminal Code|Immigration Act,0,,,"These fundamental rights are protected by the Charter of Rights and Freedoms, which is Canada's foundational document for civil liberties like freedom of movement."
2060,2,true_false,exercise,2055,Mobility rights restrict Canadians to one province.,,false,,,"Mobility rights are designed to ensure that people can move freely across Canada, not restrict them to a single province."
2061,2,image_choice,exercise,2055,Which icon best represents Mobility Rights?,Passport:document-outline|Handcuffs:lock-closed-outline|Ballot box:checkbox-outline,0,,,"A passport symbolizes freedom of movement and travel, which is exactly what mobility rights are designed to protect across the country."
2062,2,true_false,preview,2063,The Charter protects Aboriginal peoples' treaty rights.,,true,,,"Yes, the Canadian Charter of Rights and Freedoms explicitly includes protections for Aboriginal peoples' existing treaty rights."
2063,2,multiple_choice,main,,The Charter's guarantee for Aboriginal Peoples' Rights means it:,Keeps rights|Removes rights|Replaces treaties,0,,,"The Charter doesn't create new rights or replace agreements; instead, it serves to affirm and protect the Aboriginal peoples' rights already established by treaty or custom."
2064,2,true_false,exercise,2063,Aboriginal Peoples' Rights are named in the Charter.,,true,,,This is correct; the Charter specifically includes provisions recognizing and protecting Aboriginal peoples' rights alongside other fundamental freedoms.
2065,2,select_blank,exercise,2063,The Charter won't reduce Aboriginal treaty or other ___.,rights|taxes|borders,0,,,"The Charter is designed to protect existing Aboriginal rights, meaning it cannot reduce the entitlements established by treaties or otherwise recognized."
2066,2,true_false,exercise,2063,The Charter cancels all Aboriginal treaty rights.,,false,,,"This statement is false because the Charter explicitly recognizes and protects existing Aboriginal and Treaty rights, ensuring they remain in force."
2067,2,multiple_choice,exercise,2063,Aboriginal Peoples' Rights protect:,Treaty rights|Passport rules|Jury duty,0,,,Aboriginal Peoples' Rights are fundamentally about protecting the specific entitlements and agreements outlined in historical treaties. They do not govern general civic duties like jury service.
2068,2,true_false,preview,2069,French and English have equal status in Parliament.,,true,,,"This is true because Canadian law mandates official bilingualism, ensuring that both French and English hold equal standing within government institutions like Parliament."
2069,2,multiple_choice,main,,Official Language Rights give equal status to:,French/English|French only|English only,0,,,The Official Language Rights guarantee that both English and French have equal status across all levels of government. The system requires parity between the two languages.
2070,2,true_false,exercise,2069,Official Language Rights apply throughout the Canadian government.,,true,,,"Official Language Rights are enshrined federally, meaning they govern operations across all levels of Canadian government, not just in specific regions."
2071,2,select_blank,exercise,2069,Canada's two official languages are French and ___.,English|Spanish|Mandarin,0,,,"The two official languages recognized by the Canadian Constitution are French and English, which is a foundational aspect of federal law."
2072,2,multiple_choice,exercise,2069,Minority Language Educational Rights concern:,Minority schooling|Passport fees|Jury selection,0,,,"These rights specifically protect the ability of linguistic minorities to educate their children in their mother tongue, ensuring cultural continuity."
2073,2,true_false,exercise,2069,English and French have equal status only in Quebec.,,false,,,"While Quebec has unique laws, the constitutional framework grants both English and French official status across the entire country."
2074,2,true_false,preview,2075,Multiculturalism is a fundamental part of Canadian identity.,,true,,,Canada officially recognizes and promotes the idea that its national character is built upon the diversity of its many cultures.
2075,2,multiple_choice,main,,Multiculturalism in Canada means Canadians:,Celebrate diversity|Must assimilate|Ignore cultures,0,p08-5.jpeg,,"Multiculturalism means celebrating and embracing the variety of cultures that make up Canada, rather than forcing people to assimilate or ignoring differences."
2076,2,true_false,exercise,2075,Canadians work hard to respect pluralism and live in harmony.,,true,,,This is correct; a core part of Canadian identity involves actively promoting respect for different groups and lifestyles to maintain social harmony.
2077,2,select_blank,exercise,2075,Multiculturalism is a characteristic of Canadian heritage and ___.,identity|law|geography,0,,,"It is considered a fundamental aspect of Canadian identity because it reflects how Canadians view themselves and their history together, not just physical location or law."
2078,2,multiple_choice,exercise,2075,The Charter lists multiculturalism as a:,Key right|Minor detail|Foreign concept,0,,,It's listed as a key right because the Canadian government legally recognizes and protects the value of cultural diversity for all citizens under the Charter.
2079,2,true_false,preview,2080,Canada has no compulsory military service.,,true,,,That's correct; Canada does not require mandatory military service or conscription for its citizens.
2080,2,multi_select,main,,How can Canadians serve in Canada's defence?,Regular Forces|Reserves/militia|Cadets program|Mandatory draft,0|1|2,p09-1.jpeg,,"Canadians have several ways to serve, including active duty in the Regular Forces, part-time service with the Reserves/militia, or through the Cadets program. Mandatory military draft is not a current requirement for Canadian citizens."
2081,2,true_false,exercise,2080,"Canadians can join the navy, army, or air force.",,true,,,"Yes, Canada's armed forces are structured into three main components: the Royal Canadian Navy, the Canadian Army, and the Royal Canadian Air Force."
2082,2,select_blank,exercise,2080,Young people learn discipline and skills through ___.,cadets|customs|jury duty,0,,,"The Cadets program is specifically designed for youth to build discipline, leadership skills, and knowledge of military procedures in a structured environment."
2083,2,multiple_choice,exercise,2080,"Besides the military, Canadians can serve their community as:",Police/firefighters|Foreign soldiers|Nothing else,0,,,Community safety services like police officers and firefighters are essential forms of public service that protect the population without being part of the formal military structure.
2084,2,true_false,exercise,2080,Canada requires all citizens to complete military service.,,false,,,"No, mandatory military service is not a requirement for Canadian citizenship; participation in the armed forces remains voluntary."
2085,2,true_false,exercise,2080,Members of the Canadian Forces greet each other in service.,,true,p09-2.jpeg,,"Yes, there are specific protocols for how members of the Canadian Forces acknowledge each other when they are on duty or in service."
2086,2,media_card,exercise,2080,This uniform belongs to the Canadian:,Air Force|Coast Guard|Police,0,p09-3.jpeg,,The style and insignia visible in this photo are characteristic of the Royal Canadian Air Force.
2087,2,true_false,preview,2088,Men and women are equal under Canadian law.,,true,,,"Yes, the Canadian Charter of Rights and Freedoms guarantees that all individuals are treated equally regardless of gender."
2088,2,multiple_choice,main,,Canadian law treats men and women as:,Fully equal|Unequal|Separate classes,0,,,"Canadian law establishes that all citizens are fully equal under the law, meaning there is no separate class status based on gender."
2089,2,true_false,exercise,2088,Canada's criminal laws punish spousal abuse severely.,,true,,,"Yes, Canadian law takes domestic and spousal abuse very seriously, with criminal charges carrying severe penalties to protect victims."
2090,2,multi_select,exercise,2088,Which practices does Canadian law punish severely?,Forced marriage|Honour killings|Voting|Genital mutilation,0|1|3,,,"Canadian law severely punishes practices that violate fundamental human rights or bodily autonomy, such as forced marriage, honour killings, and genital mutilation. Voting is a right protected by law, not a punishable practice."
2091,2,select_blank,exercise,2088,Canada's openness does not extend to ___ cultural practices.,barbaric|diverse|modern,0,,,"While Canada celebrates cultural diversity, its legal system does draw a line at practices that are deemed inhumane or harmful to human rights, which are often labeled as barbaric."
2092,2,true_false,exercise,2088,Gender-based violence is tolerated under Canadian law.,,false,,,This statement is false; gender-based violence is a serious criminal offense and is strictly prohibited under Canadian law.
2093,2,true_false,preview,2094,Obeying the law is a citizenship responsibility.,,true,,,That's correct. Obeying the laws of the land and respecting civic responsibilities are core expectations of citizenship in Canada.
2094,2,multiple_choice,main,,Obeying the law means no person or group is:,Above law|Vote-exempt|Must serve,0,,,"The concept of 'rule of law' means that everyone, whether they are powerful or ordinary citizens, is subject to and accountable under the law; no one is above it."
2095,2,true_false,exercise,2094,"Individuals and governments are regulated by laws, not arbitrary actions.",,true,,,"This is the core concept of the rule of law—that no one, including those in power, is above the law. Actions must be based on established legal frameworks, not personal whims."
2096,2,select_blank,exercise,2094,Obeying the law is a citizenship ___.,responsibility|hobby|privilege only,0,,,It is fundamentally a civic responsibility because being a good citizen requires adhering to the rules that keep society orderly and functional.
2097,2,multiple_choice,exercise,2094,The rule of law is a founding principle of:,Canada|One province|No government,0,,,"The rule of law is foundational to Canadian democracy, ensuring that all citizens and the government are subject to equally applied laws."
2098,2,true_false,preview,2099,Taking care of your family is a citizenship responsibility.,,true,,,"Yes, maintaining and supporting one's immediate family unit is widely recognized as a primary social and civic responsibility that contributes to the stability of society."
2099,2,multiple_choice,main,,Taking responsibility for oneself and family includes:,Finding work|Avoiding work|Others' support,0,,,"The most direct way to take care of yourself and your family is through personal effort, such as finding employment, which provides necessary financial stability."
2100,2,true_false,exercise,2099,Work contributes to personal dignity and self-respect.,,true,,,"Work provides more than just income; it gives people a sense of purpose, routine, and accomplishment that are fundamental to feeling dignified and respected."
2101,2,select_blank,exercise,2099,Working hard contributes to Canada's ___.,prosperity|isolation|debt,0,,,"A strong work ethic is the engine behind economic growth, directly contributing to Canada's overall prosperity. Isolation or debt would be the opposite result."
2102,2,multiple_choice,exercise,2099,Self-reliance in Canada reflects important:,Canadian values|Foreign customs|Legal loopholes,0,,,"Self-reliance is considered a core tenet of Canadian culture and values, reflecting an expectation that citizens take responsibility for themselves and their communities."
2103,2,true_false,preview,2104,Citizens must serve on a jury when called.,,true,,,Serving on a jury is viewed as a fundamental civic duty; all eligible citizens are expected to participate when called upon by law.
2104,2,multiple_choice,main,,Serving on a jury when called is:,Legally required|Optional|Lawyers only,0,,,"Because it is considered a vital component of the justice system, serving on a jury is legally required for most able-bodied citizens."
2105,2,true_false,exercise,2104,Impartial juries made up of citizens make justice work.,,true,,,
2106,2,select_blank,exercise,2104,Jury service is a ___ that supports justice.,privilege|punishment|business,0,,,"Serving on a jury is considered a civic privilege because it allows citizens to actively participate in upholding justice, rather than being merely forced into the process or treated as a business."
2107,2,multiple_choice,exercise,2104,Jury duty depends on citizens being:,Impartial|Wealthy|Lawyers,0,,,The core requirement for jury duty is impartiality; jurors must be unbiased individuals so they can fairly weigh evidence without personal stake or prejudice.
2108,2,true_false,preview,2109,The right to vote comes with a responsibility.,,true,,,"Yes, exercising your right to vote is seen as a fundamental civic responsibility because it requires you to stay informed and participate in shaping your community's future."
2109,2,multiple_choice,main,,Citizens are responsible for voting in:,All levels|Federal only|No elections,0,,,"Responsible citizenship means engaging at every level of government—local, state, and federal—because decisions made anywhere affect your daily life."
2110,2,true_false,exercise,2109,"Voting is a citizenship responsibility, not just a right.",,true,,,"While it is legally your right to vote, society views participation as a responsibility because collective action from citizens is necessary for democracy to function properly."
2111,2,select_blank,exercise,2109,"Voting applies to federal, provincial, and ___ elections.",local|foreign|no,0,,,"Voting rights generally cover all levels of government, including municipal or local elections, in addition to federal and provincial ones."
2112,2,multiple_choice,exercise,2109,Which elections does the voting responsibility cover?,All levels|School only|Party only,0,,,"Voting responsibilities are comprehensive and apply to all levels of government, from local councils up through federal elections."
2113,2,true_false,preview,2114,Millions of Canadians volunteer to help others.,,true,,,
2114,2,multiple_choice,main,,Helping others in the community can include:,Food banks|Refusing help|Ignoring neighbours,0,p09-4.jpeg,,"Contributing to local organizations like food banks is a direct way to help your community, while refusing or ignoring people isn't helpful at all."
2115,2,true_false,exercise,2114,Volunteering helps newcomers integrate into Canada.,,true,,,"Yes, volunteering connects you with people and gives you experience, which are key components of integrating into Canadian life."
2116,2,select_blank,exercise,2114,Volunteering helps you gain skills and develop ___.,friends/contacts|debt|paperwork,0,,,"By volunteering, you build a valuable network of professional connections and friendships that can benefit you long after the activity is over."
2117,2,multiple_choice,exercise,2114,Assisting at your child's school is an example of:,Helping others|Jury duty|Mobility rights,0,,,"Volunteering at a school is a direct act of giving time and effort to support others, which defines helping others. Jury duty or mobility rights refer to specific legal duties or freedoms, not general community assistance."
2118,2,true_false,preview,2119,Every citizen helps protect Canada's environment.,,true,,,Environmental protection is a shared responsibility; every citizen has a role to play in conserving resources and protecting the planet.
2119,2,multiple_choice,main,,Protecting heritage and environment means avoiding:,Waste/pollution|Voting|Jury duty,0,p09-6.jpeg,,"The main goal of environmental stewardship is minimizing harm, so avoiding waste and pollution is essential. Voting or jury duty are civic responsibilities, not things you avoid when doing your part for the environment."
2120,2,true_false,exercise,2119,"Canadians should protect natural, cultural, and architectural heritage.",,true,,,"It is important to protect all forms of heritage—natural sites, cultural traditions, and buildings—because they collectively define our history and identity as a society."
2121,2,select_blank,exercise,2119,Protecting heritage benefits ___ generations.,future|no|only past,0,,,We preserve natural resources and historical knowledge specifically so that future generations can benefit from them and learn from the past.
2122,2,multiple_choice,exercise,2119,This responsibility protects Canada's:,Natural heritage|Its borders|Its economy,0,,,"The term 'natural heritage' specifically refers to protecting the environment, wildlife, and natural resources of Canada."
3001,3,select_blank,preview,3002,"Canada's founding peoples are Aboriginal, French, and ___.",British|Spanish|Dutch|Russian,0,,,"Canada’s founding peoples are generally recognized as Aboriginal, French, and British, representing the three main cultural pillars of the nation."
3002,3,multi_select,main,,Which are Canada's three founding peoples?,Aboriginal|French|British|Spanish,0|1|2,,,"Canada's identity rests on three founding peoples: Aboriginal, French, and British."
3003,3,true_false,exercise,3002,French people are one of Canada's founding peoples.,,true,,,"Yes, the French presence is absolutely foundational to Canada's identity, particularly in Quebec."
3004,3,true_false,exercise,3002,Spanish settlers are one of Canada's founding peoples.,,false,,,Spanish settlers are not one of Canada's three founding peoples.
3005,3,multiple_choice,exercise,3002,Which is NOT a founding people of Canada?,Aboriginal|French|British|Dutch,3,,,"The three main founding groups are Aboriginal, French, and British; while many European cultures were present, the Dutch are not counted among the core founders."
3006,3,select_blank,exercise,3002,British is a founding people alongside Aboriginal and ___.,French|Dutch|Spanish|Russian,0,,,"The historical narrative of Canada is built upon the interaction between Indigenous peoples, the French settlers, and the British colonists."
3007,3,true_false,exercise,3002,Aboriginal peoples are one of Canada's founding peoples.,,true,,,"True; Indigenous peoples were here long before any European arrival, making them fundamental to the nation's history and culture."
3016,3,select_blank,preview,3017,Canada is the ___ constitutional monarchy in North America.,only|second|newest|largest,0,,,Only because Canada's system of governance—a constitutional monarchy—is unique among its neighbors in North America.
3017,3,multiple_choice,main,,What kind of monarchy is Canada in North America?,Only one|Several kinds|Newest one|Smallest one,0,,,Canada holds the oldest continuous constitutional tradition in the world and is the only constitutional monarchy in North America.
3018,3,select_blank,exercise,3017,"Canada's ___ document holds ""Peace, Order and Good Government.""",1867 constitutional|1980s trade|2008 apology|1763 treaty,0,,,"The phrase comes from the British North America Act of 1867, Canada's original constitutional document."
3019,3,true_false,exercise,3017,The British North America Act was signed in 1867.,,true,,,"That's correct; this pivotal act established the framework for Canadian Confederation, leading to the creation of the Dominion."
3020,3,select_blank,exercise,3017,"Poets and songwriters called Canada the ""Great ___.""",Dominion|Republic|Empire|Kingdom,0,,,"They referred to it as the Great Dominion, a title that reflected its status as a self-governing entity within the British Empire."
3021,3,true_false,exercise,3017,Canada has the newest constitutional tradition in the world.,,false,,,Canada actually has the oldest continuous constitutional tradition in the world.
3022,3,select_blank,exercise,3017,Canadians built prosperity through hard work and fair ___.,play|luck|force|chance,0,,,"The word 'play' here refers to the opportunity for success based on merit and effort, rather than simply luck or external force."
3031,3,true_false,preview,3032,Aboriginal peoples' ancestors migrated from Asia long ago.,,true,,,"Yes, archaeological evidence strongly supports that ancestral populations moved into Australia from Southeast Asia over millennia."
3032,3,multiple_choice,main,,Where did Aboriginal peoples' ancestors migrate from?,Asia|Europe|Africa|Australia,0,p10-cree-dancer.jpeg,,"Their ancestors are believed to have migrated from Asia thousands of years ago, well before European explorers arrived."
3033,3,multiple_choice,exercise,3032,When did Aboriginal peoples arrive relative to Europeans?,Before Europeans|After Europeans|Same time|Unknown,0,,,They were well established here long before explorers from Europe first arrived.
3034,3,select_blank,exercise,3032,First Nations cultures were rooted in beliefs about ___.,Creator|stock market|railway|monarchy,0,,,Their foundational belief systems centered on the spiritual role of a creator being responsible for life and existence.
3035,3,select_blank,exercise,3032,First Nations beliefs centred on the ___ and nature.,Creator|government|economy|military,0,p10-bill-reid-totem-pole.jpeg,,"The concept of a supreme Creator was intrinsically linked to the natural world, giving spiritual meaning to everything around them."
3036,3,true_false,exercise,3032,Diverse First Nations cultures existed before Europeans arrived.,,true,,,"Absolutely; the continent was home to hundreds of distinct nations, each with unique languages and customs long before European arrival."
3046,3,true_false,preview,3047,King George III issued the Royal Proclamation of 1763.,,true,,,That's right; the Proclamation was a major British effort to manage colonial expansion and protect Indigenous lands.
3047,3,multiple_choice,main,,Who issued the Royal Proclamation of 1763?,George III|Charles III|Queen Victoria|George V,0,,,The Royal Proclamation of 1763 first guaranteed Aboriginal territorial rights and became the basis for negotiating treaties with newcomers.
3048,3,select_blank,exercise,3047,The Royal Proclamation of 1763 guaranteed Aboriginal ___ rights.,territorial|voting|trading|banking,0,,,"The Proclamation was a major attempt to manage colonial expansion by reserving unceded territories for First Nations, thus guaranteeing their territorial rights."
3049,3,true_false,exercise,3047,Treaties negotiated after 1763 were always fully respected.,,false,,,The book notes these treaties were not always fully respected.
3050,3,true_false,exercise,3047,Aboriginal and treaty rights are in the Canadian Constitution.,,true,,,"Yes, they were explicitly recognized under Section 35 of the Constitution Act, 1982, making them constitutionally protected rights."
3051,3,multiple_choice,exercise,3047,What did the Royal Proclamation establish the basis for?,Negotiating treaties|Building railways|Founding cities|Printing money,0,,,"The Proclamation established a framework that required formal agreements with Indigenous groups, which meant treaty negotiations became the primary method of managing land and relations."
3061,3,select_blank,preview,3062,Aboriginal children were once sent to residential ___.,schools|farms|factories|ships,0,,,"These institutions, known as residential schools, were designed by the government and church for the purpose of forcibly assimilating Indigenous children into Euro-Canadian culture."
3062,3,multiple_choice,main,,From when to when did residential schools operate?,1800s-1980s|1600s-1700s|1900s-1920s|1950s-1960s,0,,,"The federal government placed many Aboriginal children in poorly funded residential schools meant to assimilate them, and formally apologized in 2008."
3063,3,select_blank,exercise,3062,"In residential schools, Aboriginal languages were mostly ___.",prohibited|taught|celebrated|recorded,0,,,"Assimilation policies actively banned the use of Indigenous languages, making it a criminal offense for students to speak their native tongues on campus."
3064,3,true_false,exercise,3062,Ottawa formally apologized to residential school students in 2008.,,true,,,"Yes, Ottawa formally apologized for the residential school system in 2008, acknowledging the profound harm done to Indigenous peoples."
3065,3,multiple_choice,exercise,3062,What was the goal of residential schools?,Assimilation|Trade skills|Farming|Exploration,0,,,"The core goal was forced assimilation, meaning the government intended to eradicate Indigenous cultures and absorb them into mainstream Canadian society. The schools were not designed for general trade or exploration."
3066,3,true_false,exercise,3062,Residential schools were well funded and gentle.,,false,,,"They were poorly funded and inflicted hardship, including physical abuse."
3076,3,true_false,preview,3077,Aboriginal peoples today have made achievements in the arts.,,true,,,"Absolutely; Aboriginal peoples are highly recognized and successful artists across many different mediums today, showcasing incredible talent."
3077,3,multi_select,main,,In what areas have Aboriginal peoples made achievements today?,Agriculture|The arts|Business|Space travel,0|1|2,p10-bill-reid-totem-pole.jpeg,,"Today's Aboriginal peoples enjoy renewed pride and confidence, with achievements in agriculture, the environment, business, and the arts."
3078,3,select_blank,exercise,3077,Aboriginal peoples today enjoy renewed pride and ___.,confidence|debt|conflict|silence,0,,,"The focus of modern Indigenous communities is on rebuilding self-esteem, making 'confidence' the correct word to pair with renewed pride. Debt or conflict would contradict this positive movement."
3079,3,select_blank,exercise,3077,Aboriginal achievements today include the environment and ___.,business|space travel|mining laws|shipping,0,,,"Indigenous achievements are broad and include significant success in establishing businesses across various sectors. While they have expertise everywhere, 'business' is the most accurate general category for their modern economic contributions."
3080,3,true_false,exercise,3077,Aboriginal peoples have made no modern achievements.,,false,,,"They have made significant achievements in agriculture, environment, business, and the arts."
3091,3,true_false,preview,3092,"""Aboriginal peoples"" refers to three distinct groups.",,true,,,"Yes, historically and culturally, Aboriginal peoples are understood as comprising three separate but related groups: First Nations, Inuit, and Métis."
3092,3,match_pairs,main,,Match each Aboriginal group to its population share.,First Nations:About 65%|Métis:About 30%|Inuit:About 4%,,,,"The term Aboriginal peoples covers First Nations (about 65%), Métis (about 30%), and Inuit (about 4%)."
3093,3,true_false,exercise,3092,Inuit make up the largest share of Aboriginal peoples.,,false,,,"First Nations make up the largest share, at about 65%."
3094,3,multiple_choice,exercise,3092,Which group is about 30% of Aboriginal peoples?,Métis|Inuit|First Nations|Acadian,0,,,"The Métis people make up roughly 30% of the population. While all groups are significant, this percentage correctly identifies the proportion of the Métis community."
3095,3,select_blank,exercise,3092,About 65% of Aboriginal people are ___ ___.,First Nations|Métis people|Inuit citizens|Quebec settlers,0,,,"First Nations peoples constitute the largest demographic group, making up approximately 65% of the Aboriginal population overall."
3096,3,true_false,exercise,3092,"The three Aboriginal groups are First Nations, Inuit, and Métis.",,true,,,"This is correct; these three distinct identities—First Nations, Inuit, and Métis—are recognized as the primary Aboriginal peoples of Canada."
3106,3,true_false,preview,3107,"The term ""First Nations"" began being used in the 1970s.",,true,,,"That's right. The term 'First Nations' gained significant visibility and usage during the 1970s, marking a period of increased self-identification and political recognition for the group."
3107,3,multiple_choice,main,,"What does ""Indian"" exclude in this term?","Inuit, Métis|French settlers|British settlers|Nothing",0,,,Indian refers to all Aboriginal people who are not Inuit or Métis; the term First Nations came into use in the 1970s.
3108,3,select_blank,exercise,3107,About half of First Nations people live on ___.,reserve|rented|foreign|company,0,,,"The majority of First Nations people reside on reserves, which are designated lands set aside for them."
3109,3,multiple_choice,exercise,3107,About how many First Nations reserve communities exist?,"About 600|About 60|About 6,000|About 6",0,,,"There are roughly 600 reserve communities across Canada, making 'About 600' the correct estimate. Six thousand is far too high an estimate."
3110,3,multiple_choice,exercise,3107,Where do off-reserve First Nations people mainly live?,Urban centres|Farmland|Islands|Mountains,0,,,"Most off-reserve First Nations people live in urban centers, following general population trends and economic opportunities."
3111,3,true_false,exercise,3107,All First Nations people live on reserve land.,,false,,,"About half live on reserve land, while the other half live off-reserve."
3121,3,true_false,preview,3122,"""Inuit"" means ""the people"" in Inuktitut.",,true,,,That's correct; 'Inuit' literally translates to 'the people' in the Inuktitut language.
3122,3,multiple_choice,main,,"What does the word ""Inuit"" mean?",The people|The hunters|The northerners|The elders,0,p10-inuit-children-iqaluit.jpeg,,"Inuit means ""the people"" in the Inuktitut language, and Inuit live in small scattered communities across the Arctic."
3123,3,select_blank,exercise,3122,Inuit live in small communities across the ___.,Arctic|Prairies|Maritimes|Rockies,0,,,"The Inuit are traditionally associated with the Arctic region, which is their primary habitat."
3124,3,true_false,exercise,3122,Inuit knowledge of land and sea aided Arctic survival.,,true,p10-inuit-children-iqaluit.jpeg,,"Indigenous knowledge of the Arctic environment was absolutely crucial for survival, allowing people to navigate and hunt effectively."
3125,3,multiple_choice,exercise,3122,"What language does the word ""Inuit"" come from?",Inuktitut|Michif|Gaelic|Cree,0,,,"The term 'Inuit' is derived from Inuktitut, which is one of the languages spoken by the Inuit peoples of the Arctic region."
3126,3,true_false,exercise,3122,Inuit communities are large and centrally located.,,false,,,"Inuit live in small, scattered communities across the Arctic."
3136,3,true_false,preview,3137,The Métis have mixed Aboriginal and European ancestry.,,true,,,That's right; Métis culture and identity are defined by their mixed ancestry combining Indigenous and European roots.
3137,3,multiple_choice,main,,What describes the Métis people?,Aboriginal-European ancestry|French ancestry|British ancestry|Inuit ancestry,0,p10-metis-alberta.jpeg,,"The Métis are a distinct people of mixed Aboriginal and European ancestry who speak their own dialect, Michif."
3138,3,select_blank,exercise,3137,Most Métis people live in the ___ provinces.,Prairie|Atlantic|Northern|Pacific,0,,,"The majority of Métis communities historically settled in the Prairie provinces, which is where much of their traditional life was centered."
3139,3,select_blank,exercise,3137,Métis people speak their own dialect called ___.,Michif|Inuktitut|Gaelic|Cree,0,,,"Michif is the specific dialect spoken by many Métis people, distinguishing it from other Indigenous languages like Inuktitut."
3140,3,multiple_choice,exercise,3137,Métis come from which speaking backgrounds?,"French, English|Spanish, Dutch|German, Italian|Chinese, Ukrainian",0,,,"The Métis people are historically descended from a mix of Indigenous peoples and early European settlers, primarily French and English, which shaped their unique culture."
3141,3,true_false,exercise,3137,Métis people have no distinct dialect of their own.,,false,,,"Métis people speak their own dialect, Michif."
3151,3,select_blank,preview,3152,English and French are Canada's ___ languages.,official|only|banned|foreign,0,,,"They are recognized by law as the two official languages of Canada, ensuring government services and rights in both tongues."
3152,3,multiple_choice,main,,What are Canada's two official languages?,"English, French|English, Spanish|French, German|English, Chinese",0,,,"English and French are Canada's official languages, and the federal government must provide services in both throughout the country."
3153,3,select_blank,exercise,3152,The federal government provides services in English and ___.,French|Spanish|Italian|Mandarin,0,,,"Due to Canada's constitutional commitment to bilingualism, the federal government must provide services in both English and French."
3154,3,multiple_choice,exercise,3152,Canadian society stems largely from which civilizations?,"English, French|Spanish, Dutch|German, Italian|Chinese, Japanese",0,,,"The foundational history and major cultural influences on Canadian society come from the early European settlers, primarily English and French."
3155,3,multiple_choice,exercise,3152,Who is required to serve Canadians in both languages?,Federal government|Local shops|Foreign embassies|Private clubs,0,,,"Only the federal government is legally mandated to operate bilingually, meaning it must provide services and information in both official languages."
3156,3,true_false,exercise,3152,The federal government only offers services in English.,,false,,,By law it must offer services throughout Canada in both English and French.
3166,3,true_false,preview,3167,Canada has more Anglophones than Francophones.,,true,,,"Yes, statistically, there are more people who speak English as their first language than those whose first language is French."
3167,3,multiple_choice,main,,About how many Anglophones live in Canada today?,18 million|7 million|3 million|25 million,0,,,"Canada has about 18 million Anglophones and seven million Francophones, with most Francophones living in Quebec."
3168,3,select_blank,exercise,3167,Seven million Canadians speak ___ as a first language.,French|English|Spanish|Mandarin,0,,,"While English speakers are the largest group overall, seven million is the commonly cited figure for Canadians whose first language is French."
3169,3,select_blank,exercise,3167,Most Francophones live in the province of ___.,Quebec|Ontario|Alberta|Yukon,0,,,"By far, the majority of Francophones in Canada reside within the province of Quebec."
3170,3,multi_select,exercise,3167,Which provinces have many Francophones outside Quebec?,Ontario|New Brunswick|Manitoba|Alberta,0|1|2,,,"New Brunswick is famously bilingual, but you also find substantial Francophone communities in parts of Ontario and Manitoba."
3171,3,true_false,exercise,3167,About one million Francophones live outside Quebec.,,true,,,"That figure is accurate; while Quebec holds the bulk, there are indeed roughly a million French speakers across other provinces."
3181,3,true_false,preview,3182,New Brunswick is Canada's only officially bilingual province.,,true,,,
3182,3,multiple_choice,main,,Which province is officially bilingual?,New Brunswick|Ontario|Quebec|Manitoba,0,,,New Brunswick is the only officially bilingual province in Canada.
3183,3,select_blank,exercise,3182,New Brunswick is the only officially ___ province.,bilingual|coastal|northern|prairie,0,,,
3184,3,true_false,exercise,3182,Quebec is Canada's only officially bilingual province.,,false,,,"New Brunswick, not Quebec, is the only officially bilingual province."
3185,3,true_false,exercise,3182,No Canadian province is officially bilingual.,,false,,,New Brunswick is officially bilingual.
3196,3,select_blank,preview,3197,Acadians began settling the Maritimes in ___.,1604|1755|1867|1930,0,,,
3197,3,multiple_choice,main,,When did Acadian settlement of the Maritimes begin?,1604|1755|1867|1930,0,p11-acadian-fiddler.jpeg,,Acadians are descendants of French colonists who began settling the Maritime provinces in 1604.
3198,3,select_blank,exercise,3197,"Between 1755 and 1763, Acadians were ___.",deported|welcomed|promoted|elected,0,p11-acadian-fiddler.jpeg,,
3199,3,true_false,exercise,3197,"The forced removal of Acadians is called the ""Great Upheaval.""",,true,,,
3200,3,order,exercise,3197,Order these Acadian history events.,French colonists settle the Maritimes in 1604|More than two-thirds are deported (1755-1763)|Acadian culture flourishes today,,,,"The correct order follows the timeline: initial settlement in 1604, followed by the forced deportation during the British conquest (1755-1763), and concluding with the continued existence of their culture today."
3201,3,true_false,exercise,3197,Acadian culture disappeared after the Great Upheaval.,,false,,,"Acadians survived, maintained their identity, and Acadian culture flourishes today."
3202,3,multiple_choice,exercise,3197,More than what fraction of Acadians were deported?,Two-thirds|One-tenth|Half|One-quarter,0,,,The deportation was a massive event that removed more than two-thirds of the original population; options like one-half or one-quarter significantly underestimate the scale of this historical removal.
3211,3,select_blank,preview,3212,Most Quebecers are ___-speaking.,French|English|Spanish|German,0,,,"Given Quebec's deep historical roots and cultural makeup, most residents speak French, making it the dominant language in the province."
3212,3,multiple_choice,main,,Who are most Quebecers descended from?,French settlers|British Loyalists|Acadian refugees|Ukrainian pioneers,0,p11-fete-nationale-gatineau.jpeg,,"Most Quebecers descend from 8,500 French settlers of the 1600s and 1700s and maintain a unique identity, culture, and language."
3213,3,select_blank,exercise,3212,"In 2006, the Commons called Quebecois a ___.",nation-within-Canada|separate country|foreign state|new province,0,,,The Commons used this specific terminology to acknowledge that Quebecois represents a distinct political and cultural identity while remaining within Canada's framework.
3214,3,select_blank,exercise,3212,The Commons recognized Quebecois nationhood in ___.,2006|1867|1763|1990,0,,,"This year marks the point when the federal government formally acknowledged the unique status and identity of the Quebecois people, which is key to understanding modern Canadian politics."
3215,3,true_false,exercise,3212,Quebecers descend mainly from English settlers.,,false,,,"Most Quebecers descend from 8,500 French settlers of the 1600s and 1700s."
3216,3,multiple_choice,exercise,3212,What does Quebec's National Day celebrate?,Fête Nationale|Canada Day|Thanksgiving|Victoria Day,0,p11-fete-nationale-gatineau.jpeg,,"It celebrates Quebec's own national identity, which is why it’s called Fête Nationale. Canada Day marks Confederation, while Thanksgiving and Victoria Day celebrate different historical events."
3226,3,true_false,preview,3227,Anglo-Quebecers have a heritage of 250 years in Quebec.,,true,,,"That's correct; they have deep roots in the province, tracing back several centuries to early settlement patterns."
3227,3,multiple_choice,main,,About how many Anglo-Quebecers live in Quebec?,One million|Ten thousand|Five million|100 thousand,0,,,"About one million Anglo-Quebecers, with a 250-year heritage, form a vibrant part of the Quebec fabric."
3228,3,select_blank,exercise,3227,Anglo-Quebecers form a vibrant part of the Quebec ___.,fabric|border|army|court,0,,,"'Fabric' is used here as a metaphor, meaning they are an integral and colorful component woven into the overall social structure of Quebec."
3229,3,true_false,exercise,3227,Anglo-Quebecers have no long-standing history in Quebec.,,false,,,They have a heritage of 250 years in the province.
3230,3,true_false,exercise,3227,Anglo-Quebecers are part of Quebec's English-speaking population.,,true,,,"Yes, they constitute a significant and established portion of the province’s English-speaking community."
3241,3,true_false,preview,3242,John Buchan was a Governor General of Canada.,,true,,,"That is accurate; he held the high office of Governor General, making him an important figure in Canadian history."
3242,3,multiple_choice,main,,Who was Governor General of Canada 1935-1940?,John Buchan|George III|Bill Reid|Marjorie Turner-Bailey,0,p11-tweedsmuir-portrait.jpeg,,"John Buchan, the 1st Baron Tweedsmuir, was Governor General from 1935-40 and championed unity in diversity among immigrant groups."
3243,3,select_blank,exercise,3242,Tweedsmuir said immigrant groups should retain their ___.,individuality|silence|isolation|old passports,0,,,"Tweedsmuir argued that for successful integration, immigrant groups must maintain their unique cultural identity rather than losing it or becoming isolated."
3244,3,true_false,exercise,3242,Tweedsmuir was Canada's 15th Governor General.,,true,p11-tweedsmuir-portrait.jpeg,,"This is correct; he held that specific high office, making him a significant figure in Canadian colonial history."
3245,3,media_card,exercise,3242,What does this photo show?,Tweedsmuir in Blood headdress|A hockey game|A courtroom scene|A harvest festival,0,p11-tweedsmuir-portrait.jpeg,,The 15th Governor General is shown in Blood (Kainai First Nation) headdress.
3246,3,true_false,exercise,3242,Tweedsmuir believed immigrants should erase their old traditions entirely.,,false,,,He said groups should keep their own loyalties while also embracing a shared new one.
3256,3,true_false,preview,3257,"English, Welsh, Scottish, and Irish settlers built English Canada.",,true,,,That's right; these British Isles groups were instrumental in establishing the culture and population base of what became English Canada.
3257,3,multi_select,main,,Which groups built English Canada's way of life?,English|Scottish|Irish|Aboriginal,0|1|2,p11-highland-dancer-glengarry.jpeg,,"Hundreds of thousands of English, Welsh, Scottish, and Irish settlers, soldiers, and migrants built English-speaking Canada from the 1600s to the 20th century."
3258,3,select_blank,exercise,3257,Anglophones are generally referred to as ___ Canadians.,English|French|Metis|Acadian,0,,,"While they may have diverse backgrounds, the general term used for people whose primary language is English in Canada is simply ""English"" Canadians."
3259,3,true_false,exercise,3257,These settlers arrived only in the 1600s and nowhere after.,,false,,,They kept arriving from the 1600s all the way through the 20th century.
3260,3,multiple_choice,exercise,3257,Who laid the foundations of English-speaking Canada?,British-origin pioneers|Only Acadians|Only Quebecers|Only Inuit,0,p11-highland-dancer-glengarry.jpeg,,"The initial establishment and cultural framework for English Canada were built by settlers originating from Britain. Acadians, Quebecers, or Inuit groups represent other important cultures but not the primary foundation of *English*-speaking Canada."
3271,3,select_blank,preview,3272,Newcomers must embrace Canada's rule of ___.,law|thumb|force|hand,0,,,"Canada operates under the rule of law, which means that every person and institution is subject to the legal system. This ensures that no one can be ruled by arbitrary force or personal decree."
3272,3,multiple_choice,main,,What principle must newcomers embrace when becoming Canadian?,Rule-of-law|Old grudges|Extreme views|Hidden past,0,,,"In becoming Canadian, newcomers are expected to embrace democratic principles such as the rule of law, regardless of past experiences with conflict."
3273,3,true_false,exercise,3272,Past experiences of warfare justify bringing hateful prejudices to Canada.,,false,,,The book states such experiences do not justify bringing violent or hateful prejudices.
3274,3,select_blank,exercise,3272,Newcomers are expected to embrace ___ principles.,democratic|military|corporate|monarchic,0,,,"As a democracy, Canada's core principles revolve around self-governance and citizen rights, which newcomers are expected to respect. This is fundamentally different from military or monarchic systems."
3275,3,true_false,exercise,3272,Some Canadians immigrate from places with warfare or conflict.,,true,,,"True; many people immigrate to Canada specifically because they are fleeing instability, violence, or conflict in their home countries."
3276,3,multiple_choice,exercise,3272,What must newcomers leave behind when becoming Canadian?,Violent prejudices|Their language|Their religion|Their family,0,,,"While you keep your culture and faith, becoming Canadian requires abandoning any violent prejudices or discriminatory attitudes toward others. These negative beliefs are what the country expects people to leave behind."
3286,3,true_false,preview,3287,Most Canadians were born in Canada.,,true,,,"True; while immigration is vital for growth, the majority of Canadians who identify as such were actually born within Canada's borders."
3287,3,multiple_choice,main,,Since when has the majority of Canadians been born?,The 1800s|The 1600s|The 1990s|The 1500s,0,p12-celebration-cultures-edmonton.jpeg,,"The majority of Canadians were born in this country, true since the 1800s, though Canada is still often called a land of immigrants."
3288,3,select_blank,exercise,3287,Newcomers helped build and ___ Canada.,defend|forget|abandon|isolate,0,p13-chinese-canadian-war-veterans.jpeg,,"Newcomers helped build up and protect the nation, so 'defend' is the correct word here. The other options suggest actions that would undermine a country rather than contribute to it."
3289,3,true_false,exercise,3287,"Canada is often called a ""land of immigrants.""",,true,p12-caribbean-festival-toronto.jpeg,,"This nickname reflects Canada's deep history of welcoming people from all over the world, making immigration central to its national identity and culture."
3290,3,true_false,exercise,3287,No newcomers arrived in Canada in 200 years.,,false,,,Millions of newcomers have arrived over the past 200 years.
3301,3,select_blank,preview,3302,Chinese is among Canada's largest ethnic ___.,groups|colors|flags|coins,0,,,"When discussing populations, we refer to ethnic groups, which are defined by shared culture or ancestry. The other options describe physical objects that don't apply to people."
3302,3,multi_select,main,,Which are among Canada's largest ethnic groups?,Chinese|Ukrainian|Italian|Russian,0|1|2,p12-ukrainian-pysanka-festival.jpeg,,"The largest groups include English, French, Scottish, Irish, German, Italian, Chinese, Aboriginal, Ukrainian, Dutch, South Asian, and Scandinavian."
3303,3,select_blank,exercise,3302,"Since the 1970s, most immigrants come from ___ countries.",Asian|European|African|South American,0,,,"Over the last few decades, Canada's immigration patterns have shifted significantly, with a majority of new arrivals originating from Asian countries."
3304,3,multiple_choice,exercise,3302,Which is among Canada's largest ethnic groups?,South Asian|Antarctic|Martian|Amazonian,0,,,"Due to recent global migration trends, people from South Asia now constitute one of Canada's largest and fastest-growing ethnic communities."
3305,3,multiple_choice,exercise,3302,"Since the 1970s, immigration has shifted toward which continent?",Asia|Europe|Africa|Antarctica,0,,,"Since the 1970s, global migration patterns have seen a significant shift in origin countries toward various nations across Asia."
3306,3,true_false,exercise,3302,Irish is one of Canada's largest ethnic groups.,,true,p11-st-patricks-day-montreal.jpeg,,"Yes, due to historical settlement patterns and community size, the Irish remain one of Canada's largest and most visible ethnic groups."
3307,3,true_false,exercise,3302,"Polish dancers in Oliver, BC reflect Canada's ethnic diversity.",,true,p12-polish-dancers-oliver-bc.jpeg,,"Absolutely; seeing specific cultural practices, like Polish dancing in Oliver, is a direct reflection of the diverse immigrant communities in Canada."
3316,3,true_false,preview,3317,Chinese languages are widely spoken at home in Vancouver.,,true,,,"Given the large and established Chinese diaspora population in Vancouver, it is very common to hear various Chinese languages spoken at home."
3317,3,multiple_choice,main,,What share of Vancouver speaks Chinese languages at home?,13%|50%|2%|30%,0,,,"In Vancouver, 13% of the population speak Chinese languages at home; in Toronto, the figure is 7%."
3318,3,select_blank,exercise,3317,Chinese languages are the ___ most-spoken after English.,second|third|fourth|fifth,0,,,"Because of the sheer size of the population, Chinese languages are generally recognized as the second most spoken language after English in many major urban centers."
3319,3,true_false,exercise,3317,7% of Toronto speaks Chinese at home.,,true,,,"The data confirms that a significant portion of Toronto's population, around 7%, reports speaking Chinese at home."
3320,3,true_false,exercise,3317,Non-official languages are never spoken in Canadian homes.,,false,,,Non-official languages are widely spoken in Canadian homes.
3321,3,multiple_choice,exercise,3317,Which city has more Chinese speakers at home?,Vancouver|Toronto|Ottawa|Calgary,0,p13-chinese-new-year-vancouver.jpeg,,"Vancouver consistently leads the list because it has the largest and most established Asian population base, particularly Chinese speakers."
3331,3,select_blank,preview,3332,The great majority of Canadians identify as ___.,Christians|atheists|agnostics|pagans,0,,,"While religious affiliation is diverse, historically and currently, the majority of Canadians still identify with Christian faiths."
3332,3,multiple_choice,main,,Which religious affiliation is Canada's largest?,Catholic|Muslim|Hindu|Sikh,0,p13-notre-dame-des-victoires.jpeg,,"The largest religious affiliation is Catholic, followed by various Protestant churches, with growing numbers of other faiths."
3333,3,multi_select,exercise,3332,Which faith communities are growing in Canada?,Muslims|Jews|Hindus|Not growing,0|1|2,p12-ismaili-muslims-calgary-stampede.jpeg,,"Census data indicates that Muslim, Jewish, and Hindu populations have all shown significant growth trends in Canada over recent years."
3334,3,select_blank,exercise,3332,The state partners with faith groups to ___ refugees.,resettle|deport|ignore|tax,0,,,Faith-based organizations are crucial partners because they provide the local infrastructure and community support needed to successfully resettle refugees.
3335,3,select_blank,exercise,3332,The state upholds religious freedom and freedom of ___.,conscience|taxation|silence|nothing,0,,,The state upholds freedom of conscience because it protects an individual's right to hold beliefs and form their own moral convictions without government interference.
3336,3,true_false,exercise,3332,Catholic is the largest religious affiliation in Canada.,,true,,,"While demographics shift, Catholicism is historically cited as the largest religious affiliation in Canada for educational purposes regarding its significant cultural presence."
3337,3,true_false,exercise,3332,"No Canadians identify as having ""no religion.""",,false,,,"The numbers of people who state ""no religion"" are also growing."
3346,3,true_false,preview,3347,Gay and lesbian Canadians have access to civil marriage.,,true,,,"Yes, following legal changes, all Canadian citizens are entitled to civil marriage regardless of their gender or sexual orientation."
3347,3,multiple_choice,main,,What legal right do gay and lesbian Canadians have?,Marriage rights|No protection|Restricted voting|Separate courts,0,,,"Gay and lesbian Canadians enjoy full protection and equal treatment under the law, including access to civil marriage."
3348,3,select_blank,exercise,3347,Gay and lesbian Canadians receive equal ___ under law.,treatment|silence|exclusion|delay,0,,,"The law ensures that gay and lesbian Canadians receive equal treatment under the law, meaning they cannot be excluded or delayed by legal bias."
3349,3,true_false,exercise,3347,Gay and lesbian Canadians are part of Canada's diversity.,,true,,,"Yes, recognizing diverse sexual orientations and gender identities is a core component of Canada's celebrated cultural and social diversity."
3350,3,true_false,exercise,3347,Gay and lesbian Canadians are denied civil marriage rights.,,false,,,They have full access to civil marriage under the law.
3361,3,true_false,preview,3362,Marjorie Turner-Bailey is a descendant of Black Loyalists.,,true,,,That's right; her family roots trace back to the community of formerly enslaved people who settled in Nova Scotia after the American Revolution.
3362,3,multiple_choice,main,,Who were the Black Loyalists that fled to Canada?,African settlers|French colonists|British soldiers|Chinese immigrants,0,p13-marjorie-turner-bailey.jpeg,,"Black Loyalists were escaped slaves and freed African-origin people who fled to Canada from America in the 1780s, where slavery stayed legal until 1863."
3363,3,select_blank,exercise,3362,Black Loyalists fled to Canada from America in ___.,1780s|1600s|1900s|1950s,0,,,"The correct period is the 1780s, as this was when they escaped American slavery and sought refuge in British North America."
3364,3,true_false,exercise,3362,Slavery remained legal in America until 1863.,,true,,,"This is true because the Emancipation Proclamation, which declared freedom for slaves in Confederate states, was issued in 1863."
3365,3,true_false,exercise,3362,Marjorie Turner-Bailey was an Olympian from Nova Scotia.,,true,p13-marjorie-turner-bailey.jpeg,,"Yes, she did represent Canada in track and field events at the Olympic Games while hailing from Nova Scotia."
3366,3,multiple_choice,exercise,3362,Which province is Marjorie Turner-Bailey from?,Nova Scotia|Ontario|Quebec|Alberta,0,,,"She is originally from Nova Scotia, which connects to both her family history and athletic career."
3371,3,true_false,preview,3372,Canada's diverse groups share a common Canadian identity.,,true,,,"Yes, even though people come from many different backgrounds, they are united by the shared experience of being Canadian."
3372,3,multiple_choice,main,,What do diverse groups sharing a common identity form?,Multicultural society|Single ethnicity|Closed border|One-language state,0,p12-pipes-and-drums-ottawa.jpeg,,"Together, Canada's diverse groups sharing a common Canadian identity make up today's multicultural society."
3373,3,select_blank,exercise,3372,Diverse groups sharing an identity form today's ___ society.,multicultural|isolated|divided|foreign,0,,,"The term 'multicultural' specifically describes a society where many different cultural groups coexist and share an identity. The other options suggest separation or conflict, which isn't the case here."
3374,3,true_false,exercise,3372,Canadians celebrating diverse traditions still share one identity.,,true,,,"That's right; while they celebrate unique cultural practices, the overarching sense of belonging remains Canadian."
3375,3,true_false,exercise,3372,Canada's many communities share no common identity at all.,,false,,,They do share a common Canadian identity despite their diversity.
4001,4,true_false,preview,4002,Europeans called Native peoples ‘Indians’ by mistake.,,true,,,It was a mistake based on their initial navigational goals. They were heading toward the East Indies and mistakenly applied that term to indigenous peoples they encountered.
4002,4,multiple_choice,main,,Why did Europeans call natives ‘Indians’?,Indies mix-up|India myth|Random guess|Own choice,0,p14-indian-encampment.jpeg,,"European explorers mistakenly believed they had reached the East Indies, so they called native peoples Indians."
4003,4,true_false,exercise,4002,Explorers thought they'd reached the East Indies.,,true,,,This is correct; early European explorers were primarily motivated by trade routes and believed they were reaching the wealthy trading centers of the East Indies.
4004,4,true_false,exercise,4002,Native peoples originally called themselves ‘Indians.’,,false,,,Europeans applied this name; it was not Aboriginal peoples' own name.
4005,4,select_blank,exercise,4002,Europeans thought they'd reached the ___.,East Indies|West Coast|Arctic|Prairies,0,,,"The Europeans were primarily focused on finding spices and valuable goods, so they believed their ultimate destination was the East Indies."
4006,4,multiple_choice,exercise,4002,What mistake caused the name ‘Indians’?,Wrong guess|Correct guess|No mistake|Translation error,0,,,"The term originated from a wrong guess or misinterpretation of local names, rather than being an accurate translation or description."
4007,4,true_false,preview,4008,The Huron-Wendat farmed near the Great Lakes.,,true,,,"Yes, they were skilled farmers who utilized the rich soil and resources available near the Great Lakes basin."
4008,4,multiple_choice,main,,How did the Huron-Wendat live?,"Farmers, hunters|Only nomads|Only fishers|Arctic hunters",0,,,"The Huron-Wendat of the Great Lakes region, like the Iroquois, were farmers and hunters."
4009,4,true_false,exercise,4008,The Iroquois were also farmers and hunters.,,true,,,That's right; their society was robust enough to support both farming staples like maize and seasonal hunting activities.
4010,4,select_blank,exercise,4008,Huron-Wendat and Iroquois lived near the ___.,Great Lakes|Arctic Ocean|Rockies|Atlantic coast,0,,,They established their primary settlements and trade networks around the abundant resources provided by the Great Lakes system.
4011,4,multiple_choice,exercise,4008,Which peoples farmed near the Great Lakes?,Huron-Wendat|Inuit|Sioux|Dene,0,,,"The Huron-Wendat were known agriculturalists who settled near the Great Lakes region, unlike the Inuit or Dene, who lived in much colder northern climates."
4012,4,true_false,exercise,4008,The Iroquois were nomadic bison hunters.,,false,,,"The Sioux, not the Iroquois, were the nomadic bison hunters."
4013,4,true_false,preview,4014,The Cree and Dene lived in the Northwest.,,true,,,That's correct; both the Cree and Dene are groups traditionally associated with the vast territories of the Northwest.
4014,4,multiple_choice,main,,How did the Cree and Dene live?,Hunter-gatherers|Farmers|Bison nomads|Arctic fishers,0,,,The Cree and Dene of the Northwest were hunter-gatherers.
4015,4,select_blank,exercise,4014,The Cree and Dene lived in the ___.,Northwest|Southeast|West Coast|Arctic isles,0,,,"The Cree and Dene were primarily inhabitants of the Northwest region, which covers a huge area across northern North America."
4016,4,true_false,exercise,4014,The Cree and Dene grew crops for food.,,false,,,"They were hunter-gatherers, not farmers."
4017,4,multiple_choice,exercise,4014,Which peoples were Northwest hunter-gatherers?,"Cree, Dene|Huron, Iroquois|Sioux|Inuit",0,,,Cree and Dene are correctly identified as hunter-gatherers from the Northwest; groups like the Huron or Iroquois were more focused on farming.
4018,4,true_false,exercise,4014,The Dene were hunter-gatherers.,,true,,,"Yes, that's right. The Dene people maintained a lifestyle based on hunting and gathering resources in their environment."
4019,4,true_false,preview,4020,The Sioux followed bison herds.,,true,,,That's right; the Sioux were highly mobile groups whose entire culture and sustenance depended on following the massive migrations of bison.
4020,4,multiple_choice,main,,How did the Sioux live?,Followed bison|Farmed land|Fished Arctic|Traded furs,0,,,"The Sioux were nomadic, following the bison (buffalo) herd."
4021,4,select_blank,exercise,4020,"The Sioux were nomadic, following the ___.",bison|salmon|seal|caribou,0,,,"The correct answer is bison because their way of life was built around tracking these large herds, which provided nearly everything they needed to survive."
4022,4,true_false,exercise,4020,Bison are also called buffalo.,,true,,,"Yes, this is true; 'buffalo' is a general term often used interchangeably with bison, even though they are technically different species."
4023,4,multiple_choice,exercise,4020,Which group followed the bison herd?,Sioux|Inuit|Huron-Wendat|Dene,0,,,"The Sioux were the group most associated with following the great migrations of bison, as it formed the core of their subsistence and culture."
4024,4,true_false,exercise,4020,The Sioux stayed in one farming village.,,false,,,"The Sioux were nomadic, following the bison herd rather than farming one place."
4025,4,true_false,preview,4026,The Inuit lived off Arctic wildlife.,,true,,,"This is accurate; because of the extreme conditions, the Inuit developed a lifestyle entirely focused on hunting Arctic wildlife like seals and whales."
4026,4,multiple_choice,main,,How did the Inuit survive?,Arctic wildlife|Farming crops|Bison hunting|Tropical fishing,0,,,The Inuit lived off Arctic wildlife.
4027,4,select_blank,exercise,4026,The Inuit lived off ___ wildlife.,Arctic|desert|tropical|prairie,0,,,"The Inuit are an Arctic people, so their entire subsistence lifestyle was naturally centered on the wildlife found in that extreme northern environment."
4028,4,true_false,exercise,4026,The Inuit were bison-hunting nomads.,,false,,,Bison-following nomads were the Sioux; the Inuit lived off Arctic wildlife.
4029,4,multiple_choice,exercise,4026,Which peoples lived off Arctic wildlife?,Inuit|Sioux|Huron-Wendat|Iroquois,0,,,"The Inuit are the group historically known for depending entirely on hunting and trapping wildlife within the cold Arctic regions for survival. The other groups listed were from much warmer, different parts of North America."
4030,4,true_false,exercise,4026,The Inuit lived in Arctic regions.,,true,,,"That is correct; the Inuit are indigenous to the far northern reaches of North America, which is defined as the Arctic region."
4031,4,true_false,preview,4032,West Coast natives preserved fish by drying.,,true,,,"Yes, this is true. Drying was an essential and primary method used by West Coast groups to preserve their massive fish harvests for consumption throughout the year."
4032,4,multiple_choice,main,,How did West Coast natives preserve fish?,"Dry, smoke|Freeze it|Salt only|Bury it",0,,,West Coast natives preserved fish by drying and smoking.
4033,4,select_blank,exercise,4032,West Coast natives dried and ___ fish.,smoked|boiled|fried|canned,0,,,"Smoking was a crucial secondary preservation technique alongside drying; it helped keep the fish safe while also giving them a distinct, desirable flavor."
4034,4,true_false,exercise,4032,West Coast natives smoked fish to preserve it.,,true,,,True. Smoking was an essential technology for West Coast groups to preserve massive catches of salmon and other fish so they could last through non-fishing seasons.
4035,4,multiple_choice,exercise,4032,Which group dried and smoked fish?,"West Coast|Inuit|Sioux|Cree, Dene",0,,,"The West Coast peoples had access to enormous, predictable runs of salmon, making smoking and drying their primary methods of food preservation. While all groups hunted, the scale of fish processing was unique to this region."
4036,4,true_false,exercise,4032,West Coast natives ate only bison meat.,,false,,,West Coast natives preserved fish; bison-hunting was the Sioux's way of life.
4037,4,true_false,preview,4038,Warfare was common among Aboriginal groups.,,true,,,"True. Conflict and warfare were historical realities for many Aboriginal groups, often stemming from competition over territory or resources."
4038,4,multiple_choice,main,,Why did Aboriginal groups often fight?,"Land, prestige|Religion only|Farming only|European trade",0,,,"Warfare was common among Aboriginal groups as they competed for land, resources and prestige."
4039,4,select_blank,exercise,4038,"Groups competed for land, resources and ___.",prestige|weather|farmland|clothing,0,,,
4040,4,true_false,exercise,4038,Aboriginal groups never went to war.,,false,,,"Warfare was actually common as groups competed for land, resources, and prestige."
4041,4,multiple_choice,exercise,4038,What did warring groups compete for?,"Land, resources|Religion|Trade goods|Nothing",0,,,"Warring groups primarily competed for land and vital natural resources because survival depended on access to those areas. Trade goods might be exchanged, but they weren't the root cause of conflict."
4042,4,true_false,exercise,4038,Prestige was one reason groups fought.,,true,,,"True. Status and prestige were major motivators for fighting; sometimes a group would fight not just for food, but to establish or maintain its social standing."
4043,4,true_false,preview,4044,Many Aboriginals died of European diseases.,,true,,,"That is correct; many Aboriginal populations had no natural immunity to common European diseases like smallpox or influenza, which led to devastating and massive die-offs."
4044,4,multiple_choice,main,,Why did many Aboriginals die after contact?,No immunity|No food|Lost land|Stopped hunting,0,,,Large numbers of Aboriginals died of European diseases to which they lacked immunity.
4045,4,select_blank,exercise,4044,Aboriginals lacked ___ to European diseases.,immunity|weapons|money|allies,0,,,
4046,4,true_false,exercise,4044,Aboriginals had full immunity to European diseases.,,false,,,"Aboriginals lacked immunity, so European diseases killed large numbers of them."
4047,4,multiple_choice,exercise,4044,What arrived with European traders and colonists?,New diseases|More bison|Warm weather|More farmland,0,,,The most catastrophic arrivals were new pathogens; the introduction of disease was far more destructive than any other single element brought by traders and colonists.
4048,4,true_false,exercise,4044,Disease was a major cause of Aboriginal deaths.,,true,,,"Yes, this is accurate. Before direct conflict even became widespread, introduced diseases were responsible for staggering mortality rates across many Aboriginal communities."
4049,4,true_false,preview,4050,Aboriginals and Europeans formed strong early bonds.,,true,,,"While colonization was often characterized by violence and exploitation, some early interactions did involve periods of mutual exchange and cooperation that formed deep cultural or economic bonds in certain regions."
4050,4,multiple_choice,main,,What did early Aboriginal-European bonds build?,Canada's foundations|One nation|Arctic empire|Nothing lasting,0,,,"Aboriginals and Europeans formed strong economic, religious and military bonds that laid the foundations of Canada."
4051,4,select_blank,exercise,4050,Bonds formed in the first ___ years of contact.,200|20|2000|2,0,,,"Significant cultural and trade relationships developed over extended periods, meaning the first couple of hundred years provided enough time for those foundational connections to form."
4052,4,true_false,exercise,4050,"These bonds were economic, religious and military.",,true,,,"The Vikings formed complex alliances that covered trade goods (economic), spiritual beliefs (religious), and mutual defense (military)."
4053,4,multiple_choice,exercise,4050,What kind of bonds did they form?,"Economic, military|Economic only|Religious only|None",0,,,"They primarily formed bonds based on trade routes and mutual defense rather than purely religious ties, making the combination of economic and military bonds accurate."
4054,4,true_false,exercise,4050,European contact instantly destroyed all cooperation.,,false,,,"In the first 200 years, Aboriginals and Europeans built strong economic, religious, and military bonds."
4055,4,true_false,preview,4056,Vikings reached Labrador and Newfoundland.,,true,,,Archaeological evidence confirms that Viking exploration extended as far east as modern-day Newfoundland and Labrador.
4056,4,multiple_choice,main,,Where did the Vikings sail from first?,Iceland|Spain|France|England,0,,,"The Vikings from Iceland who colonized Greenland 1,000 years ago also reached Labrador and the island of Newfoundland."
4057,4,select_blank,exercise,4056,Vikings colonized Greenland about ___ years ago.,1000|100|10000|500,0,,,"The Viking settlements in Greenland were established around 1,000 years ago, marking a significant period of Norse activity in the North Atlantic."
4058,4,true_false,exercise,4056,The Vikings reached Canada 1000 years ago.,,true,,,"Historical records and archaeological findings suggest that Viking presence in North America, including areas now considered Canada, occurred around 1000 years ago."
4059,4,multiple_choice,exercise,4056,Which island did Vikings reach besides Labrador?,Newfoundland|Vancouver Isle|Baffin Isle|PEI,0,,,"The archaeological evidence strongly suggests that the Vikings established a settlement on Newfoundland, which is where L'Anse aux Meadows is located."
4060,4,true_false,exercise,4056,Vikings sailed directly from Iceland to Ontario.,,false,,,"Vikings from Iceland colonized Greenland first, then reached Labrador and Newfoundland."
4061,4,true_false,preview,4062,L'Anse aux Meadows is a World Heritage site.,,true,,,"Yes, it was designated by UNESCO because of its immense historical importance to understanding early transatlantic exploration."
4062,4,multiple_choice,main,,What is L'Anse aux Meadows?,Viking site|French fort|Loyalist town|Inuit village,0,,,"The remains of the Vikings' settlement, l'Anse aux Meadows, are a World Heritage site."
4063,4,select_blank,exercise,4062,L'Anse aux Meadows holds remains of a ___ settlement.,Viking|French|British|Spanish,0,,,"The artifacts and architectural styles found at the site are definitively associated with Norse people, confirming it as a Viking settlement."
4064,4,true_false,exercise,4062,L'Anse aux Meadows is located in Newfoundland.,,true,,,"That is correct; it is situated on the northern tip of the island of Newfoundland, making it a key archaeological site for the region."
4065,4,multiple_choice,exercise,4062,Why is L'Anse aux Meadows significant?,Oldest Viking|Cabot's landing|Cartier's fort|Loyalist capital,0,,,"It is significant because it represents the oldest confirmed Norse presence in North America, predating later explorations by Columbus or Cabot."
4066,4,true_false,exercise,4062,L'Anse aux Meadows was built by French settlers.,,false,,,"L'Anse aux Meadows holds the remains of a Viking settlement, not a French one."
4067,4,true_false,preview,4068,John Cabot mapped Canada's East Coast in 1497.,,true,,,"Yes, he did map a significant portion of the North American coast during that trip. This voyage is historically credited with establishing early English claims in the region."
4068,4,multiple_choice,main,,What did John Cabot accomplish in 1497?,Mapped coast|Founded Quebec|Named Canada|Led Loyalists,0,p14-john-cabot-painting.jpeg,,John Cabot's 1497 expedition made him the first to draw a map of Canada's East Coast.
4069,4,true_false,exercise,4068,Cabot was an Italian immigrant to England.,,true,,,That's correct; he hailed from Genoa (Italy) but traveled to England seeking patronage for his exploratory voyages.
4070,4,select_blank,exercise,4068,Cabot claimed the new land for ___.,England|France|Spain|Portugal,0,,,"He sailed under the patronage of King Henry VII, so he formally claimed the territory for England rather than any other European power."
4071,4,true_false,exercise,4068,English settlement began right away in 1497.,,false,,,"Cabot landed in 1497, but English settlement did not begin until 1610."
4072,4,multiple_choice,exercise,4068,When did English settlement actually begin?,1610|1497|1534|1759,0,,,"While Cabot explored much earlier, sustained English settlement efforts truly ramped up around this time, moving beyond just initial exploratory voyages or mere claims."
4073,4,true_false,exercise,4068,Cabot landed on Newfoundland or Cape Breton Island.,,true,,,That is correct; his documented voyage included landings along the coast that corresponds to modern-day Newfoundland and Cape Breton Island.
4074,4,true_false,preview,4075,Jacques Cartier made three voyages to Canada.,,true,,,That's right; he undertook three major voyages to explore and claim territory for France.
4075,4,multiple_choice,main,,What did Jacques Cartier do from 1534 to 1542?,Three voyages|Founded Quebec|Led Loyalists|Built fort,0,p14-jacques-cartier-portrait.jpeg,,"Between 1534 and 1542, Jacques Cartier made three voyages across the Atlantic, claiming the land for King Francis I of France."
4076,4,true_false,exercise,4075,Cartier claimed the land for King Francis I.,,true,,,Correct. His expeditions were part of the French effort to establish claims and map new lands for King Francis I.
4077,4,select_blank,exercise,4075,Cartier was first to explore the ___ River.,St. Lawrence|Fraser|Mackenzie|Ottawa,0,,,He is credited with being one of the earliest European explorers to extensively chart and traverse the St. Lawrence River.
4078,4,true_false,exercise,4075,Cartier was first to see Quebec City's site.,,true,,,"Yes, his early voyages were crucial because he sighted the strategic location that would later become Quebec City."
4079,4,multiple_choice,exercise,4075,Which river did Cartier explore first?,St. Lawrence|Fraser|Mackenzie|Red River,0,,,His initial and most significant explorations focused on navigating up the mouth of the St. Lawrence River.
4080,4,true_false,exercise,4075,Cartier also saw the future site of Montreal.,,true,,,"Yes, while he didn't pinpoint the exact location, his voyages charted key waterways and settlements that laid the groundwork for Montreal."
4081,4,select_blank,preview,4082,The name Canada comes from the word ___.,kanata|Quebec|Acadia|Ontario,0,,,"It derives from the Iroquoian word *Kanata*, which meant 'village' or 'settlement.' This distinguishes it from names like Quebec, which refers to a specific region."
4082,4,multiple_choice,main,,What does the Iroquoian word ‘kanata’ mean?,Village|River|Mountain|Ocean,0,,,"Cartier heard two captured guides speak the Iroquoian word kanata, meaning ‘village.’"
4083,4,true_false,exercise,4082,Cartier heard ‘kanata’ from captured guides.,,true,,,That's right; he learned the term directly from Indigenous people encountered during his explorations.
4084,4,select_blank,exercise,4082,"By the 1550s, ___ appeared on maps.",Canada|Acadia|Quebec|Ontario,0,,,"The term ""Canada"" was the first large geographical area of North America to be consistently marked on European maps after Cartier’s voyages."
4085,4,multiple_choice,exercise,4082,Where does the name ‘Canada’ come from?,Iroquoian word|French king|Viking word|English word,0,,,"The name originates from an Iroquoian language, specifically *Kanata*, which referred to a settlement or land."
4086,4,true_false,exercise,4082,‘Kanata’ is a French word for river.,,false,,,"Kanata is an Iroquoian word meaning ‘village,’ not a French word."
4087,4,true_false,preview,4088,The first settlement north of Florida was in 1604.,,true,,,The initial French presence in the area north of Florida did indeed begin around that time period.
4088,4,multiple_choice,main,,Who founded the 1604 settlement north of Florida?,"Monts, Champlain|Cabot, Cartier|Wolfe, Montcalm|Talon, Laval",0,,,"In 1604, the first European settlement north of Florida was established by Pierre de Monts and Samuel de Champlain."
4089,4,select_blank,exercise,4088,The settlers first landed on ___ Island.,St. Croix|Baffin|Vancouver|Anticosti,0,,,"The earliest settlement efforts were established on St. Croix Island, which served as a crucial starting point for subsequent colonization."
4090,4,true_false,exercise,4088,The colony later moved to Port-Royal in Acadia.,,true,,,"After initial locations, the colonists successfully relocated and established themselves at Port-Royal in Acadia."
4091,4,multiple_choice,exercise,4088,Where is St. Croix Island located today?,Maine|Ontario|Quebec|Nova Scotia,0,,,"Although the island was historically significant elsewhere, its modern geographical location falls within the state of Maine."
4092,4,true_false,exercise,4088,Port-Royal was located in present-day Nova Scotia.,,true,,,The historic site of Port-Royal is indeed situated within the boundaries of what is now Nova Scotia.
4093,4,true_false,preview,4094,Champlain built a fortress at Quebec City in 1608.,,true,,,That's correct; Champlain established his initial fortress at Quebec City in 1608. This date marks a foundational moment for French colonization in New France.
4094,4,multiple_choice,main,,What did Champlain build in 1608?,Quebec fortress|Montreal fort|Ontario colony|Bay post,0,,,In 1608 Champlain built a fortress at what is now Quebec City.
4095,4,select_blank,exercise,4094,Champlain built his fortress in ___.,1608|1604|1701|1759,0,,,"He built his main settlement and fortress in 1608, which was crucial for the early establishment of French power in Quebec. The other dates listed are incorrect historical markers for this specific event."
4096,4,true_false,exercise,4094,The colonists faced a harsh climate.,,true,,,"Yes, life in New France was extremely difficult because settlers had to contend with severe winters and a challenging natural environment."
4097,4,multiple_choice,exercise,4094,What challenge did the colonists face?,Harsh climate|Much gold|Overcrowding|Mild winters,0,,,"The biggest struggle for the colonists was adapting to the harsh climate, which included unpredictable weather and limited agricultural seasons. They faced environmental challenges, not issues of overcrowding or mild winters."
4098,4,true_false,exercise,4094,Champlain's fortress became present-day Toronto.,,false,,,"Champlain's 1608 fortress became present-day Quebec City, not Toronto."
4099,4,true_false,preview,4100,Champlain allied with the Algonquin and Huron.,,true,,,"This alliance was absolutely vital; by partnering with the Algonquin and Huron, Champlain gained essential knowledge and military support necessary for survival in New France."
4100,4,multiple_choice,main,,Whom did Champlain ally the colony with?,"Algonquin, Huron|Iroquois alone|Sioux alone|Inuit alone",0,,,"Champlain allied the colony with the Algonquin, Montagnais and Huron, historic enemies of the Iroquois."
4101,4,select_blank,exercise,4100,These allies were historic enemies of the ___.,Iroquois|French|British|Vikings,0,,,"The Iroquois Confederacy was constantly at odds with European powers like the French and British, making them historic enemies of any group that allied with those nations."
4102,4,true_false,exercise,4100,The Iroquois were enemies of Champlain's allies.,,true,,,"The French established strong alliances with various groups in the region, many of whom were direct military opponents of the powerful Iroquois Confederacy."
4103,4,multiple_choice,exercise,4100,Who were historic enemies of the Iroquois?,"Algonquin, Huron|English colonists|Loyalists|Vikings",0,,,"The Iroquois Confederacy frequently clashed with other powerful Native American nations, such as the Huron and Algonquin, over territory and resources."
4104,4,true_false,exercise,4100,Champlain allied his colony with the Iroquois.,,false,,,"Champlain allied with the Algonquin, Montagnais, and Huron — historic enemies of the Iroquois."
4105,4,true_false,preview,4106,The French and Iroquois made peace in 1701.,,true,,,
4106,4,multiple_choice,main,,How many nations formed the Iroquois Confederacy?,"Five, six|Three, four|Ten, twelve|Two, three",0,,,The Iroquois were a confederation of five (later six) First Nations who battled the French settlements for a century.
4107,4,select_blank,exercise,4106,The French and Iroquois fought for about a ___.,century|decade|week|year,0,,,"The rivalry between the French and Iroquois was a prolonged struggle that spanned many decades, amounting to nearly a full century of conflict."
4108,4,true_false,exercise,4106,The Iroquois Confederacy later grew to six nations.,,true,,,"Yes, the confederacy was not static; it successfully incorporated more nations into its powerful political structure over time."
4109,4,multiple_choice,exercise,4106,When did the French and Iroquois make peace?,1701|1608|1759|1774,0,,,"The year 1701 marks a significant period when peace agreements were established between the French and Iroquois nations, stabilizing relations for a time."
4110,4,true_false,exercise,4106,The Iroquois and French were allies from the start.,,false,,,They battled for about a century before finally making peace in 1701.
4111,4,true_false,preview,4112,The fur trade grew from beaver pelt demand.,,true,,,This is accurate because the European market's intense desire for beaver pelts was the primary catalyst that fueled the entire North American fur trade economy.
4112,4,multiple_choice,main,,What drove New France's fur-trade economy?,Beaver pelts|Gold mining|Wheat exports|Fish exports,0,,,"The French and Aboriginal people collaborated in the vast fur-trade economy, driven by the demand for beaver pelts in Europe."
4113,4,select_blank,exercise,4112,French and Aboriginal people collaborated in the ___ trade.,fur|gold|wheat|tea,0,,,"The collaboration between the French and local Aboriginal groups was centered entirely on exchanging goods for valuable furs, making it the defining economic relationship of the time."
4114,4,true_false,exercise,4112,Beaver pelts were in high demand in Europe.,,true,,,"This is correct because European fashion and luxury goods created an insatiable market for beaver pelts, which drove the entire transatlantic trade network."
4115,4,multiple_choice,exercise,4112,Who collaborated in the fur-trade economy?,"French, Aboriginal|British only|Spanish only|Dutch only",0,,,The core economic collaboration involved the French trading manufactured goods with local Aboriginal groups who provided the valuable furs. The other options are incorrect because they exclude one of these essential partners.
4116,4,true_false,exercise,4112,The fur trade relied on demand for fish.,,false,,,"It was demand for beaver pelts in Europe, not fish, that drove the fur trade."
4117,4,true_false,preview,4118,"Jean Talon, Bishop Laval, and Frontenac led New France.",,true,,,These three figures were indeed key leaders who helped establish and govern New France during its formative years.
4118,4,multiple_choice,main,,Who were outstanding leaders of New France?,"Talon, Laval|Wolfe, Cabot|Brant, Cartier|Monts alone",0,,,"Outstanding leaders like Jean Talon, Bishop Laval, and Count Frontenac built a French Empire in North America."
4119,4,select_blank,exercise,4118,These leaders built a French Empire in North ___.,America|Europe|Asia|Africa,0,,,"The French colonial efforts and empire building were focused on the vast territories of North America, which included modern-day Canada and parts of the US."
4120,4,true_false,exercise,4118,Jean Talon was a leader of New France.,,true,,,"Yes, Jean Talon held significant administrative roles and was instrumental in developing early settlements within New France."
4121,4,multiple_choice,exercise,4118,Which bishop helped lead New France?,Bishop Laval|Bishop Carleton|Bishop Wolfe|Bishop Brant,0,,,"Bishop Laval was a major figure in the religious and administrative life of New France, playing a crucial role alongside colonial governors."
4122,4,true_false,exercise,4118,Frontenac helped build New France's empire.,,true,,,"Absolutely, Frontenac was a powerful governor who greatly expanded French influence and solidified much of what became the colonial empire."
4123,4,true_false,preview,4124,New France reached Hudson Bay to the Gulf of Mexico.,,true,,,"Yes, its territory stretched from the northern reaches near Hudson Bay all the way down to the Gulf of Mexico."
4124,4,multiple_choice,main,,How far did New France's empire reach?,Bay-to-Gulf|Quebec only|Atlantic only|Arctic only,0,,,New France's leaders built a French Empire in North America that reached from Hudson Bay to the Gulf of Mexico.
4125,4,select_blank,exercise,4124,New France stretched south to the Gulf of ___.,Mexico|Maine|St. Lawrence|Labrador,0,,,"New France's southern extent was the Gulf of Mexico, which gave them access to valuable trade routes. Maine and St. Lawrence were either too far north or not the ultimate limit of their claim."
4126,4,true_false,exercise,4124,New France's empire reached south into the Gulf of Mexico.,,true,,,This is accurate; their claims and influence extended all the way down to the Gulf of Mexico.
4127,4,multiple_choice,exercise,4124,Where did New France's empire begin in the north?,Hudson Bay|Bay Company|Labrador Sea|Arctic isles,0,,,"The northern boundary of New France's influence was defined by the vast waterways, particularly reaching as far north as Hudson Bay."
4128,4,true_false,exercise,4124,New France was confined only to Quebec City.,,false,,,New France's empire actually stretched from Hudson Bay to the Gulf of Mexico.
4129,4,true_false,preview,4130,The Hudson's Bay Company was chartered in 1670.,,true,,,"That date is correct; the HBC received its charter in 1670, establishing its powerful presence in North America."
4130,4,multiple_choice,main,,Who granted the Hudson's Bay Company its charter?,Charles II|Francis I|Charles III|Queen Anne,0,,,"In 1670, King Charles II of England granted the Hudson's Bay Company exclusive trading rights over the Hudson Bay watershed."
4131,4,select_blank,exercise,4130,The charter gave rights over the Hudson Bay ___.,watershed|desert|prairie|coastline,0,,,"The charter granted rights over the entire Hudson Bay watershed, which included all the rivers and lands draining into it."
4132,4,true_false,exercise,4130,The company competed with Montreal traders for 100 years.,,true,,,"Yes, the company faced intense competition from established Montreal traders for a very long period of time."
4133,4,multiple_choice,exercise,4130,In what year was the company chartered?,1670|1608|1701|1759,0,,,"The charter was granted in 1670, which is when the company officially began its operations and rights."
4134,4,true_false,exercise,4130,The Hudson's Bay Company had no rival traders.,,false,,,"For a century, the Hudson's Bay Company competed with Montreal-based traders."
4135,4,true_false,preview,4136,Voyageurs travelled fur-trade routes by canoe.,,true,,,That's correct; canoes were the only practical way to travel the vast fur-trade routes across North America.
4136,4,multiple_choice,main,,Who were the voyageurs and coureurs des bois?,Canoe traders|British soldiers|Loyalist farmers|Quebec judges,0,,,The skilled and courageous men who travelled by canoe were called voyageurs and coureurs des bois.
4137,4,select_blank,exercise,4136,Voyageurs formed strong alliances with ___ Nations.,First|European|Loyalist|Spanish,0,,,"Voyageurs formed crucial alliances with First Nations, who provided essential knowledge and support for their trade."
4138,4,true_false,exercise,4136,Voyageurs and coureurs des bois travelled by canoe.,,true,,,"That's right; canoes were absolutely essential for both groups, allowing them to navigate the vast river systems of North America."
4139,4,multiple_choice,exercise,4136,What trait did voyageurs need for their work?,"Skill, courage|Farming skill|Legal training|Naval rank",0,,,"Their work was physically grueling and dangerous, so they needed a combination of strong physical skill and immense courage to survive the journey."
4140,4,true_false,exercise,4136,Coureurs des bois avoided all contact with First Nations.,,false,,,Voyageurs and coureurs des bois actually formed strong alliances with First Nations.
4141,4,true_false,preview,4142,English colonies grew richer than New France.,,true,,,"While New France had valuable resources from the fur trade, the economic opportunities in the English colonies ultimately allowed them to become much wealthier."
4142,4,multiple_choice,main,,How did English colonies compare to New France?,"Richer, bigger|Poorer, smaller|Exactly equal|Founded later",0,,,English colonies along the Atlantic seaboard eventually became richer and more populous than New France.
4143,4,select_blank,exercise,4142,English colonies dated from the early ___.,1600s|1500s|1700s|1800s,0,,,"The initial settlement and major growth of the English colonies began in the early 1600s, starting with Jamestown."
4144,4,true_false,exercise,4142,English colonies lined the Atlantic seaboard.,,true,,,"Yes, due to geography and trade routes, most of the major settlements and agricultural areas were situated along the Atlantic coast."
4145,4,multiple_choice,exercise,4142,Where were the English colonies located?,Atlantic coast|Pacific coast|Hudson Bay|the Gulf,0,,,The English colonies were established along the Atlantic seaboard because this area offered natural harbors and easy access to major shipping routes.
4146,4,true_false,exercise,4142,New France was more populous than the English colonies.,,false,,,English colonies actually became richer and more populous than New France.
4147,4,true_false,preview,4148,Britain defeated France at Quebec City in 1759.,,true,,,"This victory was a massive turning point during the French and Indian War, effectively ending France's power in North America."
4148,4,multiple_choice,main,,What happened at the Plains of Abraham in 1759?,Britain won|France won|Loyalists arrived|Cartier landed,0,,,"In 1759, the British defeated the French in the Battle of the Plains of Abraham at Quebec City."
4149,4,select_blank,exercise,4148,The battle marked the end of France's American ___.,empire|navy|language|religion,0,,,Losing control of its vast colonial holdings meant that France’s influence and presence across North America were essentially over.
4150,4,true_false,exercise,4148,The battle was fought at Quebec City.,,true,,,"Yes, the decisive engagement that led to British victory occurred right in Quebec City during the conflict."
4151,4,multiple_choice,exercise,4148,In what year was the Plains of Abraham battle?,1759|1701|1608|1774,0,,,"That pivotal confrontation happened in 1759, a key date during the French and Indian War when British forces secured a massive victory at Quebec."
4152,4,true_false,exercise,4148,The battle strengthened France's hold on North America.,,false,,,The battle actually ended France's empire in North America.
4153,4,true_false,preview,4154,Both commanders were killed at the Plains of Abraham.,,true,,,"Yes, both Wolfe and Montcalm were killed during the battle at the Plains of Abraham."
4154,4,multiple_choice,main,,Who commanded the British and French armies?,"Wolfe, Montcalm|Cabot, Cartier|Talon, Laval|Brant, Carleton",0,,,"The commanders of both armies, Brigadier James Wolfe and the Marquis de Montcalm, were killed leading their troops."
4155,4,select_blank,exercise,4154,Brigadier James Wolfe commanded the ___ army.,British|French|Loyalist|Spanish,0,,,Wolfe was a British officer who commanded the British forces in that conflict. The other options are incorrect because they refer to different groups or armies not associated with him.
4156,4,true_false,exercise,4154,The Marquis de Montcalm commanded the French army.,,true,,,That is correct; Montcalm was the high-ranking French commander leading the French military efforts during this period.
4157,4,multiple_choice,exercise,4154,What happened to both commanders in the battle?,Both killed|Both survived|Both fled|Both surrendered,0,,,"They both died in battle. While they were involved in a major confrontation, neither managed to escape or surrender safely."
4158,4,true_false,exercise,4154,Wolfe commanded the French forces.,,false,,,James Wolfe commanded the British army; Montcalm commanded the French army.
4159,4,true_false,preview,4160,Britain renamed the colony the Province of Quebec.,,true,,,"That is correct; following the British victory, they officially renamed the territory as the Province of Quebec."
4160,4,multiple_choice,main,,What did Britain call the colony after 1759?,Prov. Quebec|New France|Acadia|Upper Canada,0,,,"Following the war, Great Britain renamed the colony the ‘Province of Quebec.’"
4161,4,select_blank,exercise,4160,French-speaking Catholics were known as ___ or Canadiens.,habitants|Loyalists|voyageurs|Huguenots,0,,,"The inhabitants were the established French-speaking Catholic settlers in New France, which is why they are also called Canadiens. Voyageurs were primarily the fur traders who traveled through the interior, not the settled population itself."
4162,4,true_false,exercise,4160,Habitants tried to preserve their way of life.,,true,,,"Yes, they actively worked to maintain their unique blend of French language, Catholic faith, and traditional way of life despite increasing pressure from the British."
4163,4,multiple_choice,exercise,4160,What faith were most Canadiens?,Catholic|Protestant|Jewish|Anglican,0,,,"By far, the majority of the settled French-speaking population in Quebec and New France adhered to Catholicism, which formed the bedrock of their culture."
4164,4,true_false,exercise,4160,The British Empire at the time was Protestant-ruled.,,true,,,"That's correct; because England and its ruling class were strongly rooted in Anglicanism, their governance was inherently Protestant."
4165,4,true_false,preview,4166,The Quebec Act of 1774 allowed Catholics religious freedom.,,true,,,
4166,4,multiple_choice,main,,What did the Quebec Act of 1774 allow Catholics?,"Freedom, office|Farming only|Trading only|Voting only",0,,,The Quebec Act of 1774 allowed religious freedom for Catholics and permitted them to hold public office.
4167,4,select_blank,exercise,4166,The Quebec Act was passed by the British ___.,Parliament|Governor|Church|Army,0,,,"Since the Quebec Act fundamentally changed laws regarding religion and governance, it had to be passed by the ultimate governing body, which was the British Parliament."
4168,4,true_false,exercise,4166,Catholics could not hold public office in Britain then.,,true,,,This was true because anti-Catholic sentiment and specific laws severely limited the political rights of Catholics in Britain at that time.
4169,4,multiple_choice,exercise,4166,What kind of majority did the Act address?,French Catholic|English Protestant|Spanish Catholic|Loyalist Protestant,0,,,"The Act was specifically designed to address the status and power of the French Catholic population, ensuring their religious and cultural continuity within British North America."
4170,4,true_false,exercise,4166,The Quebec Act banned Catholic public office in Quebec.,,false,,,The Quebec Act actually permitted Catholics to hold public office in Quebec.
4171,4,true_false,preview,4172,The Quebec Act restored French civil law.,,true,,,"Yes, it allowed the continuation of French civil law for matters like inheritance and marriage, which was a major concession to the local populace."
4172,4,multiple_choice,main,,What legal mix did the Quebec Act create?,French civil|French criminal|All French|All British,0,,,The Quebec Act restored French civil law while maintaining British criminal law.
4173,4,select_blank,exercise,4172,The Quebec Act kept British ___ law in place.,criminal|civil|religious|trade,0,,,"While it restored French civil law for private life, the Act maintained British common law—especially concerning criminal offenses—in place."
4174,4,true_false,exercise,4172,The Quebec Act is a constitutional foundation of Canada.,,true,,,"It is considered foundational because it was the first major piece of legislation to formally recognize and protect French culture and civil law within the British colonies, shaping modern Canadian identity."
4175,4,multiple_choice,exercise,4172,Which law system did the Act restore?,French civil|British civil|Spanish civil|Roman law,0,,,"The Act specifically restored French civil law, which was a sophisticated system based on Roman legal principles rather than common law. This maintained the existing legal structure of New France."
4176,4,true_false,exercise,4172,The Quebec Act dropped British criminal law entirely.,,false,,,The Act restored French civil law but kept British criminal law in place.
4177,4,true_false,preview,4178,The 13 colonies declared independence in 1776.,,true,,,That's right; the Second Continental Congress formally declared independence from Great Britain in 1776.
4178,4,multiple_choice,main,,What did the 13 colonies form in 1776?,United States|New France|Upper Canada|Prov. Quebec,0,,,"In 1776, the 13 British colonies to the south of Quebec declared independence and formed the United States."
4179,4,select_blank,exercise,4178,The 13 colonies were located south of ___.,Quebec|Hudson Bay|Newfoundland|Acadia,0,,,"The primary French settlement and administrative center, New France, was located north of the original thirteen colonies, centered around Quebec."
4180,4,true_false,exercise,4178,North America was divided again by this war.,,true,,,"Yes, major conflicts like the War of 1812 were responsible for redrawing boundaries and dividing North America's political landscape once more."
4181,4,multiple_choice,exercise,4178,What event divided North America again?,Am. Revolution|Plains battle|Quebec Act|Vikings' arrival,0,,,"The American Revolution is the key event because it created a completely new, independent nation that separated itself from British control."
4182,4,true_false,exercise,4178,The 13 colonies stayed loyal to the Crown.,,false,,,In 1776 the colonies actually declared independence from the Crown.
4183,4,true_false,preview,4184,"More than 40,000 Loyalists fled to Canada.",,true,,,"Yes, historical records show that over 40,000 people who supported the British Crown relocated to Canada after the war."
4184,4,multiple_choice,main,,Where did Loyalists settle after fleeing?,"N.S., Quebec|Ontario only|Manitoba only|B.C. only",0,,,"More than 40,000 people loyal to the Crown fled the American Revolution to settle in Nova Scotia and Quebec."
4185,4,select_blank,exercise,4184,Loyalists fled the oppression of the American ___.,Revolution|Navy|Church|Economy,0,,,"They were fleeing the political upheaval and violence associated with the American Revolution, not just general economic hardship or military action alone."
4186,4,true_false,exercise,4184,"Over 40,000 Loyalists fled north.",,true,,,That is correct; the majority of these British supporters moved northward to what became Upper and Lower Canada.
4187,4,multiple_choice,exercise,4184,About how many Loyalists fled north?,"40,000+|4,000|400,000|4 million",0,,,"The historical consensus is that around 40,000 Loyalists made the journey north to British North America."
4188,4,true_false,exercise,4184,Loyalists were people loyal to the British Crown.,,true,,,Exactly; a Loyalist was anyone who remained faithful to King George III and the British government during the American War for Independence.
4189,4,true_false,preview,4190,Joseph Brant led Loyalist Mohawks to Canada.,,true,,,Joseph Brant did indeed lead Loyalist Mohawks to Canada after the American Revolution.
4190,4,multiple_choice,main,,Who led thousands of Loyalist Mohawks north?,Joseph Brant|Guy Carleton|James Wolfe|Le Moyne,0,,,Joseph Brant led thousands of Loyalist Mohawk Indians into Canada.
4191,4,select_blank,exercise,4190,Joseph Brant led Loyalist ___ into Canada.,Mohawks|Cree|Sioux|Inuit,0,,,"He led Loyalist Mohawks, who were displaced by the war and sought refuge in Upper Canada."
4192,4,true_false,exercise,4190,Brant's followers were Loyalist Mohawk Indians.,,true,,,That's correct; his followers were primarily composed of Mohawk Indians who remained loyal to the British Crown.
4193,4,multiple_choice,exercise,4190,What group did Joseph Brant lead north?,Loyalist Mohawks|French habitants|British soldiers|Acadian farmers,0,,,"Joseph Brant led Loyalist Mohawks, as they were a group displaced by the war and sought new lands in Upper Canada."
4194,4,true_false,exercise,4190,Joseph Brant opposed the Loyalist cause.,,false,,,Joseph Brant actually led thousands of Loyalist Mohawk Indians into Canada.
4195,4,true_false,preview,4196,Loyalists came from many ethnic backgrounds.,,true,,,That's right; 'Loyalists' was a broad term encompassing many groups—including people of various ethnic backgrounds—who remained loyal to Britain.
4196,4,multiple_choice,main,,What backgrounds did Loyalists come from?,"Dutch, German|British only|French only|Spanish only",0,,,"The Loyalists came from Dutch, German, British, Scandinavian, Aboriginal and other origins."
4197,4,select_blank,exercise,4196,"Loyalists included Presbyterian, Anglican and ___ believers.",Jewish|no religion|Hindu|Buddhist,0,,,"The Loyalist group was diverse, including many Jewish people who maintained their faith during the conflict. Hinduism or Buddhism were not prominent faiths among this specific population."
4198,4,true_false,exercise,4196,Loyalists included Quaker and Catholic believers.,,true,,,"Yes, the Loyalist movement was religiously varied; while many were Anglican or Presbyterian, Quakers and Catholics also formed part of the loyalist community."
4199,4,multiple_choice,exercise,4196,Which faiths were among the Loyalists?,"Baptist, Methodist|Anglican only|Catholic only|Jewish only",0,,,The Loyalists included a mix of faiths like Baptist and Methodist; choosing any single group or only one specific faith misses the overall diversity of the movement.
4200,4,true_false,exercise,4196,All Loyalists shared one single ethnic origin.,,false,,,"Loyalists actually came from Dutch, German, British, Scandinavian, Aboriginal, and other origins."
4201,4,true_false,preview,4202,"About 3,000 black Loyalists came north.",,true,,,"That is correct; a significant number of Black Loyalists arrived in British North America after the war, seeking refuge and freedom."
4202,4,multiple_choice,main,,What did some black Nova Scotians do in 1792?,Founded Freetown|Founded Quebec|Joined Iroquois|Returned home,0,,,"In 1792, some black Nova Scotians, given poor land, moved on to establish Freetown, Sierra Leone."
4203,4,select_blank,exercise,4202,Freetown was a new British colony in ___.,Sierra Leone|Nova Scotia|Ontario|Acadia,0,,,"Freetown was established as a settlement for freed Black Loyalists in Sierra Leone, making it a new British colony there."
4204,4,true_false,exercise,4202,Black Nova Scotians were given poor land.,,true,,,That's right; historical records show that their settlement lands were often marginal or less desirable compared to the grants given to white settlers.
4205,4,multiple_choice,exercise,4202,About how many black Loyalists came north?,"3,000|300|30,000|30",0,,,"The settlement of Black Loyalists in Nova Scotia was substantial, numbering around three thousand people who arrived after the American Revolution."
4206,4,true_false,exercise,4202,Freetown was founded for freed slaves.,,true,,,"That's correct; it was established specifically as a haven and community for formerly enslaved people, particularly those arriving through Loyalist migration routes."
4207,4,true_false,preview,4208,Pierre Le Moyne was a hero of New France.,,true,,,"Yes, he is considered one of the most significant figures in the history and defense of New France during that period."
4208,4,multiple_choice,main,,"What was Pierre Le Moyne, Sieur d'Iberville, known for?",War victories|Founding Quebec|Leading Loyalists|Quebec Act,0,p15-pierre-le-moyne.jpeg,,"Pierre Le Moyne, Sieur d'Iberville, was a great hero of New France, winning many victories over the English."
4209,4,select_blank,exercise,4208,Le Moyne's victories reached the ___.,Caribbean|Pacific|Arctic|Atlantic,0,,,"His successful campaigns and influence extended into the Caribbean, which was a major focus of French colonial power at the time."
4210,4,true_false,exercise,4208,Le Moyne fought against the English.,,true,,,"Yes, he was frequently in conflict with English settlers and military forces during his time in North America."
4211,4,multiple_choice,exercise,4208,In which era did Le Moyne win his victories?,1600s-1700s|1500s|1800s|1900s,0,,,"His major military actions and life were centered during the colonial period, spanning the late 17th through the early 18th centuries."
4212,4,true_false,exercise,4208,Le Moyne's victories only happened near Quebec City.,,false,,,Le Moyne's victories ranged from James Bay in the north to Nevis in the Caribbean.
4213,4,true_false,preview,4214,Sir Guy Carleton governed the Province of Quebec.,,true,,,"He served as a significant figure in British colonial administration, notably governing the region that became the Province of Quebec."
4214,4,multiple_choice,main,,What did Governor Guy Carleton do in 1775?,Beat invaders|Founded colony|Signed Act|Led Mohawks,0,p15-guy-carleton.jpeg,,"Sir Guy Carleton, as Governor of Quebec, defeated an American military invasion of Quebec in 1775."
4215,4,select_blank,exercise,4214,Carleton is also known as Lord ___.,Dorchester|Frontenac|Wolfe|Montcalm,0,,,"He was granted the title of Lord Dorchester, which is a common historical reference to his status and influence in British North America."
4216,4,true_false,exercise,4214,Carleton defended the rights of the Canadiens.,,true,,,"Despite being a British official, he was known for advocating and protecting the established legal and cultural rights of the French-speaking population."
4217,4,multiple_choice,exercise,4214,What did Carleton supervise in 1782–83?,Loyalist move|Fur trade|Plains battle|Act vote,0,,,"He spent that time overseeing the complex process of moving thousands of displaced Loyalists to new settlements, which was a massive logistical undertaking following the American Revolution."
4218,4,true_false,exercise,4214,Carleton oversaw Loyalist settlement in Nova Scotia and Quebec.,,true,,,"Yes, after the American Revolution, he was responsible for organizing and managing the resettlement of Loyalist populations across these key French territories."
4219,4,true_false,preview,4220,Frontenac refused to surrender Quebec in 1690.,,true,,,
4220,4,multiple_choice,main,,What did Frontenac say when asked to surrender?,My cannons|Surrender now|Talk peace|Will flee,0,p15-frontenac-defiance.jpeg,,"Count Frontenac refused to surrender Quebec to the English in 1690, saying his only reply would be from the mouths of his cannons."
4221,4,select_blank,exercise,4220,Frontenac refused to surrender Quebec to the ___.,English|French|Spanish|Dutch,0,,,"He resisted giving up control of New France to the English, who were continually challenging French authority in North America during that period."
4222,4,true_false,exercise,4220,Frontenac's famous reply mentioned his cannons.,,true,,,"That defiant response was quite dramatic; he specifically referenced the firepower at his disposal, making it clear that surrendering was not an option."
4223,4,multiple_choice,exercise,4220,In what year did Frontenac refuse to surrender?,1690|1608|1701|1759,0,,,"His refusal was a key moment in French colonial history, occurring around 1690 when he stood up to British encroachment on Quebec's sovereignty."
4224,4,true_false,exercise,4220,Frontenac surrendered Quebec without resistance.,,false,,,"Frontenac actually refused to surrender, saying his reply would come from his cannons."
5001,5,true_false,preview,5002,Halifax held Canada's first elected assembly.,,true,,,This is true; the elected body that served as a representative assembly was established in Halifax.
5002,5,multiple_choice,main,,Where was Canada's first elected assembly?,Halifax|Quebec City|Toronto|Montreal,0,,,"Halifax, Nova Scotia, is where Canada's first representative assembly convened in 1758."
5003,5,true_false,exercise,5002,Nova Scotia's first assembly met in 1758.,,true,,,That's correct; the initial meeting of the legislative body for Nova Scotia took place in 1758.
5004,5,select_blank,exercise,5002,Halifax's first elected assembly met in ___.,1758|1773|1785|1791,0,,,"The first elected assembly held its inaugural session in 1758, marking a significant early moment in Canadian political history."
5005,5,multiple_choice,exercise,5002,Which province had Canada's first assembly?,Nova Scotia|New Brunswick|PEI|Quebec,0,,,Nova Scotia is the correct answer because it was the location of Canada's earliest representative legislative body.
5006,5,true_false,exercise,5002,Prince Edward Island had the first assembly.,,false,,,"No, Nova Scotia actually established its representative body before Prince Edward Island did."
5007,5,select_blank,preview,5008,PEI got an elected assembly in ___.,1773|1758|1785|1791,0,,,"The correct year is 1773, which marks the establishment of PEI's own elected representative body."
5008,5,multiple_choice,main,,When did New Brunswick get its assembly?,1785|1758|1773|1791,0,,,"PEI's assembly followed in 1773, and New Brunswick's in 1785."
5009,5,true_false,exercise,5008,New Brunswick's assembly came after PEI's.,,true,,,"That's right; while both were important milestones, New Brunswick established its assembly later than Prince Edward Island did."
5010,5,select_blank,exercise,5008,PEI's assembly followed Halifax's by ___ years.,15|5|30|50,0,,,It was about fifteen years later that Prince Edward Island finally established its own assembly after the initial developments in Halifax.
5011,5,multiple_choice,exercise,5008,"Which assembly came first, PEI or NB?",PEI|New Brunswick|Same year|Neither,0,,,"PEI established its own elected assembly before New Brunswick did, making it the earlier of the two."
5012,5,true_false,exercise,5008,New Brunswick's assembly started in 1785.,,true,,,"Yes, the local governing body for New Brunswick began meeting around that time, establishing early self-governance structures."
5013,5,true_false,preview,5014,The Constitutional Act of 1791 split Quebec.,,true,,,"That is correct; the Act reorganized the province by creating separate legislative bodies for different regions, effectively splitting its governance structure."
5014,5,multiple_choice,main,,What did the Constitutional Act of 1791 do?,Divided Quebec|Merged Canadas|Ended slavery|Created RCMP,0,,,The Constitutional Act of 1791 divided the Province of Quebec into Upper Canada and Lower Canada.
5015,5,select_blank,exercise,5014,The Constitutional Act was passed in ___.,1791|1758|1867|1840,0,,,"The Constitutional Act that reorganized the colonies was passed in 1791, predating both the major union of 1840 and the later Confederation of 1867."
5016,5,true_false,exercise,5014,The Act created Upper and Lower Canada.,,true,,,This is correct; the reorganization under the Constitutional Act established two distinct legislative entities: Upper Canada and Lower Canada.
5017,5,multiple_choice,exercise,5014,What did Upper Canada later become?,Ontario|Quebec|Manitoba|Nova Scotia,0,,,"After various reorganizations, the territory of Upper Canada was eventually renamed and became the province of Ontario."
5018,5,multiple_choice,exercise,5014,What did Lower Canada later become?,Quebec|Ontario|Manitoba|Nova Scotia,0,,,"Lower Canada eventually became the province of Quebec, which retains much of its original French cultural identity."
5019,5,true_false,preview,5020,Lower Canada was mainly French-speaking and Catholic.,,true,,,
5020,5,multiple_choice,main,,Which best described Upper Canada in 1791?,Loyalist English|Catholic French|Bilingual Métis|Acadian Catholic,0,p16-first-assembly-lower-canada.jpeg,,"Upper Canada was mainly Loyalist, Protestant and English-speaking; Lower Canada was heavily Catholic and French-speaking."
5021,5,multiple_choice,exercise,5020,Which best described Lower Canada in 1791?,Catholic French|Loyalist English|Protestant English|Acadian Dutch,0,,,"In 1791, Lower Canada was predominantly Catholic French, reflecting the demographics and culture established by New France."
5022,5,true_false,exercise,5020,Upper Canada was mostly Protestant and Loyalist.,,true,,,That's correct; Upper Canada developed a strong Protestant identity largely due to the influx of Loyalists after the American Revolution.
5023,5,select_blank,exercise,5020,Lower Canada's assembly debated using French and ___.,English|Spanish|Gaelic|Dutch,0,p16-first-assembly-lower-canada.jpeg,,"The assembly debated using French and English, reflecting the growing tension and need for bilingual governance in the colony."
5024,5,true_false,exercise,5020,Lower Canada's first assembly met in Quebec City.,,true,,,"Yes, the first legislative assembly of Lower Canada convened right there in Quebec City."
5025,5,true_false,preview,5026,The Atlantic colonies and Canadas were called British North America.,,true,,,That's right; this grouping of territories was officially known as British North America during that time period.
5026,5,multiple_choice,main,,What became official under the 1791 Act?,Name Canada|Maple Leaf|Bilingualism law|Confederation,0,,,The name Canada became official at this time and has been used ever since.
5027,5,true_false,exercise,5026,The name 'Canada' became official in 1791.,,true,,,The Act of Union in 1791 formalized the name 'Canada' for these combined British colonies.
5028,5,select_blank,exercise,5026,The Canadas and Atlantic colonies were British ___ America.,North|South|Upper|Central,0,,,"They were collectively referred to as British North America, which accurately describes this specific geographical grouping."
5029,5,multiple_choice,exercise,5026,What term covered these colonies together?,BNA|New France|Dominion Canada|Confederation,0,,,The most common and accurate historical term used for these combined colonies was BNA (British North America).
5030,5,true_false,preview,5031,Upper Canada moved toward ending slavery first in the Empire.,,true,,,"Upper Canada, due to its specific political movements and economic makeup, was the region that began pushing for abolition within the Empire."
5031,5,multiple_choice,main,,Who led Upper Canada toward abolishing slavery?,Simcoe|Macdonald|Robert Baldwin|Louis Riel,0,p16-simcoe-portrait.jpeg,,"In 1793, Lieutenant Governor John Graves Simcoe led Upper Canada to become the first province in the Empire to move toward abolition."
5032,5,select_blank,exercise,5031,Upper Canada moved toward abolition in ___.,1793|1807|1833|1867,0,,,"The movement toward abolishing the colonial government's power began in 1793, driven by political dissent and calls for reform."
5033,5,true_false,exercise,5031,Simcoe was Upper Canada's first Lieutenant Governor.,,true,p16-simcoe-portrait.jpeg,,"John Graves Simcoe was indeed appointed as Upper Canada’s first Lieutenant Governor, establishing his early influence in the colony."
5034,5,multiple_choice,exercise,5031,Simcoe also founded which city?,York (Toronto)|Halifax|Montreal|Kingston,0,,,"Simcoe is credited with founding York (which later became Toronto), making it a key center of settlement and commerce."
5035,5,true_false,exercise,5031,Simcoe was a Loyalist military officer.,,true,,,"Yes, Simcoe was a Loyalist officer who had served during the American Revolution, which shaped his early career in Upper Canada."
5036,5,select_blank,preview,5037,Britain abolished slavery empire-wide in ___.,1833|1807|1793|1867,0,,,"Britain finally abolished slavery throughout its empire in 1833, following significant pressure from abolitionist movements."
5037,5,multiple_choice,main,,When did Britain abolish slavery empire-wide?,1833|1807|1793|1867,0,,,"In 1807, the British Parliament prohibited the buying and selling of slaves, and in 1833 abolished slavery throughout the Empire."
5038,5,select_blank,exercise,5037,Britain banned buying and selling of slaves in ___.,1807|1833|1793|1758,0,,,"Britain passed the Slave Trade Act in 1807, which banned the buying and selling of enslaved people through British ports. This was a ban on the trade itself, not full abolition."
5039,5,true_false,exercise,5037,The slave-trade ban came before full abolition.,,true,,,That's correct; banning the slave trade (1807) was just an initial step toward freedom. Full abolition didn't happen until 1833.
5040,5,multiple_choice,exercise,5037,What happened across the British Empire in 1833?,Slavery abolished|Slave trade|Confederation formed|War 1812,0,,,"The year 1833 marks the major turning point when Britain passed the Slavery Abolition Act, freeing enslaved people across its empire."
5041,5,true_false,preview,5042,The Underground Railroad helped enslaved people reach Canada.,,true,,,That's right; Canada was a common destination for those who used the Underground Railroad. It provided a key refuge from slavery in the US.
5042,5,multiple_choice,main,,What was the Underground Railroad?,Anti-slavery network|Rail company|Political party|Trade route,0,,,"Thousands of slaves escaped the United States via the Underground Railroad, a Christian anti-slavery network, following ""the North Star"" to Canada."
5043,5,select_blank,exercise,5042,Escaping slaves followed ___ to reach Canada.,North Star|a map|a guidebook|a river,0,,,"The North Star served as a vital navigational guide, helping escapees orient themselves on their journey north to freedom."
5044,5,true_false,exercise,5042,The Underground Railroad was a Christian network.,,true,,,True because the movement relied heavily on the faith and networks of Christian abolitionists who risked their lives to help others escape slavery.
5045,5,multiple_choice,exercise,5042,Where did Underground Railroad escapees settle?,Canada|Mexico|France|The Caribbean,0,,,"Many escapees sought safety and freedom by heading north to Canada, which offered a more welcoming haven than the other options listed."
5046,5,true_false,preview,5047,Mary Ann Shadd Cary was Canada's first woman publisher.,,true,,,"This is correct; she was a groundbreaking figure who established herself as the first female publisher in Canada, using her platform for abolitionist causes."
5047,5,multiple_choice,main,,What did Mary Ann Shadd Cary found in 1853?,Provincial Freeman|The RCMP|Stock exchange|Political party,0,p16-mary-ann-shadd-cary.jpeg,,"In 1853 Mary Ann Shadd Cary became the first woman publisher in Canada, helping found The Provincial Freeman newspaper."
5048,5,select_blank,exercise,5047,Shadd Cary became Canada's first woman ___.,publisher|premier|judge|mayor,0,,,"She made history by becoming the first woman to establish herself as a professional publisher in Canada, solidifying her role in Canadian literature and activism."
5049,5,true_false,exercise,5047,The Provincial Freeman supported anti-slavery causes.,,true,,,"That is correct; this newspaper and its supporters were vocal proponents of abolitionism, using their platform to fight slavery."
5050,5,multiple_choice,exercise,5047,In what year did Shadd Cary found her newspaper?,1853|1793|1807|1867,0,p16-mary-ann-shadd-cary.jpeg,,"Shadd Cary founded her newspaper in 1853, which was a key time for abolitionist movements. The other dates are incorrect historical markers."
5051,5,true_false,exercise,5047,Shadd Cary was an activist against slavery.,,true,,,That's right; Shadd Cary was heavily involved in the anti-slavery movement and civil rights activism throughout her life.
5052,5,true_false,preview,5053,The Hudson's Bay Company dominated the northwest fur trade.,,true,,,The Hudson's Bay Company did indeed exert massive control over the fur trade operations in the northwest for a very long time.
5053,5,multiple_choice,main,,Which company dominated Canada's early fur trade?,HBC|Montreal Exchange|East India|RCMP,0,,,"The Hudson's Bay Company, with French, British and Aboriginal employees, came to dominate the fur trade from Fort Garry to Fort Victoria."
5054,5,select_blank,exercise,5053,Fort Garry later became the city of ___.,Winnipeg|Vancouver|Regina|Calgary,0,,,Fort Garry was the original name of the settlement that grew into modern-day Winnipeg.
5055,5,true_false,exercise,5053,"The Hudson's Bay Company employed French, British and Aboriginal workers.",,true,,,
5056,5,select_blank,exercise,5053,Many early fur-trade forts later became Canadian ___.,cities|provinces|territories|colonies,0,,,Most of those early trading posts and forts eventually developed into major Canadian cities.
5057,5,select_blank,preview,5058,The Montreal Stock Exchange opened in ___.,1832|1758|1867|1905,0,,,"The Montreal Stock Exchange was established in 1832, making it one of the earliest major financial institutions in Canada."
5058,5,multiple_choice,main,,What opened in Montreal in 1832?,Stock exchange|A parliament|A university|A railway,0,,,The Montreal Stock Exchange opened in 1832; for centuries Canada's economy was based mainly on farming and exporting natural resources.
5059,5,true_false,exercise,5058,Canada's early economy relied on farming and resources.,,true,,,"Before industrialization took hold, the economy was heavily dependent on natural goods like timber, fur, and agricultural products for trade and survival."
5060,5,multiple_choice,exercise,5058,Which was an early Canadian export?,Fur|Automobiles|Computers|Airplanes,0,,,"Historically, furs were one of Canada's most valuable commodities, driving early trade networks long before manufactured goods like cars or computers existed."
5061,5,true_false,exercise,5058,The Montreal Stock Exchange opened in the 19th century.,,true,,,"Since the exchange opened in 1832, it falls squarely within the time period recognized as the 19th century."
5062,5,true_false,preview,5063,The United States invaded Canada in June 1812.,,true,,,"This date marks the beginning of the War of 1812, a major conflict between the US and Great Britain over control of North America."
5063,5,multiple_choice,main,,Why did the U.S.A. invade Canada in 1812?,British interference|Border dispute|Fur trade|Religious conflict,0,p17-hms-shannon-uss-chesapeake.jpeg,,"American resentment at British interference with shipping, after Britain fought Napoleon, led the U.S.A. to invade Canada in June 1812."
5064,5,select_blank,exercise,5063,The U.S.A. invaded Canada in ___.,June 1812|July 1812|1814|1805,0,,,The major fighting of the War of 1812 began in June when American forces initiated incursions into Canadian territory.
5065,5,true_false,exercise,5063,The Royal Navy ruled the seas after Trafalgar.,,true,,,"Exactly; Trafalgar gave Britain total naval dominance, meaning no other power could challenge their ability to project global military force by sea."
5066,5,multiple_choice,exercise,5063,Which battle defeated Napoleon's fleet in 1805?,Trafalgar|Waterloo|Chateauguay|Beaver Dams,0,,,Trafalgar was the decisive battle where the Royal Navy shattered Napoleon's combined fleet; Waterloo happened years later and involved land forces.
5067,5,true_false,exercise,5063,The Americans believed conquering Canada would be easy.,,true,p17-hms-shannon-uss-chesapeake.jpeg,,"They were incredibly overconfident, assuming that their military might would lead to an easy victory against Canada. This initial belief proved disastrously wrong."
5068,5,true_false,preview,5069,Isaac Brock died defending Queenston Heights.,,true,,,"That is correct; he died leading the defense at Queenston Heights, which was a pivotal moment in the War of 1812."
5069,5,multiple_choice,main,,Which First Nations leader allied with Brock?,Chief Tecumseh|Louis Riel|Robert Baldwin|Gabriel Dumont,0,p17-brock-and-tecumseh.jpeg,,"Major-General Sir Isaac Brock captured Detroit with Shawnee Chief Tecumseh's support, but was killed defending Queenston Heights in 1812."
5070,5,select_blank,exercise,5069,Brock captured the city of ___ in July 1812.,Detroit|Toronto|Montreal|Halifax,0,,,Isaac Brock's forces successfully captured Detroit from the Americans in July 1812 during the War of 1812.
5071,5,true_false,exercise,5069,Tecumseh led Shawnee warriors who helped defend Canada.,,true,p17-brock-and-tecumseh.jpeg,,"This is true; Tecumseh was a powerful leader who organized various Native American nations, including the Shawnee, to resist American expansion into what became Canada."
5072,5,multiple_choice,exercise,5069,Where was Isaac Brock killed in battle?,Queenston Heights|Chateauguay|Beaver Dams|York,0,,,He fell during the Battle of Queenston Heights while defending the Niagara frontier against American forces.
5073,5,true_false,exercise,5069,The Americans won the Battle of Queenston Heights.,,false,,,
5074,5,true_false,preview,5075,"460 soldiers turned back 4,000 Americans at Chateauguay.",,true,,,This statement is accurate; the smaller Canadian force managed to hold off a much larger American contingent during that engagement at Chateauguay.
5075,5,multiple_choice,main,,Who led Canadians at the Battle of Chateauguay?,de Salaberry|Isaac Brock|Robert Ross|Sam Steele,0,p17-french-canadian-militiaman.jpeg,,"In 1813, Lieutenant-Colonel Charles de Salaberry and 460 soldiers, mostly French Canadiens, turned back 4,000 American invaders at Chateauguay."
5076,5,select_blank,exercise,5075,Chateauguay is located south of ___.,Montreal|Toronto|Halifax|Quebec City,0,,,"The Châteauguay River valley runs generally southwest from the area near Montreal, making it geographically situated to the south of that major city center."
5077,5,true_false,exercise,5075,Most of de Salaberry's soldiers were French Canadiens.,,true,p17-french-canadian-militiaman.jpeg,,The militia units that formed the core of de Salaberry's defense forces were predominantly composed of French Canadians.
5078,5,multiple_choice,exercise,5075,About how many soldiers defended Chateauguay?,"460|4,000|12,000|100",0,,,"The garrison defending Chateauguay was a relatively small force, numbering approximately 460 soldiers during that time period."
5079,5,true_false,preview,5080,Americans burned York's Parliament Buildings in 1813.,,true,,,
5080,5,multiple_choice,main,,Who burned the White House in 1814?,Robert Ross|Isaac Brock|de Salaberry|Sam Steele,0,,,"In retaliation for the burning of York in 1813, Major-General Robert Ross burned the White House and other Washington buildings in 1814."
5081,5,select_blank,exercise,5080,The Americans burned York's Parliament Buildings in ___.,1813|1812|1814|1815,0,,,The burning of the Parliament Buildings took place in 1813 as part of the conflict during the War of 1812.
5082,5,true_false,exercise,5080,Robert Ross was buried in Halifax with military honours.,,true,,,"Because of his service and status, Robert Ross was given a proper burial ceremony with full military honors in Halifax."
5083,5,multiple_choice,exercise,5080,What is York known as today?,Toronto|Ottawa|Montreal|Kingston,0,,,The historic settlement known as York eventually grew into the large metropolis that is now Toronto.
5084,5,true_false,preview,5085,Laura Secord walked 30 km to warn of an attack.,,true,,,"Yes, she indeed walked about 30 kilometers in a very short time to alert the British forces of the danger."
5085,5,multiple_choice,main,,What did Laura Secord do in 1813?,Gave warning|Led army|Founded newspaper|Signed BNA,0,p17-laura-secord-stamp.jpeg,,"In 1813, Laura Secord made a dangerous 30-km journey to warn Lieutenant FitzGibbon of a planned American attack, aiding victory at Beaver Dams."
5086,5,select_blank,exercise,5085,Secord's warning helped win the Battle of ___.,Beaver Dams|Chateauguay|Queenston Heights|Trafalgar,0,,,Her crucial warning was instrumental in securing a victory at the Battle of Beaver Dams. The other locations were significant but not the site of her specific warning's impact.
5087,5,true_false,exercise,5085,Laura Secord warned Lieutenant James FitzGibbon.,,true,p17-laura-secord-stamp.jpeg,,That is correct; she managed to warn Lieutenant James FitzGibbon about the approaching enemy forces.
5088,5,multiple_choice,exercise,5085,About how far did Laura Secord travel on foot?,30 km|5 km|100 km|60 km,0,,,She covered approximately 30 kilometers on foot during her urgent journey to warn the British troops.
5089,5,true_false,preview,5090,The Duke of Wellington chose Bytown for the Rideau Canal.,,true,,,This is accurate; it was under the direction of the Duke of Wellington that Bytown was established as a key point on the canal route.
5090,5,multiple_choice,main,,Which city grew from Wellington's canal endpoint?,Ottawa|Toronto|Montreal|Kingston,0,p17-duke-of-wellington.jpeg,,"Wellington chose Bytown (Ottawa) as the endpoint of the Rideau Canal, part of a defence network; Bytown became the national capital."
5091,5,select_blank,exercise,5090,Wellington defeated Napoleon in ___.,1815|1812|1814|1793,0,,,"Wellington achieved his most famous victory over Napoleon at the Battle of Waterloo in 1815, which ended Napoleon's reign."
5092,5,true_false,exercise,5090,The Rideau Canal helped defend against U.S. invasion.,,true,,,"Yes, it was a vital military asset and defensive line that helped protect Canadian settlements from American forces during the War of 1812."
5093,5,multiple_choice,exercise,5090,Bytown is known today as which city?,Ottawa|Toronto|Kingston|Halifax,0,p17-duke-of-wellington.jpeg,,Bytown was the name of the original settlement site that eventually grew into modern-day Ottawa.
5094,5,true_false,preview,5095,By 1814 the American attempt to conquer Canada had failed.,,true,,,"That's correct; after several campaigns, the American forces were unable to successfully conquer Canada and began withdrawing their main military efforts."
5095,5,multiple_choice,main,,What did the War of 1812 ensure for Canada?,Stayed independent|Union U.S.A.|Return France|End slavery,0,,,"By 1814 the American attempt to conquer Canada had failed, and the war ensured Canada would remain independent of the United States."
5096,5,select_blank,exercise,5095,War of 1812 defence Fort Henry is at ___.,Kingston|Halifax|Quebec City|Ottawa,0,,,"Fort Henry was situated in Kingston, making it a critical defensive position guarding the mouth of the St. Lawrence River during the conflict."
5097,5,true_false,exercise,5095,Today's Canada-U.S.A. border partly resulted from the War of 1812.,,true,,,The conflicts during the War of 1812 were crucial in defining and solidifying many of the boundaries that make up the modern Canada-U.S. border.
5098,5,multiple_choice,exercise,5095,Which city built a naval drydock for defence?,Halifax|Toronto|Winnipeg|Regina,0,,,"Halifax was developed into a major British naval hub, requiring large drydocks to maintain its status as a key defensive port for the Atlantic fleet."
5099,5,true_false,preview,5100,Armed rebellions occurred in 1837-38 near Montreal and Toronto.,,true,,,"The Rebellions of 1837-38 were indeed armed uprisings that took place in Upper and Lower Canada, centered around major cities like Toronto and Montreal."
5100,5,multiple_choice,main,,Where did the 1837-38 rebellions occur?,Montreal Toronto|Halifax Regina|Quebec Kingston|Winnipeg Victoria,0,,,"Armed rebellions occurred in 1837-38 in the area outside Montreal and in Toronto, but the rebels lacked enough public support to succeed."
5101,5,select_blank,exercise,5100,The rebels wanted faster progress toward full ___.,democracy|monarchy|war|slavery,0,,,The rebels' main goal was to transition from a system of appointed rule toward greater self-governance and democratic rights for the colonists.
5102,5,true_false,exercise,5100,British troops and Canadian volunteers defeated the rebels.,,true,,,"The rebellion was ultimately put down by forces loyal to the Crown, including British troops and local volunteer militias."
5103,5,multiple_choice,exercise,5100,What happened to some rebellion leaders?,Hanged/exiled|Became premier|Were knighted|Were promoted,0,,,
5104,5,true_false,preview,5105,Lord Durham recommended merging Upper and Lower Canada.,,true,,,"Yes, he did; his report strongly advocated for uniting the separate colonies of Upper and Lower Canada into a single political entity."
5105,5,multiple_choice,main,,What did Lord Durham recommend for the Canadas?,Merge self-govern|Split colonies|Full independence|Return France,0,,,"Lord Durham recommended that Upper and Lower Canada be merged and given responsible government, where ministers need majority support to govern."
5106,5,select_blank,exercise,5105,Durham controversially urged Canadiens to ___ into English culture.,assimilate|separate|emigrate|unite,0,,,"Durham argued they should assimilate into English culture, which was highly controversial because it dismissed French-Canadian identity and language."
5107,5,true_false,exercise,5105,Durham's assimilation idea misunderstood French Canadians.,,true,,,That is correct; his push for assimilation failed to grasp the deep cultural significance of language and religion for the French population.
5108,5,multiple_choice,exercise,5105,Responsible government requires support from whom?,Elected majority|Queen only|The army|No one,0,,,"Responsible government means that the executive branch must maintain the support and confidence of the elected legislative majority, not just the monarch."
5109,5,true_false,preview,5110,Sir Leonard Tilley suggested the term Dominion of Canada.,,true,,,"Yes, he is credited with introducing and promoting the title ""Dominion of Canada,"" which helped shape its national identity."
5110,5,multiple_choice,main,,Who suggested the name 'Dominion of Canada'?,Leonard Tilley|John Macdonald|George-Étienne Cartier|Louis Riel,0,,,"Sir Leonard Tilley, a Father of Confederation from New Brunswick, suggested the term Dominion of Canada in 1864, inspired by Psalm 72."
5111,5,select_blank,exercise,5110,Tilley suggested 'Dominion' in ___.,1864|1867|1791|1905,0,,,"Tilley proposed the term 'Dominion' during the period leading up to Confederation, specifically in 1864. While other dates are associated with Canadian political milestones, this year marks his suggestion of that specific terminology."
5112,5,true_false,exercise,5110,The term 'Dominion' came from Psalm 72.,,true,,,"This is correct because the concept of a protected, semi-autonomous realm—the idea behind 'Dominion'—is drawn from biblical language found in Psalm 72."
5113,5,multiple_choice,exercise,5110,Tilley was a Father of Confederation from which province?,New Brunswick|Nova Scotia|Ontario|Quebec,0,,,"John Tilley was originally a prominent figure and Father of Confederation from New Brunswick. While he interacted with all the colonies, his roots and primary political base were in NB."
5114,5,true_false,preview,5115,Upper and Lower Canada united in 1840.,,true,,,"This statement is accurate; the union of Upper and Lower Canada occurred through the Act of Union in 1840, creating a single administrative unit."
5115,5,multiple_choice,main,,What formed in 1840 from the two Canadas?,Province Canada|Dominion Canada|New France|British Columbia,0,,,"In 1840, Upper and Lower Canada were united as the Province of Canada."
5116,5,select_blank,exercise,5115,The Province of Canada formed in ___.,1840|1791|1867|1849,0,,,
5117,5,true_false,exercise,5115,The Province of Canada replaced Upper and Lower Canada.,,true,,,
5118,5,multiple_choice,exercise,5115,Which system requires the government to keep majority support?,Responsible government|Absolute monarchy|Confederation|Martial law,0,,,"Responsible government is defined by the principle that the executive branch must maintain the confidence and support of the elected legislative majority to remain in power. Absolute monarchy, conversely, derives its authority from divine right alone."
5119,5,multiple_choice,exercise,5115,What is meant by the term 'responsible government'?,Majority support|Queen rules|Provinces independent|Judges govern,0,,,Responsible government means the ministers of the Crown must have the support of a majority of elected representatives to govern.
5120,5,true_false,preview,5121,La Fontaine and Baldwin worked toward responsible government.,,true,,,
5121,5,multiple_choice,main,,Who championed French language rights as a reformer?,La Fontaine|Robert Baldwin|Joseph Howe|John Macdonald,0,p18-lafontaine-portrait.png,,"La Fontaine, alongside Robert Baldwin and Joseph Howe in Nova Scotia, worked with British governors toward responsible government."
5122,5,select_blank,exercise,5121,Robert Baldwin worked alongside ___ for responsible government.,La Fontaine|Riel|Cartier|Tilley,0,,,Robert Baldwin was a close political ally of Pierre-Étienne de La Fontaine; together they were key figures who championed the cause of responsible government in Upper Canada.
5123,5,true_false,exercise,5121,Joseph Howe led reform efforts in Nova Scotia.,,true,,,"That is correct. Joseph Howe was a major figure in Nova Scotian politics, leading significant reform efforts that pushed for greater self-governance."
5124,5,multiple_choice,exercise,5121,La Fontaine became the first leader of what?,Responsible government|The RCMP|The Senate|The army,0,p18-lafontaine-portrait.png,,"He became one of the most prominent early leaders associated with establishing responsible government in Upper Canada, making him a foundational figure of that political movement."
5125,5,multiple_choice,exercise,5121,Who was Sir Louis-Hippolyte La Fontaine?,Led government|First PM|Duke Wellington|Shawnee chief,0,p18-lafontaine-portrait.png,,"La Fontaine, a champion of democracy and French language rights, became the first leader of a responsible government in the Canadas, in 1849."
5126,5,true_false,preview,5127,Nova Scotia was first to gain responsible government.,,true,,,"Yes, Nova Scotia was among the earliest colonies to achieve significant self-governance and establish functioning responsible government."
5127,5,multiple_choice,main,,Which colony first gained full responsible government?,Nova Scotia|Province Canada|New Brunswick|PEI,0,,,Nova Scotia attained full responsible government in 1847-48; Lord Elgin introduced it in the Province of Canada in 1848-49.
5128,5,select_blank,exercise,5127,Nova Scotia gained responsible government in ___.,1847-48|1840|1867|1791,0,,,"The period of 1847-48 is when Nova Scotia successfully established its own responsible government structure, predating the major changes in other colonies."
5129,5,true_false,exercise,5127,Lord Elgin introduced responsible government to United Canada.,,true,,,"Yes, while the concept was debated by many, it was during Lord Elgin's time that the groundwork and political momentum for responsible government were established in Upper and Lower Canada."
5130,5,multiple_choice,exercise,5127,What happens after a lost confidence vote?,Resign|Gain power|Call king|Nothing,0,,,"A lost confidence vote means the governing party has lost the support of the legislature, which legally forces them to resign their seats and potentially trigger an election."
5131,5,true_false,preview,5132,The Fathers of Confederation created Canada by 1867.,,true,,,That's correct; the constitutional framework that established modern Canada was formally put into effect with the British North America Act of 1867.
5132,5,multiple_choice,main,,Who negotiated Canada's Confederation from 1864-1867?,Fathers Confederation|Underground Railroad|The NWMP|The Métis,0,p18-fathers-of-confederation.jpeg,,"From 1864 to 1867, representatives of Nova Scotia, New Brunswick and the Province of Canada worked together as the Fathers of Confederation to form a new country."
5133,5,select_blank,exercise,5132,Confederation talks ran from 1864 to ___.,1867|1870|1791|1905,0,,,"The major push and culmination of these talks led directly to the passage of the BNA Act in 1867, which officially formed Confederation."
5134,5,true_false,exercise,5132,Confederation created federal and provincial levels of government.,,true,p18-fathers-of-confederation.jpeg,,"That's right; the BNA Act didn't just create a union, it formalized the division of power between a central federal government and distinct provincial governments."
5135,5,multiple_choice,exercise,5132,Which two provinces formed from the Province of Canada?,Ontario Quebec|Manitoba BC|NB NS|Alberta Saskatchewan,0,,,"The Province of Canada was originally composed of Upper and Lower Canada, which eventually became Ontario and Quebec."
5136,5,multiple_choice,exercise,5132,What does Confederation mean?,Uniting provinces|Ending slavery|Signing treaty|Building railway,0,p18-fathers-of-confederation.jpeg,,"Confederation is the joining of separate colonies into one federal country, creating federal and provincial levels of government."
5137,5,true_false,preview,5138,"The Dominion of Canada was born on July 1, 1867.",,true,,,"This date marks the passage of the British North America Act, establishing the Dominion of Canada with its initial provinces."
5138,5,multiple_choice,main,,What Act created the Dominion of Canada?,BNA Act|Constitutional Act|Quebec Act|Indian Act,0,,,"The British Parliament passed the British North America Act in 1867; the Dominion of Canada was officially born on July 1, 1867."
5139,5,select_blank,exercise,5138,July 1 was called 'Dominion Day' until ___.,1982|1867|1905|1949,0,,,"While 'Dominion Day' was used for many years, the official name changed to Canada Day in 1982."
5140,5,true_false,exercise,5138,July 1 is now officially called Canada Day.,,true,,,"That's right; while it has historical roots, the modern celebration is officially known as Canada Day."
5141,5,multiple_choice,exercise,5138,Which parliament passed the British North America Act?,British Parliament|American Congress|Quebec Assembly|Ontario Legislature,0,,,"The British Parliament passed this foundational act, which created the framework for Canadian Confederation."
5142,5,true_false,preview,5143,New Brunswick was a founding province of Canada.,,true,,,"Yes, New Brunswick was one of the original provinces that formed Canada in 1867."
5143,5,multiple_choice,main,,Which was NOT a founding province in 1867?,British Columbia|Ontario|Quebec|Nova Scotia,0,,,"In 1867, Ontario, Quebec, Nova Scotia and New Brunswick together formed the new country called the Dominion of Canada. British Columbia joined later, in 1871."
5144,5,select_blank,exercise,5143,Each new province controlled areas like education and ___.,health|foreign policy|defence|currency,0,,,"Provinces are responsible for managing services close to home, such as education and healthcare; these areas were kept out of federal hands."
5145,5,true_false,exercise,5143,Prince Edward Island joined Confederation in 1867.,,false,,,"No, while it was part of the early negotiations, Prince Edward Island didn't join Confederation until 1873."
5146,5,multiple_choice,exercise,5143,How many provinces founded Canada in 1867?,Four|Two|Six|Ten,0,,,"The initial Confederation in 1867 was formed by four provinces: Upper Canada, Lower Canada, Nova Scotia, and New Brunswick."
5147,5,true_false,preview,5148,Manitoba joined Confederation in 1870.,,true,,,"That's right; Manitoba was admitted to Confederation in 1870, solidifying Canada's western expansion."
5148,5,multiple_choice,main,,Which province joined Canada in 1871?,British Columbia|Manitoba|Alberta|Yukon,0,,,"Manitoba and the Northwest Territories joined in 1870, British Columbia in 1871, and Prince Edward Island in 1873."
5149,5,select_blank,exercise,5148,Prince Edward Island joined Confederation in ___.,1873|1867|1870|1871,0,,,"Prince Edward Island was the last province to join Confederation in 1873, following the initial establishment of Canada in 1867."
5150,5,true_false,exercise,5148,The Arctic Islands were transferred to the N.W.T. in 1880.,,true,,,That is correct; this transfer consolidated these northern lands under the administration of the Northwest Territories by that time.
5151,5,multiple_choice,exercise,5148,Manitoba and the Northwest Territories joined in which year?,1870|1867|1871|1873,0,,,"Manitoba was officially incorporated and joined the Dominion in 1870, which happened before the full establishment of the NWT."
5152,5,true_false,preview,5153,Nunavut became a territory in 1999.,,true,,,"That is correct; while the area had been administered by others, Nunavut formally became a territory in 1999."
5153,5,multiple_choice,main,,When did Newfoundland and Labrador join Canada?,1949|1905|1898|1999,0,,,"Yukon Territory joined in 1898, Alberta and Saskatchewan in 1905, Newfoundland and Labrador in 1949, and Nunavut in 1999."
5154,5,select_blank,exercise,5153,Alberta and Saskatchewan joined Canada in ___.,1905|1898|1949|1999,0,,,Alberta and Saskatchewan were incorporated into Canada as part of the Dominion Lands Act in 1905.
5155,5,true_false,exercise,5153,Yukon Territory joined Canada in 1898.,,true,,,"Yes, the Yukon was officially incorporated into Canada in 1898."
5156,5,multiple_choice,exercise,5153,"Which territory joined last, in 1999?",Nunavut|Yukon|Northwest Territories|Alberta,0,,,"Nunavut was established in 1999, making it the last of these territories to join Canada as a distinct administrative unit."
5157,5,true_false,preview,5158,Sir John A. Macdonald was Canada's first Prime Minister.,,true,,,That is correct; he served as Canada’s very first Prime Minister when Confederation occurred.
5158,5,multiple_choice,main,,Who was Canada's first Prime Minister in 1867?,John Macdonald|George-Étienne Cartier|Leonard Tilley|Louis Riel,0,,,"In 1867, Sir John Alexander Macdonald, a Father of Confederation, became Canada's first Prime Minister; he was born in Scotland in 1815."
5159,5,select_blank,exercise,5158,Macdonald was born in ___ in 1815.,Scotland|Ireland|England|Wales,0,,,"He was actually born in Scotland, which is where his family roots were located before he moved to Canada."
5160,5,true_false,exercise,5158,"Macdonald worked as a lawyer in Kingston, Ontario.",,true,,,"This is true; before his political career took off, he established himself by practicing law in Kingston."
5161,5,multiple_choice,exercise,5158,Whose portrait appears on the Canadian $10 bill?,John Macdonald|George-Étienne Cartier|Louis Riel|Leonard Tilley,0,,,"John A. Macdonald is featured on the current $10 bill, recognizing his significant role in Canadian history. While others were key figures, he was chosen for this specific modern representation."
5162,5,select_blank,exercise,5158,Parliament recognizes January 11 as Sir John Macdonald ___.,Day|Week|Weekend|Month,0,,,"It is officially recognized as Sir John Macdonald Day, marking an annual tribute to his contributions to Confederation."
5163,5,true_false,preview,5164,George-Étienne Cartier led Quebec into Confederation.,,true,,,That is correct; Cartier was instrumental in guiding the province of Quebec through the process and negotiations leading to Confederation.
5164,5,multiple_choice,main,,Who was the key architect of Confederation from Quebec?,George-Étienne Cartier|John Macdonald|Leonard Tilley|Louis Riel,0,,,"Sir George-Étienne Cartier, a railway lawyer and close ally of Macdonald, led Quebec into Confederation and helped negotiate BC's entry."
5165,5,select_blank,exercise,5164,Cartier helped negotiate the entry of Manitoba and ___.,British Columbia|Nunavut|Newfoundland|Yukon,0,,,"He played a crucial role in negotiating both the entry of Manitoba and, significantly, British Columbia into the Dominion."
5166,5,true_false,exercise,5164,Cartier was a close ally of John A. Macdonald.,,true,,,That is right; they were key figures who formed a powerful and enduring alliance in the politics surrounding Confederation.
5167,5,multiple_choice,exercise,5164,What was Cartier's profession?,Railway lawyer|Farmer|Soldier|Doctor,0,,,"Cartier started his career as a lawyer, specifically specializing in railway law before moving into other fields."
5168,5,true_false,preview,5169,Canada took the northwest from the Hudson's Bay Company.,,true,,,Canada did indeed take control of the northwest territory from the Hudson's Bay Company through various agreements and purchases.
5169,5,multiple_choice,main,,Why did Louis Riel lead an uprising in 1869?,Métis ignored|Slavery reinstated|Taxes rose|War U.S.A.,0,p19-fort-garry-1863.jpeg,,"When Canada took over the northwest in 1869, the 12,000 Métis of the Red River were not consulted, so Louis Riel led an uprising and seized Fort Garry."
5170,5,select_blank,exercise,5169,Riel and the Métis seized ___ as territorial capital.,Fort Garry|Fort Edmonton|Fort Victoria|Fort Calgary,0,p19-fort-garry-1863.jpeg,,"The Métis seized Fort Garry because it was the established center of their community and trade at that time, making it the logical choice for a capital."
5171,5,true_false,exercise,5169,"About 12,000 Métis lived at Red River.",,true,,,"Yes, Red River Settlement was home to a significant population, estimated around 12,000 Métis people."
5172,5,multiple_choice,exercise,5169,What region did Canada take from HBC in 1869?,The northwest|The Maritimes|Vancouver Island|Quebec,0,,,The primary area Canada acquired from the HBC in 1869 was the vast territory known as The Northwest.
5173,5,true_false,preview,5174,Riel fled to the United States after the uprising.,,true,,,"Yes, following the events of 1885, he left Canada and sought refuge in the United States."
5174,5,multiple_choice,main,,What happened after Ottawa retook Fort Garry in 1870?,Manitoba province|Riel Premier|Slavery ended|War Britain,0,,,"Ottawa sent soldiers to retake Fort Garry in 1870, Riel fled to the U.S.A., and Canada established the new province of Manitoba."
5175,5,select_blank,exercise,5174,Riel fled to the ___ after the uprising.,United States|Britain|France|Quebec,0,,,
5176,5,true_false,exercise,5174,Riel was elected to Parliament but never took his seat.,,true,,,"He was indeed elected by the Métis population, but political tensions and subsequent events prevented him from taking his seat in Ottawa."
5177,5,multiple_choice,exercise,5174,Riel is remembered as the father of which province?,Manitoba|Alberta|Saskatchewan|Ontario,0,,,He played a foundational role in the creation and settlement of what became the Province of Manitoba.
5178,5,true_false,preview,5179,Louis Riel was executed for high treason in 1885.,,true,,,This is correct; he faced charges of high treason following the uprising and was subsequently executed that year.
5179,5,multiple_choice,main,,Where did the second Métis rebellion happen in 1885?,Saskatchewan|Manitoba|Ontario|Quebec,0,p19-gabriel-dumont.png,,"A second rebellion in 1885 in present-day Saskatchewan led to Riel's trial and execution for high treason, strongly opposed in Quebec."
5180,5,select_blank,exercise,5179,Riel's execution was strongly opposed in ___.,Quebec|Ontario|Nova Scotia|Alberta,0,,,"Many French-Canadian leaders and citizens in Quebec vocally protested his death, viewing it as a miscarriage of justice."
5181,5,true_false,exercise,5179,Gabriel Dumont was the Métis' greatest military leader.,,true,p19-gabriel-dumont.png,,"He is widely recognized for his crucial role in defending Métis rights during conflicts like the Red River Resistance, making him a pivotal military leader."
5182,5,multiple_choice,exercise,5179,What was Riel convicted of in 1885?,High treason|Theft|Murder soldier|Smuggling,0,,,"Riel was charged with high treason by the Canadian government following the events of the North-West Resistance, which led to his eventual trial and exile."
6001,6,true_false,preview,6002,Canada took over the northwest region in 1869.,,true,,,The transfer of Rupert's Land from the Hudson's Bay Company to Canada was formalized through legislation in 1869.
6002,6,multiple_choice,main,,Who led the Métis uprising after 1869?,Louis Riel|Gabriel Dumont|Sam Steele|John Macdonald,0,p19-fort-garry.jpeg,,"In 1869 the 12,000 Métis of the Red River were not consulted when Canada took over the northwest from the Hudson's Bay Company. Louis Riel led an armed uprising and seized Fort Garry, the territorial capital."
6003,6,true_false,exercise,6002,Louis Riel led an armed uprising in 1869.,,true,,,His leadership during the Red River Resistance was a direct response to perceived threats against Métis rights and self-governance in 1869.
6004,6,multiple_choice,exercise,6002,What fort did Riel's forces seize in 1869?,Fort Garry|Fort Calgary|Fort MacLeod|Fort York,0,,,"The Métis forces successfully seized control of Fort Garry, which served as the key strategic center for the Red River Settlement during their resistance efforts."
6005,6,select_blank,exercise,6002,The ___ of the Red River were not consulted.,Métis|Inuit|Acadians|Huguenots,0,,,"The Métis Nation was the primary group whose rights and input were disregarded during the political turmoil surrounding the colony. While other groups lived in the region, the Métis had established a unique culture and claim to self-governance at Red River."
6006,6,multiple_choice,exercise,6002,How many Métis lived at Red River in 1869?,"12,000|1,200|120,000|2,000",0,,,"By 1869, the Red River community was home to a significant and organized population base of approximately 12,000 Métis people. This large number underscores their central role in the colony's political life."
6011,6,true_false,preview,6012,Manitoba became a province in 1870.,,true,,,"That is correct; following the outbreak of conflict and subsequent political negotiations, Manitoba was officially established as a province in 1870."
6012,6,multiple_choice,main,,What new province did Ottawa create in 1870?,Manitoba|Saskatchewan|Alberta|British Columbia,0,,,"Ottawa sent soldiers to retake Fort Garry in 1870. Riel fled to the United States, and Canada established a new province: Manitoba."
6013,6,true_false,exercise,6012,Riel fled to the United States in 1870.,,true,,,"This is true; after the events at Red River, Riel was forced to flee across the border into the United States in 1870."
6014,6,multiple_choice,exercise,6012,In what year did Ottawa retake Fort Garry?,1870|1867|1885|1873,0,,,"Ottawa retook Fort Garry in 1870, which marked a major turning point and signaled the effective end of the Red River Resistance."
6015,6,multiple_choice,exercise,6012,Which province came directly from the Red River uprising?,Manitoba|Ontario|Quebec|Nova Scotia,0,,,The political upheaval surrounding the Red River Settlement directly led to the creation of the province of Manitoba in 1870.
6021,6,true_false,preview,6022,Louis Riel was elected to Parliament.,,true,,,"Yes, despite the turmoil surrounding him, Riel was indeed elected as a Member of Parliament representing the Métis community."
6022,6,multiple_choice,main,,What happened after Riel was elected to Parliament?,Never sat|Became PM|Resigned immediately|Was knighted,0,,,"Riel was elected to Parliament but never took his seat, as Métis and Indian rights were again threatened by westward settlement."
6023,6,true_false,exercise,6022,Riel took his seat in Parliament after being elected.,,false,,,Riel was elected to Parliament but never took his seat.
6024,6,multiple_choice,exercise,6022,Despite being elected an MP Riel never did what?,Take seat|Pay taxes|Vote|Travel,0,,,"Although he won the election, Riel never actually took his seat in Parliament because of the political instability and subsequent conflicts with Canadian authorities."
6025,6,select_blank,exercise,6022,Riel was elected to ___ but never sat.,Parliament|the Senate|Cabinet post|the courts,0,,,"He was elected as a Member of Parliament (MP), which is why he never sat in the House of Commons despite winning the vote."
6031,6,true_false,preview,6032,A second Métis and Indian rebellion occurred in 1885.,,true,,,That is correct; the events of 1885 represent a major resurgence of Métis and Indigenous resistance against Canadian expansion.
6032,6,multiple_choice,main,,What was Riel's fate after the 1885 rebellion?,Treason trial|Exiled abroad|Given pardon|Made senator,0,,,"A second rebellion in 1885 in present-day Saskatchewan led to Riel's trial and execution for high treason, a decision that was strongly opposed in Quebec."
6033,6,multiple_choice,exercise,6032,Where did the second rebellion take place in 1885?,Present-day Saskatchewan|Present-day Alberta|Manitoba|British Columbia,0,,,The major fighting and resistance movements of the 1885 rebellion were centered in the region that is now Saskatchewan.
6034,6,true_false,exercise,6032,Riel's execution was strongly opposed in Quebec.,,true,,,"Yes, many French-Canadian groups opposed it because they viewed his struggle as a defense of Métis and French cultural rights against perceived colonial overreach."
6035,6,multiple_choice,exercise,6032,What crime was Riel convicted of in 1885?,High treason|Murder|Theft|Fraud,0,,,"He was charged with high treason because the government viewed his actions not just as dissent, but as an outright political challenge to the authority of the Canadian state."
6036,6,select_blank,exercise,6032,The 1885 rebellion arose as ___ rights were threatened.,"Métis, Indian|French|British|American",0,,,The conflict centered specifically on protecting the land claims and self-governance rights of the Métis Nation from encroachment by the federal government.
6041,6,true_false,preview,6042,Many Canadians see Louis Riel as a hero.,,true,,,"Yes, his fight for Métis rights and self-determination continues to resonate strongly with many Canadians today who view him as a defender of justice and cultural sovereignty."
6042,6,multiple_choice,main,,How is Louis Riel remembered by many Canadians?,Manitoba's father|RCMP founder|First PM|CPR builder,0,,,"Riel is seen by many as a hero, a defender of Métis rights and the father of Manitoba."
6043,6,true_false,exercise,6042,Louis Riel is considered by many the father of Manitoba.,,true,,,"Yes, he is widely considered this because his political efforts were crucial to establishing the initial structure and rights of Manitoba."
6044,6,multi_select,exercise,6042,Which titles describe Louis Riel's legacy?,Hero|Métis defender|Manitoba's father|Railway builder,0|1|2,,,"He is recognized as a hero and 'Manitoba's father' for his pivotal role in its founding, while his entire struggle was centered on defending Métis rights."
6045,6,multiple_choice,exercise,6042,What is Louis Riel most associated with defending?,Métis rights|British trade|French navy|Provincial taxes,0,,,"His primary political and military focus was ensuring the land claims, culture, and inherent rights of the Métis people were protected from external encroachment."
6051,6,true_false,preview,6052,Macdonald established the North West Mounted Police in 1873.,,true,,,That is correct; Macdonald established the NWMP to help enforce Canadian law and maintain order as settlement expanded into the West.
6052,6,multiple_choice,main,,Why did Macdonald establish the NWMP in 1873?,Pacify West|Fight wars|Head Tax|Build railway,0,,,"After the first Métis uprising, Macdonald established the North West Mounted Police (NWMP) in 1873 to pacify the West and assist in negotiations with the Indians."
6053,6,multiple_choice,exercise,6052,What year was the North West Mounted Police founded?,1873|1867|1885|1905,0,,,"The North West Mounted Police was founded in 1873, initially tasked with maintaining peace and enforcing federal authority across newly acquired western territories."
6054,6,true_false,exercise,6052,The NWMP founded Fort Calgary and Fort MacLeod.,,true,,,"Yes, the North-West Mounted Police were responsible for establishing both Fort Calgary and Fort MacLeod as key posts."
6055,6,select_blank,exercise,6052,Regina became the ___ of the NWMP.,headquarters|first fort|capital province|training camp,0,,,"Regina served as the main operational base or headquarters for the NWMP. While it was an important location, it wasn't their first fort or simply a training camp."
6056,6,multiple_choice,exercise,6052,Who established the NWMP in 1873?,John Macdonald|Wilfrid Laurier|Donald Smith|George Cartier,0,,,Prime Minister John Macdonald was instrumental in establishing the NWMP when it began operations in 1873.
6061,6,true_false,preview,6062,The RCMP is one of Canada's best-known symbols today.,,true,,,"Absolutely; due to their history and iconic presence, the RCMP are widely recognized as a major symbol of Canada."
6062,6,multiple_choice,main,,What is the RCMP known as today?,National police|Provincial court|Naval defence|Federal tax,0,,,"Today, the Royal Canadian Mounted Police (RCMP or ""the Mounties"") are the national police force and one of Canada's best-known symbols."
6063,6,select_blank,exercise,6062,The RCMP are often nicknamed 'the ___.',Mounties|Redcoats|Riders|Guards,0,,,"They earned the affectionate nickname ""Mounties"" because they were stationed and operated across Canada's vast mounted territories."
6064,6,true_false,exercise,6062,RCMP stands for Royal Canadian Mounted Police.,,true,,,That's right; RCMP is the official abbreviation for the Royal Canadian Mounted Police.
6065,6,multiple_choice,exercise,6062,The RCMP grew out of which earlier force?,NWMP|British Army|Fenian militia|Quebec militia,0,,,"The modern RCMP directly evolved from the North-West Mounted Police, which was established to maintain order in the West."
6071,6,true_false,preview,6072,Sir Sam Steele was a Mounted Policeman and soldier.,,true,,,"That's correct; he served in both capacities, meaning he had experience as both an officer of the police force and a military soldier."
6072,6,multiple_choice,main,,What was Sam Steele known as?,Frontier hero|First PM|Rebellion leader|Railway engineer,0,p19-sam-steele.png,,"Some of Canada's most colourful heroes, such as Major-General Sir Sam Steele, came from the ranks of the Mounties. He was a great frontier hero, Mounted Policeman and soldier of the Queen."
6073,6,true_false,exercise,6072,Sam Steele came from the ranks of the Mounties.,,true,,,"Yes, he started his career as a member of the Mounted Police force itself, rather than joining through another avenue."
6074,6,multiple_choice,exercise,6072,What kind of hero was Sam Steele?,Frontier hero|Naval hero|Political hero|Olympic hero,0,,,He is best known as a frontier hero because much of his life and career were spent establishing law and order in the developing western territories.
6075,6,select_blank,exercise,6072,Sam Steele served as a soldier of the ___.,Queen|President|Governor General|Parliament,0,,,"Sam Steele served in forces loyal to the British Crown, which was represented by the Queen at the time."
6081,6,true_false,preview,6082,Gabriel Dumont was a Métis military leader.,,true,,,This is correct; Dumont played a significant and active role as a military figure among the Métis people.
6082,6,multiple_choice,main,,Who was the Métis' greatest military leader?,Gabriel Dumont|Louis Riel|Sam Steele|John Macdonald,0,p19-gabriel-dumont.png,,Gabriel Dumont was the Métis' greatest military leader during the Métis resistance in the Canadian west.
6083,6,true_false,exercise,6082,Gabriel Dumont was called the Métis' greatest military leader.,,true,,,"Historically, he is widely recognized for his exceptional skill and leadership in battle among the Métis."
6084,6,multiple_choice,exercise,6082,What role did Gabriel Dumont hold among the Métis?,Military leader|First PM|Railway financier|NWMP founder,0,,,His most defining and recognized role in history was that of a skilled and effective military commander for the Métis people.
6085,6,select_blank,exercise,6082,Gabriel Dumont was the Métis' greatest ___ leader.,military|religious|political|financial,0,,,"He gained his lasting historical reputation specifically for his tactical brilliance and leadership on the battlefield, making him primarily a military figure."
6091,6,true_false,preview,6092,British Columbia joined Canada in 1871.,,true,,,That's right; British Columbia officially joined Confederation in 1871.
6092,6,multiple_choice,main,,Why did British Columbia join Canada in 1871?,Promised railway|Gold discovered|US takeover|Britain forced,0,,,British Columbia joined Canada in 1871 after Ottawa promised to build a railway to the West Coast.
6093,6,multiple_choice,exercise,6092,What year did British Columbia join Confederation?,1871|1867|1885|1905,0,,,"BC joined Canada in 1871, which was later than the initial formation of Confederation in 1867."
6094,6,true_false,exercise,6092,Ottawa promised BC a railway to the coast.,,true,,,This promise of railway access to the coast was the main incentive that convinced BC to join Canada.
6095,6,select_blank,exercise,6092,British Columbia joined Canada after Ottawa promised a ___.,railway|highway|canal|telegraph,0,,,The primary draw for British Columbia was the guarantee of building a transcontinental railway through their territory.
6101,6,true_false,preview,6102,The CPR's last spike was driven in 1885.,,true,,,"This refers to the historic driving of the last spike at Craigville Junction, marking the completion of the CPR."
6102,6,multiple_choice,main,,Who drove the CPR's last spike?,Donald Smith|John Macdonald|Wilfrid Laurier|George Cartier,0,p20-cpr-train-crew.jpeg,,"On November 7, 1885, Donald Smith (Lord Strathcona), the Scottish-born director of the Canadian Pacific Railway, drove the last spike, a powerful symbol of unity."
6103,6,multiple_choice,exercise,6102,On what date was the CPR's last spike driven?,11/7/1885|7/1/1867|1/11/1815|October 1885,0,,,"The final spike was driven on November 7, 1885, marking the official completion of the railway across Canada."
6104,6,true_false,exercise,6102,Donald Smith was the Scottish-born director of the CPR.,,true,,,"That is correct; Donald Smith, who hailed from Scotland, played an important role as one of the directors overseeing the railway’s construction."
6105,6,select_blank,exercise,6102,The last spike was a powerful symbol of ___.,unity|war|independence|trade,0,,,"It symbolized national unity, representing the physical connection that bound Canada together into one cohesive country."
6106,6,multiple_choice,exercise,6102,What did the Canadian Pacific Railway symbolize?,National unity|Military victory|Provincial independence|Foreign trade,0,,,"The railway was a massive symbol of national unity, physically connecting disparate regions and solidifying Canada's identity."
6111,6,true_false,preview,6112,The CPR was built by European and Chinese labour.,,true,,,"That's right; the immense undertaking relied heavily on a diverse workforce, including both European immigrants and Chinese laborers."
6112,6,multiple_choice,main,,Who provided labour to build the CPR?,"European, Chinese|American, Mexican|British workers|Indigenous workers",0,,,The CPR project was financed by British and American investors and built by both European and Chinese labour.
6113,6,true_false,exercise,6112,The CPR was financed by British and American investors.,,true,,,"Yes, that's right; the railway received significant funding from both British and American capital markets."
6114,6,select_blank,exercise,6112,The CPR was financed by British and ___ investors.,American|French|Japanese|Russian,0,,,"It was primarily funded by a mix of capital, with British and American investors being the main sources of money."
6115,6,multiple_choice,exercise,6112,Which group also helped build the CPR?,Chinese labourers|French labourers|Spanish labourers|Russian labourers,0,,,"The construction relied heavily on Chinese laborers, who faced harsh conditions while building the massive line across Canada."
6121,6,true_false,preview,6122,Chinese CPR workers faced discrimination after the railway was completed.,,true,,,"That's correct; despite their crucial role, the laborers continued to face severe discrimination and poor treatment long after the tracks were laid."
6122,6,multiple_choice,main,,What was the Chinese Head Tax?,Race-based fee|Railway fee|Voting fee|Land tax,0,,,"Afterwards the Chinese were subject to discrimination, including the Head Tax, a race-based entry fee. The Government of Canada apologized in 2006 for this discriminatory policy."
6123,6,true_false,exercise,6122,Canada apologized for the Head Tax in 2006.,,true,,,"Yes, Canada formally issued an apology in 2006 acknowledging and regretting the history of the Head Tax."
6124,6,multiple_choice,exercise,6122,What year did Canada apologize for the Head Tax?,2006|1885|1947|1971,0,,,
6125,6,select_blank,exercise,6122,The Head Tax was a ___ entry fee.,race-based|income-based|age-based|random,0,,,
6131,6,true_false,preview,6132,Canada's economy boomed in the 1890s and early 1900s.,,true,,,
6132,6,multiple_choice,main,,How many British and American immigrants came?,One million|Ten thousand|Five million|Half million,0,,,Canada's economy grew and became more industrialized during the economic boom of the 1890s and early 1900s. One million British and one million Americans immigrated to Canada at this time.
6133,6,true_false,exercise,6132,One million Americans immigrated to Canada during this boom.,,true,,,
6134,6,multiple_choice,exercise,6132,What characterized Canada's economy in this era?,"Boom, industrialization|Recession, decline|Farm collapse|Foreign occupation",0,,,
6135,6,select_blank,exercise,6132,"One million British, one million ___ immigrated to Canada.",Americans|French|Germans|Ukrainians,0,,,"The first major wave of immigration to Canada after Confederation came from the United States, which is why Americans is the correct answer."
6141,6,true_false,preview,6142,Laurier was the first French-Canadian prime minister.,,true,,,"While Laurier was a prominent French-Canadian politician, he was not the first; that title belongs to John A. Macdonald."
6142,6,multiple_choice,main,,What did Laurier encourage as prime minister?,West immigration|1867 Confederation|Head Tax|Riel Rebellion,0,,,Sir Wilfrid Laurier became the first French-Canadian prime minister since Confederation and encouraged immigration to the West. His portrait is on the $5 bill.
6143,6,multiple_choice,exercise,6142,Whose portrait is on the Canadian $5 bill?,Wilfrid Laurier|John Macdonald|Donald Smith|Louis Riel,0,,,"Wilfrid Laurier's portrait is featured on the $5 bill, making him the correct choice."
6144,6,true_false,exercise,6142,Laurier was the first French-Canadian prime minister since Confederation.,,true,,,"He was indeed the first French-Canadian to become Prime Minister after Confederation, which distinguishes his political significance."
6145,6,select_blank,exercise,6142,Sir Wilfrid Laurier's portrait is on the $___ bill.,5|10|20|50,0,,,Sir Wilfrid Laurier's portrait is featured on the $5 bill.
6151,6,true_false,preview,6152,The railway helped immigrants settle the West before 1914.,,true,,,"Railways provided essential transportation infrastructure, making it possible for large numbers of immigrants to move goods and people into the previously inaccessible West before 1914."
6152,6,multiple_choice,main,,How many Ukrainians settled in the West before 1914?,"170,000|15,000|1,700,000|17,000",0,,,"The railway made it possible for immigrants, including 170,000 Ukrainians, 115,000 Poles and tens of thousands from Germany, France, Norway and Sweden to settle in the West before 1914."
6153,6,multiple_choice,exercise,6152,How many Poles settled in the West before 1914?,"115,000|11,500|1,150,000|1,500",0,,,"Approximately 115,000 Poles settled in the West before 1914, making them one of the largest groups to arrive during that period."
6154,6,multi_select,exercise,6152,Which countries did West-bound settlers come from before 1914?,Germany|France|Norway|Japan,0|1|2,,,
6155,6,select_blank,exercise,6152,Immigrants developed a thriving ___ sector in the West.,agricultural|mining|banking|shipping,0,,,"The vast open lands of the West were primarily suited for farming, so immigrant labor quickly developed a thriving agricultural sector."
6156,6,true_false,exercise,6152,Railway settlement made large-scale prairie farming possible before 1914.,,true,,,"By bringing in necessary equipment and allowing easy transport of goods, the railway infrastructure was absolutely critical for making large-scale prairie farming possible before 1914."
7001,7,true_false,preview,7002,The Boer War was fought from 1899 to 1902.,,true,,,"That timeline is correct; the Second Anglo-Boer War, commonly known as the Boer War, took place between 1899 and 1902."
7002,7,multiple_choice,main,,How many Canadians volunteered for the Boer War?,"Over 7,000|Over 700|Over 70,000|Over 17,000",0,,,"Over 7,000 Canadians volunteered to fight in the South African War (1899-1902), popularly known as the Boer War, and over 260 died."
7003,7,true_false,exercise,7002,The Boer War is also called the South African War.,,true,,,That's right; the conflict is also known as the South African War because it took place in the region that would eventually become South Africa.
7004,7,multiple_choice,exercise,7002,Which battle did Canadians fight in the Boer War?,Paardeberg|Vimy Ridge|Amiens|Dieppe,0,,,"Canadians were involved in fighting at Paardeberg, which was a key engagement during the Boer War. Vimy Ridge and Amiens are famous battles from World War I."
7005,7,select_blank,exercise,7002,The Boer War is known as the ___ War.,South African|Crimean|Zulu|Anglo,0,,,"It is most commonly referred to as the South African War, reflecting the geographical region where the conflict took place."
7006,7,multiple_choice,exercise,7002,About how many Canadians died in the Boer War?,"Over 260|Over 26|Over 2,600|Over 26,000",0,,,The correct estimate is over 260 Canadians who died during this period. The other options are significantly higher or lower than the actual casualty count for Canadian forces.
7011,7,true_false,preview,7012,Canada formed the Canadian Expeditionary Force in 1914.,,true,,,"Yes, that's accurate; the CEF was formed in 1914, which marked Canada’s formal military involvement in World War I."
7012,7,multiple_choice,main,,What did Ottawa form in 1914?,Expeditionary Force|Canadian Navy|Mounted Police|Engineer Corps,0,p21-4.jpeg,,"When Germany attacked Belgium and France in 1914 and Britain declared war, Ottawa formed the Canadian Expeditionary Force, later renamed the Canadian Corps."
7013,7,true_false,exercise,7012,"More than 600,000 Canadians served in the First World War.",,true,,,"That's right; over half a million men served in various capacities during WWI, making Canada one of the largest contributors of troops."
7014,7,multiple_choice,exercise,7012,Canada's population was about how many in 1914?,"8 million|18 million|800,000|80 million",0,,,"In 1914, Canada's population was closer to 8 million people, which helps put the scale of the military effort into perspective."
7015,7,select_blank,exercise,7012,The Expeditionary Force was later renamed the Canadian ___.,Corps|Legion|Navy|Militia,0,,,"After its initial deployment, the force became known as the Canadian Corps, a name that stuck throughout the rest of the war."
7016,7,multiple_choice,exercise,7012,Most First World War Canadian soldiers were what?,Volunteers|Conscripts|Mercenaries|Police,0,,,"The vast majority of men who served in the Canadian forces signed up voluntarily, rather than being drafted or conscripted by law."
7021,7,true_false,preview,7022,The Canadian Corps captured Vimy Ridge in April 1917.,,true,,,This is correct; the successful capture of Vimy Ridge in April 1917 was a defining moment for Canadian military history.
7022,7,multiple_choice,main,,What did Canada capture in April 1917?,Vimy Ridge|Dieppe|Juno Beach|Ypres,0,p21-2.jpeg,,"The Canadian Corps captured Vimy Ridge in April 1917, with 10,000 killed or wounded, securing the Canadians' reputation as the shock troops of the British Empire."
7023,7,true_false,exercise,7022,"About 10,000 Canadians were killed or wounded at Vimy Ridge.",,true,,,"The actual casualty count was much lower than this; while the fighting was intense, it didn't result in the loss of ten thousand people."
7024,7,multiple_choice,exercise,7022,What day is celebrated as Vimy Day?,April 9|July 1|November 11|June 6,0,,,
7025,7,select_blank,exercise,7022,Canadians were the ___ troops of the British Empire.,shock|royal|elite|first,0,,,Canadians earned a reputation for being the shock troops—the highly effective and aggressive vanguard—of the British Empire during that conflict.
7026,7,multiple_choice,exercise,7022,What did an officer say Vimy Ridge witnessed?,Nation's birth|War's end|Britain's fall|Quebec's rise,0,,,The officer stated it witnessed the nation's birth because the experience of fighting together at Vimy was seen as forging a new national identity for Canada.
7027,7,true_false,exercise,7022,The Vimy Memorial honours Canadians who died at Vimy.,,true,,,That is correct; the memorial specifically honors all Canadians who lost their lives during the battle at Vimy Ridge.
7028,7,match_pairs,exercise,7022,Match each Vimy Ridge fact to its detail.,"Battle month↔April 1917|Casualty count↔10,000|Annual anniversary↔April 9",0,,,"The first pair, Battle month↔April 1917, correctly matches the time frame of the major fighting."
7031,7,true_false,preview,7032,Canada interned thousands of Ukrainians as enemy aliens in WW1.,,true,,,"It is true; during the paranoia of World War I, Canada interned thousands of people from various groups, including Ukrainians, who were deemed 'enemy aliens.'"
7032,7,multiple_choice,main,,"Who did Ottawa intern as enemy aliens, 1914-1920?",Ukrainian men|German women|French sailors|British officers,0,,,"From 1914 to 1920, Ottawa interned over 8,000 former Austro-Hungarian subjects, mainly Ukrainian men, as enemy aliens in 24 labour camps across Canada, even though Britain advised against the policy."
7033,7,true_false,exercise,7032,Britain advised Canada against interning Ukrainian Canadians.,,true,,,This is correct because British officials were concerned about the humanitarian impact and advised Canada to reconsider the policy of detaining Ukrainian Canadians.
7034,7,multiple_choice,exercise,7032,How many labour camps interned enemy aliens across Canada?,24|4|42|240,0,,,"There were approximately 24 labour camps set up across Canada to hold the interned enemy aliens during the war, making this the most accurate number."
7035,7,multiple_choice,exercise,7032,About how many people were interned as enemy aliens?,"Over 8,000|Over 800|Over 80,000|Over 80",0,,,"Estimates suggest that over 8,000 people were detained in various camps across Canada during this period, ruling out the much smaller figures."
7041,7,true_false,preview,7042,General Sir Arthur Currie commanded the Canadian Corps in 1918.,,true,,,This is correct; General Sir Arthur Currie held the high command and commanded the Canadian Corps during the critical period of 1918.
7042,7,multiple_choice,main,,Who commanded the Canadian Corps in 1918?,Arthur Currie|Robert Borden|John Macdonald|Wilfrid Laurier,0,p21-5.jpeg,,"In 1918, under the command of General Sir Arthur Currie, Canada's greatest soldier, the Canadian Corps advanced alongside French and British Empire troops in the last hundred days of the war."
7043,7,true_false,exercise,7042,"The Battle of Amiens began on August 8, 1918.",,true,,,"Yes, that's right; the battle started on August 8th, marking a major turning point in World War I."
7044,7,multiple_choice,exercise,7042,Germans called which battle 'the black day'?,Amiens|Vimy Ridge|Mons|Ypres,0,,,The Germans referred to the Battle of Amiens as the 'Black Day' because it signaled the complete collapse of their offensive capabilities on the Western Front.
7045,7,select_blank,exercise,7042,"The Corps then fought at Arras, Cambrai and ___.",Mons|Dieppe|Juno|Normandy,0,,,"The Corps' fighting included Arras, Cambrai, and Mons, which were key locations during that period of intense action."
7046,7,multiple_choice,exercise,7042,Sir Arthur Currie is remembered as what?,Greatest soldier|First PM|First governor|Chief justice,0,,,He earned the nickname 'Greatest Soldier' due to his exceptional leadership and tactical successes throughout World War I.
7047,7,true_false,exercise,7042,"The Hundred Days included Arras, Cambrai and Mons.",,true,,,That's correct; those three locations were major battlegrounds that occurred during the final push known as The Hundred Days.
7048,7,multi_select,exercise,7042,Which battles were part of the Hundred Days?,Amiens|Arras|Cambrai|Vimy Ridge,0|1|2,,,"The Hundred Days campaign featured major battles like Amiens, Arras, and Cambrai as Allied forces pushed through Northern France. Vimy Ridge was a significant battle, but it occurred outside the timeframe of that specific period."
7051,7,true_false,preview,7052,World War One ended with the Armistice in 1918.,,true,,,That's correct; the fighting officially ceased with the Armistice signed in November 1918.
7052,7,multiple_choice,main,,When did the First World War end?,Nov 1918|Aug 1918|Apr 1917|Jul 1914,0,,,"With Germany and Austria's surrender, the war ended in the Armistice on November 11, 1918. In total 60,000 Canadians were killed and 170,000 wounded."
7053,7,true_false,exercise,7052,"60,000 Canadians were killed in the First World War.",,true,,,"Yes, approximately 60,000 Canadian soldiers were killed during the First World War. This represents a massive loss for the nation."
7054,7,multiple_choice,exercise,7052,About how many Canadians were wounded in WW1?,"170,000|17,000|1,700,000|70,000",0,,,"The correct estimate is around 170,000 wounded Canadians. The other numbers are significantly too low or too high to represent the total number of casualties sustained in WW1."
7055,7,select_blank,exercise,7052,The war ended with the ___ on November 11.,Armistice|Paris Treaty|Confederation|Accord,0,,,It was the Armistice that marked the end of hostilities on November 11th; the Paris Treaty came much later and formalized the peace terms.
7056,7,multiple_choice,exercise,7052,The First World War strengthened what feelings in Canada?,National pride|Imperial pride|Regional pride|Republican sentiment,0,,,"Fighting in WWI solidified a sense of distinct Canadian identity, boosting national pride rather than just maintaining imperial loyalty."
7061,7,true_false,preview,7062,Manitoba was the first province to grant women the vote.,,true,,,"That's right; Manitoba passed its franchise act for women in 1916, making it the first province to do so."
7062,7,multiple_choice,main,,Who founded the women's suffrage movement in Canada?,Emily Stowe|Agnes Macphail|Thérèse Casgrain|Nellie McClung,0,,,"The founder of the women's suffrage movement in Canada was Dr. Emily Stowe, the first Canadian woman to practise medicine in Canada. In 1916, Manitoba became the first province to grant voting rights to women."
7063,7,true_false,exercise,7062,Emily Stowe was Canada's first female doctor.,,true,,,
7064,7,multiple_choice,exercise,7062,"Which province first granted women the vote, in 1916?",Manitoba|Ontario|Quebec|Nova Scotia,0,,,Manitoba was the pioneer here; they passed the necessary legislation for women's suffrage back in 1916.
7065,7,select_blank,exercise,7062,The fight for women's votes is the ___ movement.,suffrage|abolition|labour|temperance,0,,,"Suffrage specifically refers to the right to vote, which is exactly what these activists were fighting for."
7066,7,multiple_choice,exercise,7062,"At Confederation, who could vote?",Property-owning men|All adults|Only citizens|All men,0,,,"Voting rights were initially restricted to property-owning men, meaning suffrage was based on economic status rather than just gender or citizenship."
7071,7,true_false,preview,7072,In 1917 nurses were first to vote federally.,,true,,,"This is correct because the push for women's suffrage was significantly advanced by the roles nurses played during World War I, leading them to gain federal voting rights in 1917."
7072,7,multiple_choice,main,,Which PM gave nurses the federal vote in 1917?,Robert Borden|John Macdonald|Wilfrid Laurier|Mackenzie King,0,p21-8.jpeg,,"In 1917, thanks to the leadership of women such as Dr. Stowe and other suffragettes, the federal government of Sir Robert Borden gave women the right to vote in federal elections, first to nurses at the battle front."
7073,7,true_false,exercise,7072,Nurses who served overseas were nicknamed Bluebirds.,,true,,,"That's right; nurses serving abroad during this period earned the affectionate nickname ""Bluebirds."""
7074,7,multiple_choice,exercise,7072,Who else got the federal vote in 1917?,Soldiers' relatives|Working women|All teachers|All widows,0,,,"It was primarily soldiers' relatives who gained the vote in 1917, recognizing their crucial support roles during the war effort. While working women were also key, this specific expansion focused on those connected to military service."
7075,7,select_blank,exercise,7072,"In 1917, ___ at the front voted first federally.",nurses|teachers|farmers|widows,0,,,"Nurses were the first group recognized for their vital service at the front lines, which directly led to them gaining federal voting rights in 1917."
7076,7,multiple_choice,exercise,7072,About how many nurses served in the Medical Corps?,"Over 3,000|Over 300|Over 30,000|Over 30",0,,,"The correct estimate is over 3,000 nurses; this number reflects the significant and expanding role women played in military medical support during WWI."
7081,7,true_false,preview,7082,In 1918 most Canadian women over 21 could vote.,,true,,,This is correct; the passage of the Franchise Act meant that most women who met the age requirement (over 21) could finally vote federally.
7082,7,multiple_choice,main,,By what year could most Canadian women vote federally?,1918|1916|1921|1940,0,,,"In 1918, most Canadian female citizens aged 21 and over were granted the right to vote in federal elections."
7083,7,true_false,exercise,7082,Women needed to be 21 to vote in 1918.,,true,,,"Yes, at that time, Canadian law stipulated that women had to be over the age of 21 to register and vote federally."
7084,7,multiple_choice,exercise,7082,What age could women vote at in 1918?,21|18|25|30,0,,,"Women needed to be over the age of 21 to vote federally in Canada during that period, according to the new franchise laws."
7085,7,select_blank,exercise,7082,By 1918 most female ___ could vote federally.,citizens|nurses|soldiers|teachers,0,,,"The law granted suffrage based on citizenship status, meaning any female citizen who met the age requirements could vote."
7091,7,true_false,preview,7092,Agnes Macphail became Canada's first woman MP in 1921.,,true,,,That is right; Agnes Macphail holds the historical distinction of being Canada's first elected woman Member of Parliament in 1921.
7092,7,multiple_choice,main,,Who became Canada's first woman MP in 1921?,Agnes Macphail|Emily Stowe|Thérèse Casgrain|Nellie McClung,0,p21-1.jpeg,,"In 1921 Agnes Macphail, a farmer and teacher, became the first woman MP."
7093,7,true_false,exercise,7092,Agnes Macphail worked as a farmer and teacher.,,true,,,"Yes, her early career included time working on a farm and also teaching, showing diverse experiences before she entered the political arena."
7094,7,multiple_choice,exercise,7092,What year did Agnes Macphail become an MP?,1921|1918|1916|1940,0,,,"She was elected as an MP in 1921, marking a major milestone for women gaining representation in Quebec politics at that time."
7095,7,select_blank,exercise,7092,Agnes Macphail became the first woman ___ in 1921.,MP|senator|premier|judge,0,,,"She achieved historical recognition by becoming Quebec's first woman Member of Parliament (MP) in 1921, which was a groundbreaking achievement for women’s rights."
7096,7,multiple_choice,exercise,7092,MP stands for what in Agnes Macphail's title?,Parliament Member|Ministry President|Military Police|Municipal Prefect,0,,,"MP stands for Member of Parliament, signifying her role as a legislator who represented the people within Quebec's government."
7101,7,true_false,preview,7102,Quebec granted women the vote in 1940.,,true,,,"That is correct; while other regions gained suffrage earlier, Quebec officially granted women the right to vote in 1940."
7102,7,multiple_choice,main,,In what year did Quebec grant women the vote?,1940|1918|1921|1916,0,,,"Due to the work of Thérèse Casgrain and others, Quebec granted women the vote in 1940."
7103,7,true_false,exercise,7102,Thérèse Casgrain helped lead the fight for Quebec women's vote.,,true,,,
7104,7,multiple_choice,exercise,7102,Quebec was the last province to grant what?,Women's vote|Men's vote|Bilingual schools|Free elections,0,,,
7105,7,select_blank,exercise,7102,___ led the campaign for women's vote in Quebec.,Thérèse Casgrain|Agnes Macphail|Emily Stowe|Nellie McClung,0,,,
7111,7,true_false,preview,7112,Remembrance Day is observed on November 11.,,true,,,
7112,7,multiple_choice,main,,What is the meaning of the Remembrance Day poppy?,War sacrifices|Celebrate Confederation|Past PMs|The Sovereign,0,p22-3.jpeg,,"Canadians wear the red poppy and observe a moment of silence at the 11th hour of the 11th day of the 11th month to honour the sacrifices of over a million who have served, and the 110,000 who have given their lives."
7113,7,true_false,exercise,7112,Canadians observe a moment of silence on Remembrance Day.,,true,,,
7114,7,multiple_choice,exercise,7112,Remembrance Day's 11th hour is in what month?,11th month|1st month|9th month|12th month,0,,,"The '11th hour' refers to the eleventh month, November, which is when Remembrance Day falls."
7115,7,select_blank,exercise,7112,Canadians wear a red ___ on Remembrance Day.,poppy|maple leaf|ribbon|rose,0,,,The poppy has become the universal symbol of remembrance for military service and sacrifice in Canada (and many other Commonwealth nations).
7116,7,multiple_choice,exercise,7112,About how many Canadians have died in all wars?,"110,000|11,000|1,100,000|1,100",0,,,"Over 110,000 Canadians are estimated to have died across all conflicts throughout history."
7117,7,multiple_choice,exercise,7112,Scouts often carry what to Remembrance Day ceremonies?,Wreaths|Flags only|Candles|Drums,0,p22-4.jpeg,,Wreaths are the traditional and most common tribute carried by Scouts (and other groups) at Remembrance Day services.
7118,7,true_false,exercise,7112,Over a million Canadians have served in wars.,,true,,,"Yes, historical records show that over a million Canadians have served in various conflicts throughout history."
7121,7,true_false,preview,7122,John McCrae wrote 'In Flanders Fields' in 1915.,,true,,,This is correct; McCrae wrote this famous poem shortly after the Battle of Ypres in 1915.
7122,7,multiple_choice,main,,Who wrote the poem 'In Flanders Fields'?,John McCrae|Arthur Currie|Robert Borden|Wilfrid Laurier,0,,,Canadian medical officer Lieutenant-Colonel John McCrae composed the poem In Flanders Fields in 1915; it is often recited on Remembrance Day.
7123,7,true_false,exercise,7122,John McCrae was a Canadian medical officer.,,true,,,"Yes, John McCrae was a Canadian physician who served during World War I and penned the poem while stationed abroad."
7124,7,multiple_choice,exercise,7122,What year was 'In Flanders Fields' composed?,1915|1917|1918|1914,0,,,"The correct year is 1915, when he wrote it following the intense fighting at Ypres. The other years are incorrect for its composition date."
7125,7,select_blank,exercise,7122,'In Flanders Fields' is often recited on ___ Day.,Remembrance|Canada|Victoria|Vimy,0,,,"It is most commonly associated with Remembrance Day (or Armistice Day), which honors those who served and died in war."
7126,7,multiple_choice,exercise,7122,What flower does the poem 'In Flanders Fields' describe?,Poppy|Rose|Lily|Maple,0,,,The poem vividly describes the red poppies that grew over the graves of fallen soldiers. The other flowers are not central to the poem's imagery.
7131,7,true_false,preview,7132,"After WW1, the British Empire became the Commonwealth.",,true,,,"It's accurate that the structure evolved; while it was still dominated by Britain initially, the term 'Commonwealth' signaled a shift away from direct imperial rule toward voluntary association among former colonies."
7132,7,multiple_choice,main,,What did the British Empire evolve into after WW1?,The Commonwealth|European Union|The League|United Nations,0,,,"After the First World War, the British Empire evolved into a free association of states known as the British Commonwealth of Nations. Canada remains a leading member of the Commonwealth to this day."
7133,7,true_false,exercise,7132,Canada remains a leading member of the Commonwealth today.,,true,,,"Yes, Canada remains one of the largest and most politically significant members, actively participating in modern Commonwealth discussions and maintaining its status as a leading nation."
7134,7,multiple_choice,exercise,7132,Which country is a fellow Commonwealth successor state?,Australia|France|Germany|Mexico,0,,,"Australia was once a major possession of the British Empire and has since become an independent, active member state of the Commonwealth."
7135,7,select_blank,exercise,7132,The Commonwealth is a free ___ of states.,association|union|empire|kingdom,0,,,It is defined as an 'association' because membership is voluntary and based on shared history rather than a single governing body or unified political structure like a 'union.'
7141,7,true_false,preview,7142,The 1929 crash led to the Great Depression.,,true,,,"This is correct; the massive stock market crash in 1929 triggered a severe loss of confidence and credit, which rapidly spiraled into the worldwide Great Depression."
7142,7,multiple_choice,main,,What followed the stock market crash of 1929?,Great Depression|Roaring Twenties|Confederation|Gold Rush,0,,,"The stock market crash of 1929, however, led to the Great Depression or the Dirty Thirties. Unemployment reached 27% in 1933 and many businesses were wiped out."
7143,7,true_false,exercise,7142,The Great Depression is also called the Dirty Thirties.,,true,,,"That's right; 'Dirty Thirties' was a widely used term for the decade marked by economic hardship, poverty, and agricultural crisis in Canada."
7144,7,multiple_choice,exercise,7142,Unemployment reached what level in Canada in 1933?,27%|7%|47%|17%,0,,,"Unemployment reached an alarming 27% in 1933, demonstrating just how deep the economic collapse had gone across the country."
7145,7,select_blank,exercise,7142,The 1920s boom years were called the ___ Twenties.,Roaring|Golden|Great|Grand,0,,,"They are known as the Roaring Twenties because the period was characterized by a sudden burst of energy, cultural exuberance, and economic optimism following WWI."
7146,7,multiple_choice,exercise,7142,Who was hit hardest by the Great Depression?,Western farmers|Eastern bankers|Quebec fishers|Ontario miners,0,,,"Western farmers were hit hardest because their commodity prices plummeted due to oversupply, making farming nearly impossible regardless of where they lived."
7147,7,true_false,exercise,7142,A terrible drought hurt farmers in Western Canada.,,true,,,"Yes, this is accurate; the combination of poor weather and market instability meant that droughts severely compounded the economic difficulties for Western Canadian farmers."
7151,7,true_false,preview,7152,The Bank of Canada was created in 1934.,,true,,,"Yes, while its formal establishment was in 1935, the period around 1934 marks the crucial time when Canada began consolidating its banking structure into what became the Bank of Canada."
7152,7,multiple_choice,main,,Why was the Bank of Canada created in 1934?,Manage money|Fund railway|Collect taxes|Run elections,0,,,"The Bank of Canada, a central bank to manage the money supply and bring stability to the financial system, was created in 1934."
7153,7,true_false,exercise,7152,"In 1939, Jewish refugees fleeing Germany were turned away.",,true,,,"This is correct; during that era, Canadian immigration policies were highly restrictive and often led to Jewish refugees fleeing Germany being turned away or detained."
7154,7,multiple_choice,exercise,7152,What happened to immigration during the Depression?,Dropped sharply|Rose sharply|Stayed same|Banned outright,0,,,"The severe economic downturn of the Depression caused global instability, which resulted in a sharp drop in both emigration and immigration rates across Canada."
7155,7,select_blank,exercise,7152,The Bank of Canada is Canada's ___ bank.,central|only|foreign|private,0,,,
7156,7,multiple_choice,exercise,7152,What did Canadians demand during the Depression?,Safety net|Import tariffs|More colonies|New capital,0,,,"Facing widespread poverty, Canadians began demanding government intervention to provide basic support, leading directly to the push for a social safety net."
7161,7,true_false,preview,7162,The Second World War began in 1939.,,true,,,"That is correct; the Second World War officially kicked off in 1939 with Germany's invasion of Poland, marking the start of global conflict."
7162,7,multiple_choice,main,,What triggered the start of the Second World War?,Polish invasion|Pearl Harbor|French invasion|Egyptian invasion,0,,,"The Second World War began in 1939 when Adolf Hitler, the National Socialist (Nazi) dictator of Germany, invaded Poland and conquered much of Europe."
7163,7,true_false,exercise,7162,Adolf Hitler was the Nazi dictator of Germany.,,true,,,That is correct; he was the leader of the Nazi Party and held the title of Führer for Germany.
7164,7,multiple_choice,exercise,7162,About how many Canadians and Newfoundlanders served in WW2?,Over 1M|Over 100K|Over 10K|Over 10M,0,,,"The total number of people who served in both groups was massive, amounting to over one million individuals."
7165,7,select_blank,exercise,7162,Newfoundland was a separate British ___ during WW2.,entity|province|French colony|US territory,0,,,"It maintained its status as a separate political entity under the British crown during that period, rather than being immediately absorbed into a province."
7166,7,multiple_choice,exercise,7162,How many Canadians died in the Second World War?,"44,000|4,400|440,000|4,400,000",0,,,"The official count of Canadian military deaths throughout the Second World War was approximately 44,000 people."
7171,7,true_false,preview,7172,Canada suffered defeat defending Hong Kong in 1941.,,true,,,"While it was a joint Commonwealth effort, Canadian personnel were deployed to Hong Kong and suffered losses during its eventual defeat in 1941."
7172,7,multiple_choice,main,,Where did Canadians suffer defeat in 1941?,Hong Kong|Dieppe|Juno Beach|Normandy,0,,,"The Canadians fought bravely and suffered losses in the unsuccessful defence of Hong Kong (1941) from attack by Imperial Japan, and in a failed raid on Nazi-controlled Dieppe on the coast of France (1942)."
7173,7,true_false,exercise,7172,The Dieppe raid in 1942 failed.,,true,,,"That's correct; the raid was poorly planned and met with heavy resistance, resulting in significant casualties for Allied forces."
7174,7,multiple_choice,exercise,7172,Which country attacked Canadians at Hong Kong in 1941?,Imperial Japan|Nazi Germany|Fascist Italy|Imperial Russia,0,,,Imperial Japan launched the attack on Hong Kong in 1941; neither Nazi Germany nor Fascist Italy were involved in that specific conflict.
7175,7,select_blank,exercise,7172,The failed 1942 raid targeted Nazi-controlled ___ in France.,Dieppe|Juno|Normandy|Calais,0,,,"The failed operation was specifically aimed at capturing the port town of Dieppe, which was under Nazi control in 1942."
7176,7,multiple_choice,exercise,7172,The Dieppe raid happened off which country's coast?,France|Belgium|Netherlands|Germany,0,,,"Since Dieppe is a port town located on the French coast, the raid took place off France."
7181,7,true_false,preview,7182,The RCAF took part in the Battle of Britain.,,true,,,"Yes, the Royal Canadian Air Force (RCAF) played a crucial role in defending British airspace during the Battle of Britain."
7182,7,multiple_choice,main,,"What plan trained over 130,000 Allied aircrew in Canada?",BCATP|Lend-Lease Act|Marshall Plan|Atlantic Charter,0,,,"Canada contributed more to the Allied air effort than any other Commonwealth country, with over 130,000 Allied air crew trained in Canada under the British Commonwealth Air Training Plan."
7183,7,true_false,exercise,7182,The Royal Canadian Air Force is known as the RCAF.,,true,,,"Yes, that's correct; RCAF stands for the Royal Canadian Air Force."
7184,7,multiple_choice,exercise,7182,Canada led the Allied air effort among what group?,Commonwealth countries|Axis countries|Neutral countries|European colonies,0,,,"Canada was a key leader in the Allied air efforts specifically among the Commonwealth nations, which includes many former British colonies."
7185,7,select_blank,exercise,7182,The RCAF fought in the Battle of ___.,Britain|Amiens|the Atlantic|Normandy,0,,,"While they served in many places, the RCAF played a critical role during the pivotal Battle of Amiens in 1944."
7186,7,multiple_choice,exercise,7182,About how many Allied aircrew trained in Canada?,"Over 130,000|Over 13,000|Over 1,300|Over 1,300,000",0,,,"The sheer scale was massive; over 130,000 allied aircrew were trained in Canada during the war effort."
7191,7,true_false,preview,7192,The Royal Canadian Navy fought in the Atlantic Battle.,,true,,,That's right; the Royal Canadian Navy was heavily involved in fighting German U-boats and conducting operations in the Atlantic Battle.
7192,7,multiple_choice,main,,What was the RCN's finest hour in WW2?,Atlantic Battle|Britain Battle|Vimy Battle|Amiens Battle,0,,,"The Royal Canadian Navy saw its finest hour in the Battle of the Atlantic, protecting convoys of merchant ships against German submarines. At the end of the Second World War, Canada had the third-largest navy in the world."
7193,7,true_false,exercise,7192,By war's end Canada had the third-largest navy.,,true,,,"Yes, after the war, Canada significantly expanded its naval capabilities and built a substantial fleet, making it one of the world's top navies at that time."
7194,7,multiple_choice,exercise,7192,What did the RCN protect in the Atlantic Battle?,Ship convoys|Fishing boats|Troop trains|Air bases,0,,,"The Royal Canadian Navy's primary role in the Atlantic Battle was escorting vital shipments of supplies and troops, which were grouped into protected convoys."
7195,7,select_blank,exercise,7192,German ___ threatened convoys in the Atlantic Battle.,submarines|battleships|bombers|tanks,0,,,"German U-boats, or submarines, were the main threat because they could stealthily attack and sink merchant ships carrying essential supplies."
7196,7,multiple_choice,exercise,7192,Canada's Merchant Navy helped resupply which country?,Britain|France|United States|Australia,0,,,"Much of Canada's merchant shipping effort was focused on keeping Great Britain supplied, which was a critical strategic priority during the war."
7201,7,true_false,preview,7202,"Canadian troops captured Juno Beach on D-Day, June 6, 1944.",,true,,,That is correct; the Canadian forces were assigned to capture and hold Juno Beach during the massive invasion on D-Day.
7202,7,multiple_choice,main,,What beach did Canadian troops capture on D-Day?,Juno Beach|Omaha Beach|Utah Beach|Gold Beach,0,p22-1.jpeg,,"In the epic invasion of Normandy in northern France on June 6, 1944, known as D-Day, 15,000 Canadian troops stormed and captured Juno Beach from the German Army, a great national achievement shown in this painting by Orville Fisher."
7203,7,true_false,exercise,7202,"About 15,000 Canadian troops took part in the D-Day invasion.",,true,,,"While the total number was much higher, around 15,000 Canadian troops were indeed involved in the D-Day landings."
7204,7,multiple_choice,exercise,7202,About what share of D-Day soldiers were Canadian?,1-in-10|1-in-2|1-in-100|1-in-3,0,,,Canadian forces made up about one-tenth of all soldiers who participated in the invasion. This share highlights Canada's significant contribution to the Allied effort.
7205,7,select_blank,exercise,7202,D-Day was the Allied invasion of ___.,Normandy|Sicily|Poland|the Rhineland,0,,,"D-Day refers specifically to the massive 1944 Allied landing on the beaches of Normandy, France."
7206,7,multiple_choice,exercise,7202,Who painted the famous scene of Juno Beach?,Orville Fisher|Emily Carr|Arthur Currie|John McCrae,0,,,"Orville Fisher was the artist who painted the famous scene depicting Juno Beach. John McCrae is known for writing 'In Flanders Fields,' not painting this specific scene."
7207,7,true_false,exercise,7202,"D-Day took place on June 6, 1944.",,true,,,"That date, June 6, 1944, marks the beginning of the Allied invasion on D-Day."
7208,7,multiple_choice,exercise,7202,What country's army did Canadians fight at Juno Beach?,Germany|Italy|Japan|France,0,,,"Canadians were part of the Allied forces fighting against Nazi Germany, which controlled much of Europe during World War II."
7211,7,true_false,preview,7212,Canada helped liberate the Netherlands in 1944-45.,,true,,,"Yes, Canadian troops played a significant role in the liberation of the Netherlands as the Allies advanced through Western Europe."
7212,7,multiple_choice,main,,Which country did the Canadian Army liberate in 1944-45?,The Netherlands|Italy|Belgium|Poland,0,,,"Canadians took part in the liberation of Italy in 1943-44. The Canadian Army liberated the Netherlands in 1944-45 and helped force the German surrender of May 8, 1945, bringing to an end six years of war in Europe."
7213,7,true_false,exercise,7212,Canadians took part in liberating Italy in 1943-44.,,true,,,Canadians were heavily involved in campaigns that helped liberate Italy from Axis forces during 1943 and 1944.
7214,7,multiple_choice,exercise,7212,"When did Germany surrender, ending the war in Europe?",May 1945|Nov 1918|Jun 1944|Aug 1945,0,,,"Germany officially surrendered to the Allies in May 1945, marking the end of World War II in Europe (V-E Day)."
7215,7,select_blank,exercise,7212,The war in Europe lasted ___ years.,six|four|two|ten,0,,,"The war in Europe lasted six years, starting with the invasion of Poland and ending with Germany's surrender in 1945."
7216,7,multiple_choice,exercise,7212,Canadians fought in Italy before which other campaign?,Normandy invasion|Vimy Ridge|Boer War|Hundred Days,0,,,
7217,7,order,exercise,7212,Order these Second World War events.,"Liberation of Italy (1943-44)|Liberation of the Netherlands (1944-45)|German surrender (May 8, 1945)",,,,
7221,7,true_false,preview,7222,"Japan surrendered on August 14, 1945.",,true,,,
7222,7,multiple_choice,main,,"When did Japan surrender, ending the Pacific war?",Aug 1945|May 1945|Sep 1944|Nov 1945,0,,,"In the Pacific war, Japan invaded the Aleutian Islands, attacked a lighthouse on Vancouver Island, and launched fire balloons over B.C. and the Prairies. Japan surrendered on August 14, 1945, the end of four years of war in the Pacific."
7223,7,true_false,exercise,7222,Japan attacked a lighthouse on Vancouver Island.,,true,,,
7224,7,multiple_choice,exercise,7222,What did Japan launch over B.C. and the Prairies?,Fire balloons|Paratroopers|Submarines|Rockets,0,,,
7225,7,select_blank,exercise,7222,Japan invaded the ___ Islands in the Pacific war.,Aleutian|Hawaiian|Solomon|Philippine,0,,,"The Japanese forces invaded and occupied the Aleutian Islands, which were located off the Alaska coast during the Pacific War."
7226,7,multiple_choice,exercise,7222,Canadian POWs were maltreated after capture at which battle?,Hong Kong|Dieppe|Juno Beach|Vimy Ridge,0,,,Many Canadian soldiers endured severe maltreatment and poor conditions after the fall of Hong Kong in 1941.
7227,7,true_false,exercise,7222,The Pacific war lasted four years.,,true,,,The major period of intense conflict across the Pacific generally lasted around four years.
7231,7,true_false,preview,7232,Canada forcibly relocated Japanese Canadians during WW2.,,true,,,"Due to wartime hysteria and security concerns, the Canadian government did indeed forcibly remove and relocate Japanese Canadians."
7232,7,multiple_choice,main,,What happened to Japanese Canadians during WW2?,Forcible relocation|Full citizenship|Parliament seats|New land,0,,,"The state of war and public opinion in B.C. led to the forcible relocation of Canadians of Japanese origin by the federal government and the sale of their property without compensation, even though the military and the RCMP said they posed little danger."
7233,7,true_false,exercise,7232,The military and RCMP said Japanese Canadians posed little danger.,,true,,,"Despite the forced removals, official statements from authorities like the RCMP often downplayed any perceived threat from the community."
7234,7,multiple_choice,exercise,7232,In what year did Canada apologize for this wrong?,1988|1945|1970|2000,0,,,Canada officially apologized for the internment and seizure of Japanese Canadian property in 1988.
7235,7,select_blank,exercise,7232,Japanese Canadians' property was sold without ___.,compensation|permission|records|insurance,0,,,The government seized and liquidated the properties of Japanese Canadians without providing them with any form of financial compensation.
7236,7,multiple_choice,exercise,7232,What did the Government of Canada do in 1988?,"Apologized, compensated|Ignored issue|Returned property|New holiday",0,,,"In 1988, the government finally apologized for its actions and began the process of compensating victims for their losses."
7241,7,true_false,preview,7242,Phil Edwards won Olympic bronze medals for Canada.,,true,,,"Yes, Phil Edwards did win multiple Olympic bronze medals while representing Canada in his sport."
7242,7,multiple_choice,main,,What sport made Phil Edwards a Canadian champion?,Track field|Hockey|Swimming|Rowing,0,p22-6.jpeg,,"Phil Edwards was a Canadian track and field champion. Born in British Guiana, he won bronze medals for Canada in the 1928, 1932 and 1936 Olympics, then graduated from McGill University Medical School."
7243,7,true_false,exercise,7242,Phil Edwards graduated from McGill University Medical School.,,true,,,That's correct; he completed his medical studies and graduated from McGill University.
7244,7,multiple_choice,exercise,7242,What role did Phil Edwards serve in during WW2?,Army captain|Navy admiral|RCAF pilot|Prime minister,0,,,"He served as an Army captain during World War II, which accurately describes his military role. The other options listed are incorrect roles or branches for him."
7245,7,select_blank,exercise,7242,Phil Edwards was born in ___.,British Guiana|Ontario|Jamaica|Trinidad,0,,,"His birthplace was British Guiana, not any of the other locations provided in the options."
8001,8,true_false,preview,8002,GATT opened up restrictive trading policies after WWII.,,true,,,That is correct; GATT's primary function after WWII was to dismantle restrictive tariffs and promote open international trade policies.
8002,8,multiple_choice,main,,What treaty opened up Depression-era trade barriers?,GATT|NAFTA|NATO|BNA Act,0,,,"The world's restrictive trading policies in the Depression era were opened up by such treaties as the General Agreement on Tariffs and Trade (GATT), now the World Trade Organization (WTO)."
8003,8,true_false,exercise,8002,GATT is now called the World Trade Organization.,,true,,,"Yes, the General Agreement on Tariffs and Trade (GATT) evolved into the World Trade Organization (WTO) to manage global commerce."
8004,8,multiple_choice,exercise,8002,GATT is now known by what name?,WTO|UN|NORAD|NAFTA,0,,,"The correct modern name for GATT is the WTO. NAFTA was a separate agreement, and UN serves a different function entirely."
8005,8,select_blank,exercise,8002,GATT eventually became the ___.,WTO|BoC|Privy Council|Red Cross,0,,,The General Agreement on Tariffs and Trade (GATT) was a temporary agreement that eventually expanded and formalized into the World Trade Organization (WTO).
8011,8,true_false,preview,8012,Oil was discovered in Alberta in 1947.,,true,,,"That's right; 1947 marks the pivotal year when Alberta made its significant oil discoveries, launching a new industry for Canada."
8012,8,multiple_choice,main,,What began Canada's modern energy industry?,1947 Alberta-oil|1970 Quebec-referendum|1969 language-act|1980 constitution,0,,,The discovery of oil in Alberta in 1947 began Canada's modern energy industry.
8013,8,multiple_choice,exercise,8012,What year was oil discovered in Alberta?,1947|1927|1957|1967,0,,,"The breakthrough discovery that started Alberta's oil boom happened in 1947, which is when it really kicked off Canada's modern energy sector."
8014,8,true_false,exercise,8012,The 1947 Alberta oil discovery began a new energy industry.,,true,,,Correct; this major find fundamentally changed Canada's economy and established it as a global energy powerhouse.
8015,8,select_blank,exercise,8012,Oil discovered in ___ began Canada's modern energy industry.,Alberta|Ontario|Quebec|Manitoba,0,,,"The crucial oil deposits were found in Alberta, which is the region responsible for launching Canada's modern energy industry."
8021,8,true_false,preview,8022,By 1951 most Canadians could afford basic necessities.,,true,,,"Yes, the post-war economic boom allowed the majority of people to achieve a stable standard of living by this time."
8022,8,multiple_choice,main,,By what year could most Canadians afford food/shelter/clothing?,1951|1927|1940|1965,0,,,"In 1951, for the first time, a majority of Canadians were able to afford adequate food, shelter and clothing."
8023,8,true_false,exercise,8022,By 1951 a majority of Canadians afforded basic necessities.,,true,,,This is correct because the period following World War II saw significant economic growth that raised living standards for most Canadians.
8024,8,multiple_choice,exercise,8022,What three needs could Canadians afford by 1951?,Food/shelter/clothing|Cars/homes/boats|Land/gold/oil|Ships/mills/mines,0,,,"Basic needs like food, shelter, and clothing represent fundamental survival requirements that were generally met by most people at that time. The other options describe luxuries or resources far beyond basic necessity."
8025,8,select_blank,exercise,8022,By ___ most Canadians could afford basic necessities.,1951|1927|1940|1965,0,,,The year 1951 marks a significant turning point when post-war economic improvements allowed most Canadians to secure basic necessities.
8031,8,true_false,preview,8032,Canada's economy was among the strongest from 1945 to 1970.,,true,,,"This is accurate because the post-war era saw massive industrial expansion and population growth, establishing a period of considerable economic strength for Canada."
8032,8,multiple_choice,main,,"From 1945-1970, Canada's economy was among the ___.",Strongest|Weakest|Most unstable|Least developed,0,,,"Between 1945 and 1970, as Canada drew closer to the United States and other trading partners, the country enjoyed one of the strongest economies among industrialized nations."
8033,8,true_false,exercise,8032,Canada grew closer to the US after 1945.,,true,,,"After World War II, economic and cultural ties between Canada and the U.S. deepened significantly, making them much more interdependent."
8034,8,multiple_choice,exercise,8032,What trading partner did Canada grow closer to?,United States|Soviet Union|Japan|Brazil,0,,,"The overwhelming majority of Canadian trade and economic growth since the mid-20th century has been tied to its massive neighbor, the United States."
8035,8,select_blank,exercise,8032,Canadians enjoy one of the world's ___ living standards.,highest|lowest|most average|declining,0,,,"Due to strong economic policies and high levels of social services, Canada consistently ranks among the countries with the best quality of life globally."
8041,8,true_false,preview,8042,The Canada Health Act ensures a basic standard of coverage.,,true,,,"Yes, the CHA is designed to ensure that all residents have access to medically necessary services regardless of their ability to pay."
8042,8,multiple_choice,main,,What does the Canada Health Act ensure?,Basic coverage|Free tuition|Guaranteed jobs|Free housing,0,,,"As prosperity grew, so did the ability to support social assistance programs. The Canada Health Act ensures common elements and a basic standard of coverage."
8043,8,true_false,exercise,8042,The Canada Health Act sets common elements for health coverage.,,true,,,This is exactly what the CHA does; it establishes national standards that provinces must follow to ensure consistent care across the country.
8044,8,multiple_choice,exercise,8042,What kind of program is the Canada Health Act?,Social assistance|Military alliance|Trade treaty|Election law,0,,,"The Canada Health Act is a piece of legislation that sets national standards for healthcare delivery, which classifies it as a social program."
8045,8,select_blank,exercise,8042,The Canada Health Act ensures a standard of ___.,coverage|voting|trade|education,0,,,"The primary goal of the Act is to ensure all Canadians have comparable access to medically necessary services, meaning standard coverage across the country."
8051,8,true_false,preview,8052,Unemployment insurance was introduced by the federal government in 1940.,,true,,,That's correct; the federal government did establish unemployment benefits as part of its post-war social safety net initiatives around that time.
8052,8,multiple_choice,main,,What year did the federal government introduce unemployment insurance?,1940|1927|1951|1965,0,,,"Unemployment insurance (now called ""employment insurance"") was introduced by the federal government in 1940."
8053,8,multiple_choice,exercise,8052,Unemployment insurance is known today as what?,Employment insurance|OAS|CPP|Social credit,0,,,It was officially renamed Employment Insurance (EI) to better reflect the program's current function and structure in Canada.
8054,8,true_false,exercise,8052,Unemployment insurance is now called employment insurance.,,true,,,"Yes, that's right; the program underwent a name change to Employment Insurance (EI) to modernize its title and scope."
8055,8,select_blank,exercise,8052,Unemployment insurance began in ___.,1940|1927|1965|1970,0,,,Unemployment insurance programs were first established around 1940. The other dates listed are incorrect for the initial implementation of this type of social safety net.
8061,8,true_false,preview,8062,Old Age Security was devised as early as 1927.,,true,,,"That's right; the concept for Old Age Security was indeed devised as early as 1927, making it one of the earliest programs discussed."
8062,8,multiple_choice,main,,What year was Old Age Security first devised?,1927|1940|1951|1965,0,,,"Old Age Security was devised as early as 1927, and the Canada and Quebec Pension Plans in 1965."
8063,8,true_false,exercise,8062,Old Age Security dates back to 1927.,,true,,,"Correct, the initial concept for Old Age Security is documented as dating back to 1927."
8064,8,multiple_choice,exercise,8062,Which social program began earliest?,OAS|Employment insurance|CPP|CHA,0,,,"Old Age Security (OAS) is the oldest program listed here, with its conceptual roots tracing back to 1927, predating the others."
8065,8,select_blank,exercise,8062,___ Security was devised as early as 1927.,Old Age|Employment|National|Border,0,,,"The concept for Old Age Security was the first major social safety net devised in this list, dating all the way back to 1927."
8071,8,true_false,preview,8072,The Canada and Quebec Pension Plans began in 1965.,,true,,,That's correct; both plans were established around 1965 as part of Canada's growing social safety net.
8072,8,multiple_choice,main,,What year did the Canada/Quebec Pension Plans begin?,1965|1940|1927|1970,0,,,The Canada and Quebec Pension Plans began in 1965.
8073,8,select_blank,exercise,8072,The Canada and Quebec ___ Plans began in 1965.,Pension|Health|Education|Trade,0,,,"It was the Pension Plans that were established in 1965, marking a significant step in retirement security for Canadians and Quebecers."
8074,8,true_false,exercise,8072,Publicly funded education is provided by the provinces and territories.,,true,,,"That's right; while federal government provides some support, the primary responsibility and funding for K-12 education rests with the provincial governments."
8075,8,multiple_choice,exercise,8072,Who provides publicly funded education in Canada?,Provinces/territories|Federal gov't|The Senate|The RCMP,0,,,"The provinces and territories are primarily responsible for funding and administering public education, making them the key providers in Canada."
8081,8,true_false,preview,8082,The Cold War began when eastern Europe fell to Soviets.,,true,,,"While the Cold War began much earlier, the Soviet establishment of control over Eastern Europe was the defining geopolitical tension that characterized the entire era."
8082,8,multiple_choice,main,,Who was the Soviet dictator behind the Communist bloc?,Josef Stalin|Adolf Hitler|Vladimir Lenin|Nikita Khrushchev,0,,,The Cold War began when several liberated countries of eastern Europe became part of a Communist bloc controlled by the Soviet Union under the dictator Josef Stalin.
8083,8,true_false,exercise,8082,Josef Stalin controlled the Soviet Communist bloc.,,true,,,"Yes, after World War II, Stalin exerted massive political and military influence over the satellite states in Eastern Europe, effectively solidifying Soviet control."
8084,8,select_blank,exercise,8082,The ___ began as Soviets took eastern Europe.,Cold War|Korean War|Quiet Revolution|World War,0,,,"The Cold War was defined by the ideological tension between the Soviet bloc and the West, which escalated after the Soviets established political control over Eastern Europe."
8085,8,multiple_choice,exercise,8082,What became part of a Communist bloc after liberation?,Eastern Europe|Asian countries|Canadian provinces|African nations,0,,,"Following World War II, the Soviet Union established satellite states and political control over much of Eastern Europe, forming the core of the Communist bloc."
8091,8,true_false,preview,8092,NATO is a military alliance Canada helped form.,,true,,,
8092,8,multiple_choice,main,,What is NATO?,Military alliance|Trade treaty|Peacekeeping charity|Space agency,0,,,"Canada joined with other democratic countries of the West to form the North Atlantic Treaty Organization (NATO), a military alliance."
8093,8,true_false,exercise,8092,Canada joined democratic Western countries to form NATO.,,true,,,"Yes, Canada was a key founding member that helped solidify the alliance among democratic nations committed to collective defense against communism."
8094,8,select_blank,exercise,8092,NATO stands for the North Atlantic Treaty ___.,Organization|Council|Commission|Union,0,,,"It is officially the North Atlantic Treaty Organization, which formalizes its role as a political and military body rather than just a council or commission."
8095,8,multiple_choice,exercise,8092,Why did Canada help found NATO?,Counter communism|Asia trade|Quebec's status|Space station,0,,,"NATO was established during the Cold War primarily to provide a collective defense against perceived Soviet expansion, making counter-communism the core motivation for Canada's involvement."
8101,8,true_false,preview,8102,NORAD is a joint air defence command with the US.,,true,,,That’s right; NORAD functions as a joint military command responsible for monitoring and defending North American airspace from threats.
8102,8,multiple_choice,main,,What is NORAD?,Defence command|Trade org|Peacekeeping force|Pension plan,0,p24-f86-sabre-rcaf.jpeg,,Canada joined with the United States in the North American Aerospace Defence Command (NORAD).
8103,8,true_false,exercise,8102,NORAD is a partnership between Canada and the United States.,,true,,,"Yes, it is fundamentally a partnership between Canada and the United States to manage continental air defense, making this statement accurate."
8104,8,multiple_choice,exercise,8102,NORAD stands for the North American Aerospace Defence ___.,Command|Council|Alliance|Ministry,0,,,"The correct term is Command; NORAD stands for North American Aerospace Defence Command, which clearly defines its operational role."
8105,8,select_blank,exercise,8102,Canada formed NORAD together with the ___.,United States|United Kingdom|Soviet Union|United Nations,0,,,Canada formed NORAD alongside the United States to create a unified defense system across their shared border.
8111,8,true_false,preview,8112,Canada joined the United Nations after the Second World War.,,true,,,"Canada did join the UN shortly after WWII, specifically in 1945."
8112,8,multiple_choice,main,,What international organization did Canada join alongside NATO?,United Nations|European Union|African Union|Arab League,0,,,Canada joined international organizations such as the United Nations (UN).
8113,8,true_false,exercise,8112,The UN is one of the international organizations Canada joined.,,true,,,
8114,8,select_blank,exercise,8112,"Canada joined the ___, an international organization.",United Nations|Commonwealth|League|Warsaw Pact,0,,,The United Nations is the international body Canada joined to coordinate global efforts; the other options are either smaller groups or defunct/irrelevant alliances.
8115,8,multiple_choice,exercise,8112,Canada developed autonomy and capacity to contribute where?,Internationally|Quebec only|Arctic only|Domestically,0,,,"Canada's development of autonomy and capacity was a broad process that occurred on the world stage, not limited to one specific area."
8121,8,true_false,preview,8122,Canada fought in the Korean War from 1950 to 1953.,,true,,,"Yes, Canada did send troops and participate in UN forces during the Korean War period."
8122,8,multiple_choice,main,,What UN operation did Canada join 1950-1953?,Defending Korea|Defending Egypt|Defending Cyprus|Defending Haiti,0,,,"Canada participated in the UN operation defending South Korea in the Korean War (1950-53), with 500 dead and 1,000 wounded."
8123,8,multiple_choice,exercise,8122,How many Canadians died in the Korean War?,"500|1,000|5,000|50",0,,,The correct estimate is around 500 Canadians who died while serving in the war.
8124,8,multiple_choice,exercise,8122,How many Canadians were wounded in the Korean War?,"1,000|500|10,000|100",0,,,"Roughly 1,000 Canadian personnel were wounded during the Korean War conflict. The other numbers provided are significantly inaccurate estimates of casualties."
8125,8,true_false,exercise,8122,The Korean War ran from 1950 to 1953.,,true,,,That's correct; the major fighting in Korea officially spanned from 1950 until 1953. It was a long and complex period of international tension.
8126,8,select_blank,exercise,8122,Canada helped defend ___ in the Korean War.,South Korea|North Korea|Vietnam|Cyprus,0,,,Canada deployed as part of the UN effort to defend South Korea against aggression from North Korea. They were supporting the democratic government in the south.
8131,8,true_false,preview,8132,Canada has taken part in numerous UN peacekeeping missions.,,true,,,That is absolutely true; Canada has a long and distinguished history of contributing troops and expertise to various international peacekeeping missions worldwide.
8132,8,multiple_choice,main,,Which countries has Canada sent UN peacekeepers to?,Egypt/Cyprus/Haiti|Germany/France/Spain|Mexico/Peru/Chile|Norway/Sweden/Denmark,0,,,"Canada has taken part in numerous UN peacekeeping missions in places as varied as Egypt, Cyprus and Haiti, as well as in other international security operations such as those in the former Yugoslavia and Afghanistan."
8133,8,true_false,exercise,8132,Canada took part in peacekeeping missions in Egypt/Cyprus/Haiti.,,true,,,"Yes, Canada has deployed forces to multiple locations across the globe for various UN mandates, including those regions."
8134,8,multi_select,exercise,8132,Which places has Canada sent peacekeepers to?,Egypt|Cyprus|Haiti|Brazil,0|1|2,,,"Canada has deployed peacekeepers to various locations like Cyprus and Haiti, as well as participating in missions such as those in Egypt. Brazil is a country, not one of the typical peacekeeping destinations for Canadian forces."
8135,8,multiple_choice,exercise,8132,"Besides peacekeeping, where else has Canada joined security operations?",Yugoslavia/Afghanistan|Australia/NZ|Mexico/Cuba|Iceland/Norway,0,,,"Canada has participated in combat and stabilization operations outside of traditional peacekeeping roles, notably during conflicts like those in Afghanistan or Yugoslavia. The other options list pairings that do not reflect major non-peacekeeping deployments."
8141,8,true_false,preview,8142,Quebec's Quiet Revolution was a 1960s era of rapid change.,,true,,,"The Quiet Revolution refers specifically to the period in the 1960s when Quebec underwent massive social, political, and cultural transformation."
8142,8,multiple_choice,main,,What name describes Quebec's 1960s rapid change?,Quiet Revolution|Silent Spring|Great Awakening|Bilingual Accord,0,,,Quebec experienced an era of rapid change in the 1960s known as the Quiet Revolution. Many Quebecers sought to separate from Canada.
8143,8,true_false,exercise,8142,Many Quebecers sought separation from Canada during the Quiet Revolution.,,true,,,"The rapid changes of the 1960s fueled a strong nationalist movement, leading many Quebecers to advocate for separation from Canada."
8144,8,select_blank,exercise,8142,The Quiet Revolution took place in Quebec in ___.,1960s|1940s|1980s|1990s,0,,,The Quiet Revolution was defined by the social and political upheaval that occurred in Quebec during the 1960s.
8145,8,multiple_choice,exercise,8142,What movement grew stronger during the Quiet Revolution?,Quebec sovereignty|Western expansion|Confederation|Monarchism,0,,,"The Quiet Revolution was characterized by a massive cultural and political awakening in Quebec, which fueled growing support for Quebec sovereignty."
8151,8,true_false,preview,8152,The Bilingualism and Biculturalism Commission was set up in 1963.,,true,,,That is correct; the establishment of this commission in 1963 marked a significant turning point in federal-provincial relations regarding language rights.
8152,8,multiple_choice,main,,What year was the Bilingualism and Biculturalism Commission established?,1963|1969|1970|1982,0,,,In 1963 Parliament established the Royal Commission on Bilingualism and Biculturalism. This led to the Official Languages Act (1969).
8153,8,true_false,exercise,8152,The 1963 Royal Commission led to the Official Languages Act.,,true,,,"Yes, the findings and recommendations from that Royal Commission were instrumental in drafting and passing the Official Languages Act."
8154,8,select_blank,exercise,8152,The 1963 Royal Commission studied ___ and biculturalism.,bilingualism|separatism|federalism|multiculturalism,0,,,"The commission's primary focus was on how to manage language policy, specifically studying bilingualism alongside biculturalism."
8155,8,multiple_choice,exercise,8152,Which body established the Royal Commission in 1963?,Parliament|Supreme Court|Quebec legislature|Senate alone,0,,,It was a federal mandate; Parliament established the Royal Commission to investigate linguistic and cultural relations within Canada.
8161,8,true_false,preview,8162,The Official Languages Act guarantees French and English federal services.,,true,,,"Yes, the Act specifically requires that all federal institutions provide services in both English and French."
8162,8,multiple_choice,main,,What does the 1969 Official Languages Act guarantee?,French/English services|Public transit|Voting rights|Quebec independence,0,,,"This led to the Official Languages Act (1969), which guarantees French and English services in the federal government across Canada."
8163,8,multiple_choice,exercise,8162,What year was the Official Languages Act passed?,1969|1963|1970|1982,0,,,"The Act was passed in 1969, marking a major step toward ensuring linguistic equality across federal services."
8164,8,true_false,exercise,8162,The Official Languages Act applies across all of Canada.,,true,,,That is correct; it is a federal piece of legislation designed to apply its principles across all Canadian jurisdictions and services.
8165,8,select_blank,exercise,8162,The Official Languages Act guarantees services in ___.,French/English|French only|English only|French/Spanish,0,,,"The Act guarantees services in both English and French, recognizing them as Canada's official bilingual languages at the federal level."
8171,8,true_false,preview,8172,Canada helped found La Francophonie in 1970.,,true,,,"This is true; Canada played an active role in establishing La Francophonie, which promotes French language and culture globally."
8172,8,multiple_choice,main,,What is La Francophonie?,French-speaking group|Quebec party|Federal court|Trade treaty,0,,,"In 1970, Canada helped found La Francophonie, an international association of French-speaking countries."
8173,8,multiple_choice,exercise,8172,What year did Canada help found La Francophonie?,1970|1963|1969|1980,0,,,"Canada played a key role in the founding of La Francophonie around 1970, which was a pivotal time for French cultural and political identity."
8174,8,true_false,exercise,8172,La Francophonie is an association of French-speaking countries.,,true,,,That's correct; it is an international association dedicated to promoting and protecting French language and culture across many nations.
8175,8,select_blank,exercise,8172,Canada helped found La Francophonie in ___.,1970|1963|1969|1980,0,,,"Canada was instrumental in the founding of La Francophonie, which took place around 1970."
8181,8,true_false,preview,8182,Quebec sovereignty was defeated in a 1980 referendum.,,true,,,"Yes, the 'No' vote in the 1980 referendum effectively defeated the movement for Quebec sovereignty at that time."
8182,8,multiple_choice,main,,What happened to Quebec sovereignty in the 1980 referendum?,Defeated|Succeeded|Postponed|Banned,0,,,The movement for Quebec sovereignty gained strength but was defeated in a referendum in the province in 1980.
8183,8,true_false,exercise,8182,The first Quebec sovereignty referendum was held in 1980.,,true,,,That is correct; the first major referendum on Quebec sovereignty took place in 1980.
8184,8,select_blank,exercise,8182,Quebec's first sovereignty referendum was defeated in ___.,1980|1970|1982|1995,0,,,"The first major referendum on Quebec's sovereignty took place in 1980, and the 'No' vote ultimately defeated the pro-sovereignty movement."
8185,8,multiple_choice,exercise,8182,What did the 1980 Quebec referendum decide?,Sovereignty rejected|Sovereignty approved|Oath changed|Bilingualism ended,0,,,"In the 1980 referendum, voters rejected the idea of Quebec seceding from Canada, meaning sovereignty was voted down."
8191,8,true_false,preview,8192,In 1982 the Constitution was amended without Quebec's agreement.,,true,,,The patriation of the Canadian Constitution and its amendments in 1982 happened without securing Quebec's consent or agreement.
8192,8,multiple_choice,main,,"In 1982, how was the Constitution amended regarding Quebec?",No consent|Full consent|Quebec only|Quebec alone,0,,,"After much negotiation, in 1982 the Constitution was amended without the agreement of Quebec."
8193,8,true_false,exercise,8192,Quebec did not agree to the 1982 constitutional amendment.,,true,,,It is accurate that Quebec did not agree to the constitutional changes passed during the 1982 patriation process.
8194,8,multiple_choice,exercise,8192,What year was the Constitution amended without Quebec's consent?,1982|1980|1969|1995,0,,,
8195,8,select_blank,exercise,8192,The Constitution was amended in ___ without Quebec's agreement.,1982|1980|1969|1995,0,,,"The key moment when the Constitution was amended without Quebec's agreement occurred in 1982, which is often referred to as 'the night of the Long Knives'."
8201,8,true_false,preview,8202,Quebec sovereignty was again defeated in a 1995 referendum.,,true,,,"That's right; the 'No' side won decisively, meaning Quebec did not achieve full sovereignty in that vote."
8202,8,multiple_choice,main,,What happened in Quebec's second sovereignty referendum?,Defeated again|Became independent|Vote cancelled|Left NATO,0,,,"Though sovereignty was again defeated in a second referendum in 1995, the autonomy of Quebec within Canada remains a lively topic."
8203,8,multiple_choice,exercise,8202,What year was Quebec's second sovereignty referendum?,1995|1980|1982|1970,0,,,"The second major referendum took place in 1995. While there were earlier discussions, 1995 is the year most associated with the modern attempt at separation."
8204,8,true_false,exercise,8202,Quebec's autonomy within Canada remains a lively topic today.,,true,,,Absolutely; issues of Quebec's distinct status and relationship with federal Canadian law are still highly debated today.
8205,8,select_blank,exercise,8202,Quebec's second sovereignty referendum was held in ___.,1995|1980|1969|1982,0,,,The second major referendum was held in 1995. The other dates listed were either too early or incorrect for this specific event.
8211,8,true_false,preview,8212,Japanese-Canadians gained the federal vote in 1948.,,true,,,"Yes, the federal vote was a significant turning point that helped integrate Japanese-Canadians into Canadian political life."
8212,8,multiple_choice,main,,What year did Japanese-Canadians gain the right to vote?,1948|1960|1970|1927,0,,,"Most Canadians of Asian descent had in the past been denied the vote in federal and provincial elections. In 1948 the last of these, the Japanese-Canadians, gained the right to vote."
8213,8,true_false,exercise,8212,Japanese-Canadians were the last Asian-Canadians to gain the vote.,,true,,,"Yes, they were among the very last groups of Asian Canadians to be denied voting rights by law. This pattern of exclusion affected various ethnic and minority groups over time."
8214,8,select_blank,exercise,8212,In 1948 ___ gained the right to vote.,Japanese-Canadians|Aboriginal people|Quebecers|Women,0,,,"The Japanese-Canadian community was granted voting rights in 1948, marking a significant step toward full citizenship for many groups. This followed earlier enfranchisement of women and others."
8215,8,multiple_choice,exercise,8212,What group of Canadians was previously denied the vote?,Asian-descent Canadians|All Quebecers|All Maritimers|All immigrants,0,,,"Historically, various minority and non-European groups, including those of Asian descent, were systematically denied voting rights by Canadian laws. This pattern of exclusion was common across different demographics."
8221,8,true_false,preview,8222,Aboriginal people were granted the vote in Canada in 1960.,,true,,,"That is correct; voting rights for Aboriginal peoples were finally secured around 1960, ending decades of legal disenfranchisement. This was a major milestone in Canadian civil rights history."
8222,8,multiple_choice,main,,What year were Aboriginal people granted the federal vote?,1960|1948|1970|1982,0,,,Aboriginal people were granted the vote in 1960. Today every citizen over the age of 18 may vote.
8223,8,multiple_choice,exercise,8222,At what age may every Canadian citizen vote today?,18|16|21|19,0,,,The minimum voting age for all Canadian citizens is currently 18 years old. This standard applies to federal elections and most provincial votes.
8224,8,true_false,exercise,8222,Every Canadian citizen over 18 may vote today.,,true,,,"Voting rights are generally universal for Canadian citizens who meet age requirements, so this statement is accurate."
8225,8,select_blank,exercise,8222,Aboriginal people were granted the vote in ___.,1960|1948|1927|1982,0,,,"The right to vote for Aboriginal people was finally granted in 1960, ending decades of disenfranchisement."
8231,8,true_false,preview,8232,"About 37,000 Hungarians fled Soviet tyranny to Canada in 1956.",,true,,,This accurately describes the significant number of Hungarian refugees who arrived in Canada following the uprising against Soviet rule in 1956.
8232,8,multiple_choice,main,,How many Hungarian refugees did Canada welcome in 1956?,"37,000|50,000|1,000|5,000",0,,,"Canada welcomed thousands of refugees from Communist oppression, including about 37,000 who escaped Soviet tyranny in Hungary in 1956."
8233,8,multiple_choice,exercise,8232,What year did Hungarian refugees escape to Canada?,1956|1948|1975|1969,0,,,"The Hungarian refugees arrived in Canada during the tumultuous period of 1956, escaping Soviet control."
8234,8,true_false,exercise,8232,The Hungarian refugees were escaping Soviet tyranny.,,true,,,They fled because of the brutal political climate and suppression of freedoms under Soviet rule in Hungary.
8235,8,select_blank,exercise,8232,"About 37,000 Hungarians fled to Canada in ___.",1956|1948|1975|1969,0,,,"The massive exodus of Hungarians occurred following the Hungarian Revolution and subsequent Soviet crackdown in 1956, which forced many to seek refuge abroad."
8241,8,true_false,preview,8242,"Over 50,000 Vietnamese refugees came to Canada after 1975.",,true,,,That is correct; the fall of Saigon in 1975 triggered a large wave of Vietnamese refugees who sought safety in Canada.
8242,8,multiple_choice,main,,"What caused over 50,000 Vietnamese to flee to Canada?",Vietnam War|Quiet Revolution|Korean War|Cold War,0,p25-vietnamese-canadian-parade.jpeg,,"With the Communist victory in the Vietnam War in 1975, many Vietnamese fled, including over 50,000 who sought refuge in Canada."
8243,8,multiple_choice,exercise,8242,What year did the Vietnam War end?,1975|1956|1970|1980,0,,,"The Vietnam War officially ended when South Vietnam fell to North Vietnam in 1975, marking the end of major fighting in that region."
8244,8,true_false,exercise,8242,"More than 50,000 Vietnamese refugees sought refuge in Canada.",,true,,,"Yes, the number was substantial; over 50,000 Vietnamese people arrived in Canada as refugees following the conflict."
8245,8,select_blank,exercise,8242,Vietnamese refugees fled to Canada after the ___.,Vietnam War|Korean War|Cold War|Quiet Revolution,0,,,"The primary catalyst for their flight was the conclusion of the Vietnam War, which destabilized life and forced many families to leave their homeland."
8251,8,true_false,preview,8252,"By the 1960s, a third of Canadians were non-British, non-French.",,true,,,This is accurate because the influx of immigrants from various global regions meant that the population base was rapidly diversifying beyond just British and French origins.
8252,8,multiple_choice,main,,"By the 1960s, what share of Canadians were non-British/French?",One-third|One-tenth|One-half|Two-thirds,0,,,"The idea of multiculturalism, as a result of 19th- and 20th-century immigration, gained a new impetus. By the 1960s, one-third of Canadians had origins that were neither British nor French, and took pride in preserving their distinct culture."
8253,8,true_false,exercise,8252,Multiculturalism gained new impetus from 19th- and 20th-century immigration.,,true,,,The waves of immigration throughout the 19th and 20th centuries introduced so many different cultures that celebrating this diversity became a major national focus.
8254,8,select_blank,exercise,8252,One-third of Canadians had origins neither ___ nor French.,British|American|Asian|Indigenous,0,,,"This phrase refers to the proportion of people whose origins were neither British nor French, highlighting the growing non-European background in Canada."
8255,8,multiple_choice,exercise,8252,What did Canadians take pride in preserving?,Distinct culture|Their language|Their religion|Their cuisine,0,,,"The core element that Canadians have historically sought to preserve is their unique cultural identity, which distinguishes them from neighboring countries."
8261,8,true_false,preview,8262,Stephen Leacock and Margaret Laurence were notable Canadian writers.,,true,,,Both Stephen Leacock and Margaret Laurence are critically acclaimed figures who contributed significantly to the canon of Canadian literature.
8262,8,multiple_choice,main,,Which of these was a Canadian novelist?,Stephen Leacock|Wayne Gretzky|Sam Steele|Louis Riel,0,,,"Canadians have made significant contributions to literature in English and in French. Men and women of letters included Stephen Leacock, Louis Hemon, Sir Charles G.D. Roberts, Pauline Johnson, Emile Nelligan, Robertson Davies, Margaret Laurence and Mordecai Richler."
8263,8,multiple_choice,exercise,8262,Which early Canadian man of letters wrote in French?,Louis Hemon|Robertson Davies|Margaret Laurence|Mordecai Richler,0,,,"Louis Hémon was a prominent writer who wrote in French, fitting the criteria of an early Canadian man of letters. The other writers listed are generally associated with later periods or different literary traditions."
8264,8,multi_select,exercise,8262,Which of these are early Canadian writers?,Stephen Leacock|Mordecai Richler|Pauline Johnson|Wayne Gretzky,0|1|2,,,"Stephen Leacock, Pauline Johnson, and Mordecai Richler are all recognized authors whose works contribute to Canadian literature. Wayne Gretzky was famous for his athletic career, not writing."
8265,8,true_false,exercise,8262,Mordecai Richler was one of Canada's notable authors.,,true,,,He is widely regarded as one of the most significant and influential voices in modern Canadian literature.
8271,8,true_false,preview,8272,Sir Ernest MacMillan and Healey Willan were renowned Canadian musicians.,,true,,,"Both men are highly respected figures who made major contributions to classical music, establishing them as renowned Canadian musicians."
8272,8,multiple_choice,main,,Which musicians won renown for Canada in the arts?,MacMillan/Willan|Bailey/Petitclerc|Riel/Dumont|Fleming/Bell,0,,,Musicians such as Sir Ernest MacMillan and Healey Willan won renown in Canada and abroad.
8273,8,true_false,exercise,8272,MacMillan and Willan won renown both in Canada and abroad.,,true,,,"Their talent was recognized globally, meaning they achieved fame not only within Canada but also on the international stage."
8274,8,select_blank,exercise,8272,MacMillan and Willan were celebrated Canadian ___.,musicians|painters|sculptors|athletes,0,,,"They were highly acclaimed for their work in music, making them significant figures in Canadian musical history."
8275,8,multiple_choice,exercise,8272,Where did MacMillan and Willan win renown?,Canada/abroad|Quebec only|US only|Europe only,0,,,Their musical talents gained recognition both within Canada and on the international stage.
8281,8,true_false,preview,8282,"Joy Kogawa, Michael Ondaatje and Rohinton Mistry diversified Canadian literature.",,true,,,"Yes, the works of these writers significantly broadened the scope and representation within Canadian literature."
8282,8,multiple_choice,main,,Which writers diversified Canada's literary experience?,Kogawa/Ondaatje/Mistry|Bell/Fleming/Fessenden|Riel/Dumont/Steele|Bailey/Gretzky/Fox,0,,,"Writers such as Joy Kogawa, Michael Ondaatje and Rohinton Mistry have diversified Canada's literary experience."
8283,8,multi_select,exercise,8282,Which writers are credited with diversifying Canadian literature?,Joy Kogawa|Michael Ondaatje|Rohinton Mistry|Stephen Leacock,0|1|2,,,These three writers are recognized for bringing diverse cultural perspectives and voices into the Canadian literary canon.
8284,8,true_false,exercise,8282,Michael Ondaatje helped diversify Canadian literature.,,true,,,"True, his unique writing style and exploration of diverse cultural themes greatly enriched the literary landscape."
8285,8,select_blank,exercise,8282,"Kogawa, Ondaatje and Mistry diversified Canada's ___ experience.",literary|athletic|scientific|political,0,,,"Kogawa, Ondaatje, and Mistry are acclaimed writers whose works focus on diverse cultural narratives, making their impact primarily literary."
8291,8,true_false,preview,8292,The Group of Seven was founded in 1920.,,true,,,That's correct; the Group of Seven began forming and gaining recognition around 1920 as they started painting together.
8292,8,multiple_choice,main,,Which 1920 painters' group is Canada best known for?,Group-of-7|Les Automatistes|Inuit Guild|Confederation Artists,0,p25-jack-pine-tom-thomson.jpeg,,"In the visual arts, Canada is historically perhaps best known for the Group of Seven, founded in 1920, who developed a style of painting to capture the rugged wilderness landscapes."
8293,8,multiple_choice,exercise,8292,What year was the Group of Seven founded?,1920|1910|1930|1948,0,,,"They solidified their group identity and style in the early 1920s, making that the correct founding period for their movement."
8294,8,true_false,exercise,8292,The Group of Seven painted rugged wilderness landscapes.,,true,,,"This is true; capturing the vast, rugged wilderness was the central theme of almost all of their work."
8295,8,select_blank,exercise,8292,The Group of Seven painted rugged ___ landscapes.,wilderness|urban|coastal|prairie,0,,,"They were dedicated to portraying the untouched natural beauty of Canada, which is why 'wilderness' is the accurate term for their subject matter."
8301,8,true_false,preview,8302,Emily Carr painted West Coast forests and Aboriginal artifacts.,,true,,,That's right; her work beautifully captures both the raw wilderness of the Pacific Northwest and the rich cultural history represented by Aboriginal artifacts.
8302,8,multiple_choice,main,,What did painter Emily Carr depict in her work?,West-Coast scenes|Prairie fields|Quebec streets|Arctic ice,0,,,Emily Carr painted the forests and Aboriginal artifacts of the West Coast.
8303,8,true_false,exercise,8302,Emily Carr's subjects came from Canada's West Coast.,,true,,,"Her artistic focus was deeply rooted in the natural environment she explored, making the West Coast her primary source of inspiration for decades."
8304,8,select_blank,exercise,8302,Emily Carr painted forests and artifacts of the ___.,West Coast|Prairies|Maritimes|Arctic,0,,,"She spent significant time exploring the Pacific Northwest region, which is why her art focuses so heavily on the unique flora and culture found along the West Coast."
8305,8,multiple_choice,exercise,8302,Which Canadian painter is known for West Coast scenes?,Emily Carr|Kenojuak Ashevak|Jean-Paul Riopelle|Tom Thomson,0,,,"Emily Carr's work is iconic for its deep connection to the rugged landscapes and rainforests of the Pacific Northwest coast, making her the definitive answer here."
8311,8,true_false,preview,8312,Jean-Paul Riopelle was a leading member of Les Automatistes.,,true,,,"Yes, he was a foundational member. Les Automatistes was a revolutionary post-war group that pushed against traditional artistic boundaries in Quebec."
8312,8,multiple_choice,main,,Who pioneered Quebec's Les Automatistes art movement?,Jean-Paul Riopelle|Emily Carr|Louis-Philippe Hebert|Kenojuak Ashevak,0,,,"Les Automatistes of Quebec were pioneers of modern abstract art in the 1950s, most notably Jean-Paul Riopelle."
8313,8,true_false,exercise,8312,Les Automatistes pioneered modern abstract art in the 1950s.,,true,,,"Yes, they were instrumental; they broke away from traditional styles to embrace spontaneous abstraction during that decade."
8314,8,multiple_choice,exercise,8312,In what decade did Les Automatistes pioneer abstract art?,1950s|1920s|1970s|1990s,0,,,
8315,8,select_blank,exercise,8312,Jean-Paul Riopelle was the most notable member of ___.,Les Automatistes|Group-of-7|Inuit Guild|Confederation Artists,0,,,He is strongly associated with Les Automatistes because they were the group that pushed for radical abstraction and spontaneity in Quebec art during the 1940s and 50s.
8321,8,true_false,preview,8322,Louis-Philippe Hebert was a celebrated Quebec sculptor.,,true,,,That's right; he is recognized as one of the major figures in 20th-century Quebec sculpture.
8322,8,multiple_choice,main,,What was Louis-Philippe Hebert known for?,Sculpting figures|Painting landscapes|Directing films|Composing music,0,,,Quebec's Louis-Philippe Hebert was a celebrated sculptor of historical figures.
8323,8,select_blank,exercise,8322,Louis-Philippe Hebert sculpted ___ figures.,historical|imaginary|religious only|animal,0,,,"His focus was primarily on historical and allegorical subjects, giving depth to Quebec's cultural narrative through stone."
8324,8,true_false,exercise,8322,Louis-Philippe Hebert was from Quebec.,,true,,,Correct; he is a foundational figure in the artistic history of Quebec.
8325,8,multiple_choice,exercise,8322,What was Louis-Philippe Hebert's artistic craft?,Sculpture|Painting|Filmmaking|Music,0,,,
8331,8,true_false,preview,8332,Kenojuak Ashevak pioneered modern Inuit art.,,true,,,"She is widely credited with bringing Inuit artwork into the international spotlight, establishing it as a recognized modern art form."
8332,8,multiple_choice,main,,What art forms did Kenojuak Ashevak pioneer?,Etchings/prints/sculptures|Paintings/murals|Photography/film|Pottery/weaving,0,,,"Kenojuak Ashevak pioneered modern Inuit art with etchings, prints and soapstone sculptures."
8333,8,true_false,exercise,8332,"Kenojuak Ashevak worked in etchings, prints and soapstone sculpture.",,true,,,"Her incredible versatility is evident across various media, including printmaking (etchings) and carving materials like soapstone."
8334,8,select_blank,exercise,8332,Kenojuak Ashevak pioneered modern ___ art.,Inuit|Metis|Acadian|Quebecois,0,,,She is recognized for bringing the unique visual traditions and stories of the Inuit people to a global audience.
8335,8,multiple_choice,exercise,8332,Which artist pioneered modern Inuit art?,Kenojuak Ashevak|Emily Carr|Louis-Philippe Hebert|Jean-Paul Riopelle,0,,,"While other artists are famous, it was Kenojuak who is credited with elevating and introducing modern Inuit art to the world stage."
8341,8,true_false,preview,8342,Canada's Cirque du Soleil is a world-renowned performing arts company.,,true,,,"They are famous globally for their spectacular blend of circus arts, theater, and acrobatics."
8342,8,multiple_choice,main,,What kind of company is Cirque du Soleil?,Performing arts|Film studio|Sports league|Publishing house,0,p25-cirque-du-soleil.jpeg,,"Canada has a long and respected performing arts history, with a network of regional theatres and world-renowned performing arts companies."
8343,8,true_false,exercise,8342,Canada has a network of regional theatres.,,true,,,"Yes, Canada has a robust and decentralized cultural infrastructure, including a wide network of regional theatres across the country."
8344,8,select_blank,exercise,8342,Canada has a network of regional ___.,theatres|courthouses|legislatures|universities,0,,,"The prompt is referring to performing arts centers, making 'theatres' the correct term for describing Canada's regional cultural network."
8345,8,multiple_choice,exercise,8342,How is Canada's performing arts history best described?,Long/respected|Recent/small|Quebec-limited|Mostly amateur,0,,,Canada has a rich and respected history in the performing arts that predates recent developments or limitations to just one region like Quebec.
8351,8,true_false,preview,8352,Denys Arcand is a noteworthy Canadian filmmaker.,,true,,,That is correct; Denys Arcand is widely recognized as one of Canada's most influential and critically acclaimed filmmakers.
8352,8,multiple_choice,main,,Which director's films were popular in Quebec?,Denys Arcand|Norman Jewison|Atom Egoyan|Terry Fox,0,,,"The films of Denys Arcand have been popular in Quebec and across the country, and have won international awards. Other noteworthy Canadian filmmakers include Norman Jewison and Atom Egoyan."
8353,8,multi_select,exercise,8352,Which of these are noteworthy Canadian filmmakers?,Denys Arcand|Norman Jewison|Atom Egoyan|Wayne Gretzky,0|1|2,,,"Denys Arcand, Norman Jewison, and Atom Egoyan are all highly respected figures who have made significant contributions to Canadian cinema. Wayne Gretzky was a famous athlete, not a filmmaker."
8354,8,true_false,exercise,8352,Norman Jewison and Atom Egoyan are noteworthy Canadian filmmakers.,,true,,,"Both Jewison and Egoyan have had highly successful careers, making them definitely recognized figures in Canadian cinema."
8355,8,select_blank,exercise,8352,Denys Arcand's films have won ___ awards.,international|no|only local|only student,0,,,"His acclaimed works are celebrated globally, meaning he has earned significant international accolades rather than just local ones."
8361,8,true_false,preview,8362,Basketball was invented by Canadian James Naismith in 1891.,,true,,,This is correct; James Naismith did invent the sport while living in Canada back in 1891.
8362,8,multiple_choice,main,,Who invented basketball in 1891?,James Naismith|Wayne Gretzky|Terry Fox|Paul Henderson,0,,,Basketball was invented by Canadian James Naismith in 1891.
8363,8,multiple_choice,exercise,8362,What year did James Naismith invent basketball?,1891|1901|1920|1947,0,,,"He invented it in 1891, which was when he was working at the YMCA school in Springfield."
8364,8,true_false,exercise,8362,James Naismith was Canadian.,,true,,,"Yes, despite playing for American teams later on, he originated and invented the game while living in Canada."
8365,8,select_blank,exercise,8362,James Naismith invented ___ in 1891.,basketball|hockey|football|lacrosse,0,,,"James Naismith is credited with inventing basketball in 1891, originally as an indoor activity for the YMCA."
8371,8,true_false,preview,8372,Donovan Bailey became a double Olympic gold medallist in 1996.,,true,,,"Yes, Donovan Bailey achieved double Olympic gold at the 1996 Atlanta Games by winning both the 100m and 200m sprints."
8372,8,multiple_choice,main,,What did Donovan Bailey achieve at the 1996 Olympics?,Sprint double-gold|Hope founder|Hockey gold|Basketball inventor,0,p26-donovan-bailey.jpeg,,"In 1996 at the Olympic Summer Games, Donovan Bailey became a world record sprinter and double Olympic gold medallist."
8373,8,multiple_choice,exercise,8372,What year did Bailey set his sprint record?,1996|1980|1972|2002,0,,,"He set his record in 1996 during the Olympics, which was a significant moment for him."
8374,8,true_false,exercise,8372,Donovan Bailey won two Olympic gold medals in 1996.,,true,,,
8375,8,select_blank,exercise,8372,Donovan Bailey became a world record ___ in 1996.,sprinter|speed skater|hockey player|swimmer,0,,,Donovan Bailey became a world record sprinter when he won gold at the 1996 Atlanta Olympics.
8381,8,true_false,preview,8382,Chantal Petitclerc became a world champion wheelchair racer.,,true,,,That is correct; Chantal Petitclerc achieved significant success and became a world champion wheelchair racer.
8382,8,multiple_choice,main,,What is Chantal Petitclerc known for?,Wheelchair racing|Inventing basketball|Founding CFL|Peacekeeping mission,0,p26-chantal-petitclerc.jpeg,,Chantal Petitclerc became a world champion wheelchair racer and Paralympic gold medalist.
8383,8,true_false,exercise,8382,Chantal Petitclerc won a Paralympic gold medal.,,true,,,"She is an accomplished athlete, and she did indeed win multiple Paralympic gold medals in wheelchair racing."
8384,8,select_blank,exercise,8382,Chantal Petitclerc became a world champion ___ racer.,wheelchair|marathon|speed skating|swimming,0,,,She is famous for being a top-tier athlete in the specific field of wheelchair racing. Marathon or general sports like swimming don't apply to her specialty.
8385,8,multiple_choice,exercise,8382,What kind of medal did Chantal Petitclerc win?,Paralympic gold|Olympic bronze|Commonwealth silver|World gold,0,,,
8391,8,true_false,preview,8392,"Wayne Gretzky played for the Edmonton Oilers, 1979-1988.",,true,,,That time frame is correct; he spent a significant portion of his legendary career playing for the Oilers.
8392,8,multiple_choice,main,,"Which team did Gretzky play for, 1979-1988?",Edmonton Oilers|Montreal Canadiens|Maple Leafs|Calgary Flames,0,p26-wayne-gretzky.jpeg,,"One of the greatest hockey players of all time, Wayne Gretzky, played for the Edmonton Oilers from 1979 to 1988."
8393,8,multiple_choice,exercise,8392,What years did Gretzky play for the Oilers?,1979-1988|1972-1980|1985-1996|1965-1975,0,,,"He was with the Oilers during that period, making 1979-1988 the accurate range for his time there."
8394,8,true_false,exercise,8392,Wayne Gretzky is one of hockey's greatest players ever.,,true,,,This is widely accepted; he is often cited as the greatest player in the history of the sport.
8395,8,select_blank,exercise,8392,"Wayne Gretzky played for the Edmonton ___, 1979-1988.",Oilers|Flames|Canadiens|Maple Leafs,0,,,"Wayne Gretzky spent the entirety of that period playing for the Edmonton Oilers, making them his primary team."
8401,8,true_false,preview,8402,Terry Fox began the Marathon of Hope in 1980.,,true,,,That's correct; Terry Fox began his famous Marathon of Hope run in 1980.
8402,8,multiple_choice,main,,What did Terry Fox's 1980 run raise money for?,Cancer research|Spinal research|Refugee resettlement|Olympic training,0,p26-terry-fox-marathon-of-hope.jpeg,,"In 1980, Terry Fox, a British Columbian who lost his right leg to cancer at the age of 18, began a cross-country run, the ""Marathon of Hope,"" to raise money for cancer research. He became a hero to Canadians."
8403,8,multiple_choice,exercise,8402,At what age did Terry Fox lose his leg?,18|21|25|16,0,,,"He lost his leg when he was just 18 years old, which is why that option is right."
8404,8,true_false,exercise,8402,Terry Fox's run was called the Marathon of Hope.,,true,,,"Yes, the event was officially called the Marathon of Hope, a name given to commemorate its purpose."
8405,8,select_blank,exercise,8402,Terry Fox began his cross-country run in ___.,1980|1985|1972|1996,0,,,"He started his grueling cross-country run in 1980, which is when the movement began."
8406,8,true_false,exercise,8402,Terry Fox finished his cross-country run.,,false,,,He did not finish; Terry Fox was forced to stop his run due to severe illness before reaching the end of Canada.
8411,8,true_false,preview,8412,Rick Hansen circled the globe in a wheelchair in 1985.,,true,,,That is correct. Rick Hansen completed his incredible journey circling the globe in a wheelchair during 1985.
8412,8,multiple_choice,main,,What did Rick Hansen do in 1985?,Wheelchair world-tour|Hope marathon|Snowmobile invention|Quiet Revolution,0,,,"In 1985, fellow British Columbian Rick Hansen circled the globe in a wheelchair to raise funds for spinal cord research."
8413,8,true_false,exercise,8412,Rick Hansen raised funds for spinal cord research.,,true,,,"Yes, completing such an arduous trip was part of a larger effort to raise awareness and funds for spinal cord research."
8414,8,select_blank,exercise,8412,"Rick Hansen was, like Terry Fox, from ___.",British Columbia|Alberta|Quebec|Ontario,0,,,Both Terry Fox and Rick Hansen are originally from British Columbia.
8415,8,multiple_choice,exercise,8412,What year did Hansen circle the globe?,1985|1980|1972|1996,0,,,"He completed his global journey in 1985, making that the correct year for his incredible feat."
8421,8,true_false,preview,8422,Paul Henderson scored the winning goal in the 1972 Series.,,true,,,"Yes, he did score that famous winning goal during the 1972 series against the Soviet Union."
8422,8,multiple_choice,main,,What is Paul Henderson's 1972 goal often called?,Round-world goal|Hope marathon|Revolution goal|Confederation goal,0,p26-paul-henderson-1972.jpeg,,"In 1972, Paul Henderson scored the winning goal for Canada in the Canada-Soviet Summit Series. This goal is often referred to as ""the goal heard around the world"" and is still remembered today as an important event in both sports and cultural history."
8423,8,multiple_choice,exercise,8422,What year did Paul Henderson score his famous goal?,1972|1980|1996|1985,0,,,"The goal happened in 1972, which was a major moment for Canadian hockey against the Soviet Union."
8424,8,true_false,exercise,8422,Paul Henderson's goal was scored against the Soviet Union.,,true,,,That's right; it was a monumental moment when Canada beat the powerful Soviet team.
8425,8,select_blank,exercise,8422,Paul Henderson's goal won the Canada-Soviet ___ Series.,Summit|Winter|World Cup|Cold War,0,,,"The official title was the Summit Series, which was a highly publicized contest during the Cold War era."
8431,8,true_false,preview,8432,Catriona Le May Doan won 2002 Olympic speed skating gold.,,true,,,That's correct; she secured the gold medal in speed skating at the 2002 Winter Olympics.
8432,8,multiple_choice,main,,What sport won Le May Doan 2002 gold?,Speed skating|Wheelchair racing|Sprinting|Swimming,0,p26-catriona-le-may-doan.jpeg,,Catriona Le May Doan carries the flag after winning a gold medal in speed skating at the 2002 Olympic Winter Games.
8433,8,true_false,exercise,8432,Le May Doan's gold came at the 2002 Winter Games.,,true,,,"Yes, she won her gold medal at the 2002 Winter Olympics in Salt Lake City."
8434,8,select_blank,exercise,8432,Le May Doan won gold in ___ in 2002.,speed skating|figure skating|hockey|skiing,0,,,She won the gold medal in speed skating during those games.
8435,8,multiple_choice,exercise,8432,What did Le May Doan carry after her win?,The flag|Grey Cup|Stanley Cup|A torch,0,,,"After winning, she carried the flag as part of the victory ceremony."
8441,8,true_false,preview,8442,The Grey Cup was donated by Lord Grey in 1909.,,true,,,That's correct; Lord Grey donated the cup back in 1909.
8442,8,multiple_choice,main,,What championship do CFL teams compete for?,Grey Cup|Stanley Cup|World Cup|Governor's Trophy,0,p26-canadian-football-cfl.jpeg,,"Canadian football is a popular game that differs in a number of ways from American football. Professional teams in the Canadian Football League (CFL) compete for the championship Grey Cup, donated by Lord Grey, the Governor General, in 1909."
8443,8,multiple_choice,exercise,8442,What year did Lord Grey donate the Grey Cup?,1909|1920|1947|1965,0,,,Lord Grey gifted the trophy to the Canadian Football League in 1909.
8444,8,true_false,exercise,8442,Canadian football differs from American football.,,true,,,
8445,8,select_blank,exercise,8442,"The Grey Cup was donated by ___, Governor General.",Lord Grey|Lord Durham|Lord Elgin|Lord Dufferin,0,,,"Lord Grey was the Governor General who donated the trophy, giving it its name. The other lords mentioned were not responsible for donating the cup."
8451,8,true_false,preview,8452,Mark Tewksbury is an Olympic gold medallist and activist.,,true,,,"Yes, Mark Tewksbury is known both for his athletic achievements and his advocacy work in the community."
8452,8,multiple_choice,main,,Mark Tewksbury is an activist for which community?,Gay/lesbian Canadians|Refugee Canadians|Aboriginal Canadians|Francophone Canadians,0,p26-mark-tewksbury.jpeg,,"Mark Tewksbury, Olympic gold medallist and prominent activist for gay and lesbian Canadians."
8453,8,true_false,exercise,8452,Mark Tewksbury won an Olympic gold medal.,,true,,,That's correct; he did win an Olympic gold medal during his career.
8454,8,select_blank,exercise,8452,Tewksbury is an activist for gay and ___ Canadians.,lesbian|refugee|Metis|Francophone,0,,,He is particularly well-known for his activism supporting gay Canadians. The other groups listed are not the focus of his advocacy work.
8455,8,multiple_choice,exercise,8452,What sport did Mark Tewksbury win Olympic gold in?,Swimming|Speed skating|Sprinting|Wheelchair racing,0,,,"Mark Tewksbury won Olympic gold in swimming, which was a major accomplishment for him."
8461,8,true_false,preview,8462,Marshall McLuhan and Harold Innis were pioneer Canadian thinkers.,,true,,,"Yes, both men made significant contributions to media theory and communication studies while being highly influential intellectual figures in Canada."
8462,8,multiple_choice,main,,Which Canadians were pioneer thinkers on communication and media?,McLuhan/Innis|Bell/Fessenden|Riopelle/Carr|Bailey/Fox,0,,,Canadian advances in science and technology are world renowned and have changed the way the world communicates and does business. Marshall McLuhan and Harold Innis were pioneer thinkers.
8463,8,true_false,exercise,8462,Canadian advances in science and technology are world renowned.,,true,,,"Canada has a strong reputation globally for its research, technological innovation, and scientific advancements across various fields."
8464,8,select_blank,exercise,8462,Marshall McLuhan and Harold Innis were pioneer ___.,thinkers|athletes|painters|soldiers,0,,,"They are primarily known for their deep theoretical work on media and communication, making them influential intellectual thinkers rather than practitioners in other fields."
8465,8,multiple_choice,exercise,8462,What did Canadian science and technology change?,Business/communication|Sports|Elections|Voting,0,,,"Their advancements have most significantly impacted how we communicate, conduct business, and manage information flow globally."
8471,8,true_false,preview,8472,The Canadian Space Agency has explored space since 1989.,,true,,,"Yes, the agency has a long history of involvement in space missions and scientific exploration dating back to that period."
8472,8,multiple_choice,main,,What has Canada used in space exploration since 1989?,The Canadarm|Grey Cup|The NWMP|Red Ensign,0,p26-canadarm-space.jpeg,,"Since 1989, the Canadian Space Agency and Canadian astronauts have participated in space exploration, often using the Canadian-designed and built Canadarm."
8473,8,multiple_choice,exercise,8472,What year did the Space Agency begin space exploration?,1989|1969|1996|1970,0,,,"The correct answer is 1989, which marks the formal beginning of the Canadian Space Agency's dedicated space program and exploration efforts."
8474,8,true_false,exercise,8472,The Canadarm was designed and built in Canada.,,true,,,"That's right; the groundbreaking robotic arm, which was crucial for space station assembly, was indeed designed and manufactured in Canada."
8475,8,select_blank,exercise,8472,The Canadian Space Agency has explored space since ___.,1989|1969|1996|1970,0,,,The Canadian Space Agency began its official space exploration efforts and structure starting in 1989.
8481,8,true_false,preview,8482,Gerhard Herzberg and John Polanyi were Nobel Prize-winning Canadian scientists.,,true,,,"Yes, both Gerhard Herzberg and John Polanyi are highly distinguished Canadian scientists who have won Nobel Prizes in their respective fields."
8482,8,multiple_choice,main,,Which of these was a Nobel Prize-winning Canadian scientist?,Gerhard Herzberg|James Naismith|Sam Steele|Louis Riel,0,,,"Gerhard Herzberg, a refugee from Nazi Germany, John Polanyi, Sidney Altman, Richard E. Taylor, Michael Smith and Bertram Brockhouse were Nobel Prize-winning scientists."
8483,8,true_false,exercise,8482,Gerhard Herzberg was a refugee from Nazi Germany.,,true,,,"That's correct; Herzberg fled Nazi Germany, an experience that significantly shaped his academic journey and later scientific contributions."
8484,8,multi_select,exercise,8482,Which of these were Nobel Prize-winning Canadian scientists?,John Polanyi|Sidney Altman|Bertram Brockhouse|Wayne Gretzky,0|1|2,,,"Polanyi, Altman, and Brockhouse are all Nobel laureates who made significant contributions to biochemistry and chemistry. Wayne Gretzky is a legendary athlete, not a scientist."
8485,8,select_blank,exercise,8482,Herzberg fled to Canada as a refugee from ___.,Nazi Germany|Soviet Russia|Communist Vietnam|Communist Hungary,0,,,Herzberg was forced to flee his home country after the rise of Nazi Germany due to his Jewish heritage.
8491,8,true_false,preview,8492,Alexander Graham Bell conceived the telephone in Canada.,,true,,,"Although Bell worked in various places, he did conceive and develop the initial concepts for the telephone while living in Canada."
8492,8,multiple_choice,main,,Where did Bell conceive the telephone?,Canada summer-house|Scotland lab|US workshop|Atlantic ship,0,,,Alexander Graham Bell hit on the idea of the telephone at his summer house in Canada.
8493,8,true_false,exercise,8492,Alexander Graham Bell is credited with inventing the telephone.,,true,,,"While historical credit is sometimes debated, Alexander Graham Bell is officially credited with patenting and developing the first practical telephone system."
8494,8,select_blank,exercise,8492,Alexander Graham Bell conceived the ___ in Canada.,telephone|radio|snowmobile|pacemaker,0,,,Bell's groundbreaking work on transmitting sound over electrical wires—the telephone—was conceived during his time in Canada.
8495,8,multiple_choice,exercise,8492,Where was Bell when he conceived the telephone?,Summer house|University lab|Government office|A shipyard,0,,,"Alexander Graham Bell was developing his ideas at a summer house, which provided the perfect secluded environment for him to make his groundbreaking discovery."
8501,8,true_false,preview,8502,Joseph-Armand Bombardier invented the snowmobile.,,true,,,"Yes, Joseph-Armand Bombardier is credited with inventing the modern snowmobile in the early 20th century."
8502,8,multiple_choice,main,,What did Joseph-Armand Bombardier invent?,The snowmobile|The telephone|Time zones|The pacemaker,0,,,"Joseph-Armand Bombardier invented the snowmobile, a light-weight winter vehicle."
8503,8,true_false,exercise,8502,The snowmobile is a light-weight winter vehicle.,,true,,,That's correct; the design of the snowmobile makes it a highly maneuverable and lightweight vehicle for winter conditions.
8504,8,select_blank,exercise,8502,Joseph-Armand Bombardier invented a light-weight winter ___.,vehicle|aircraft|boat|sled dog,0,,,"He invented a light-weight winter vehicle, which is what the snowmobile turned out to be. The other options are too general or incorrect types of equipment."
8505,8,multiple_choice,exercise,8502,Who invented the snowmobile?,Joseph-Armand Bombardier|Sandford Fleming|Reginald Fessenden|John Hopps,0,,,Joseph-Armand Bombardier was the inventor who developed and commercialized the first practical snowmobiles.
8511,8,true_false,preview,8512,Sandford Fleming invented the worldwide system of standard time zones.,,true,,,"Yes, he was instrumental in developing and promoting the concept of standardized global time zones, which required a systematic approach."
8512,8,multiple_choice,main,,What did Sir Sandford Fleming invent?,Time zones|The telephone|The snowmobile|Light bulb,0,,,Sir Sandford Fleming invented the worldwide system of standard time zones.
8513,8,true_false,exercise,8512,Sir Sandford Fleming's system was adopted worldwide.,,true,,,"Although adoption took time and involved many nations, his proposed system for standardized time zones is what the world ultimately adopted as its norm."
8514,8,select_blank,exercise,8512,Sandford Fleming invented the worldwide system of standard ___.,time zones|weights|currencies|passports,0,,,"He is known specifically for creating the standardized global framework for timekeeping, not weights or currencies."
8515,8,multiple_choice,exercise,8512,Who invented the worldwide system of standard time zones?,Sandford Fleming|Graham Bell|Reginald Fessenden|John Hopps,0,,,
8521,8,true_false,preview,8522,Evans and Woodward invented the first electric light bulb.,,true,,,They are credited with developing one of the earliest functional and practical designs for an electric light source that was commercially viable.
8522,8,multiple_choice,main,,Who invented the first electric light bulb?,Evans/Woodward|Graham Bell|Reginald Fessenden|Sandford Fleming,0,,,"Matthew Evans and Henry Woodward together invented the first electric light bulb and later sold the patent to Thomas Edison who, more famously, commercialized the light bulb."
8523,8,true_false,exercise,8522,Evans and Woodward sold their bulb patent to Edison.,,true,,,"They did sell their rights to Thomas Edison, which was a key transaction that helped fund and advance the commercial development of electrical lighting technology."
8524,8,select_blank,exercise,8522,Evans and Woodward sold their patent to ___.,Thomas Edison|Alexander Bell|Henry Ford|Nikola Tesla,0,,,"Evans and Woodward sold their patent for the electric light source to Thomas Edison, who was heavily invested in developing commercial electrical systems."
8525,8,multiple_choice,exercise,8522,What did Matthew Evans and Henry Woodward invent together?,Light bulb|The telephone|The snowmobile|Time zones,0,,,Matthew Evans and Henry Woodward are credited with inventing the early version of the incandescent light bulb. The other options were invented by different people or groups.
8531,8,true_false,preview,8532,Reginald Fessenden contributed to the invention of radio.,,true,,,"Yes, Reginald Fessenden was a key figure in the development of radio technology, particularly through his broadcasts."
8532,8,multiple_choice,main,,What was Reginald Fessenden's contribution to invention?,Voice message|Snowmobile invention|Discovered insulin|Pacemaker invention,0,,,"Reginald Fessenden contributed to the invention of radio, sending the first wireless voice message in the world."
8533,8,true_false,exercise,8532,Reginald Fessenden sent the world's first wireless voice message.,,true,,,That's correct; Fessenden is famous for transmitting the world's first voice and music broadcast over radio waves.
8534,8,select_blank,exercise,8532,Reginald Fessenden contributed to the invention of ___.,radio|the telephone|the pacemaker|time zones,0,,,"Reginald Fessenden was a pioneering figure in early radio communications, making him the correct answer."
8535,8,multiple_choice,exercise,8532,What was the world's first wireless voice message?,By Fessenden|By Bell|By Hopps|By Fleming,0,,,Paul Fessenden is credited with giving the world's first recorded wireless voice transmission during Christmas Eve in 1906.
8541,8,true_false,preview,8542,Dr. Wilder Penfield was a pioneering brain surgeon at McGill.,,true,,,"Penfield was actually a key figure at Harvard Medical School, though his work significantly impacted brain surgery globally."
8542,8,multiple_choice,main,,Dr. Wilder Penfield was known as what?,Greatest Canadian|Manitoba's father|Pacemaker inventor|RCMP founder,0,,,"Dr. Wilder Penfield was a pioneering brain surgeon at McGill University in Montreal, and was known as ""the greatest living Canadian."""
8543,8,true_false,exercise,8542,Dr. Wilder Penfield worked at McGill University in Montreal.,,true,,,"While he worked extensively with Canadian institutions, Penfield's most famous and foundational work took place in the United States."
8544,8,select_blank,exercise,8542,Dr. Wilder Penfield was a pioneering ___ surgeon.,brain|heart|eye|spine,0,,,"He is renowned for his pioneering work in mapping and surgically treating brain functions, making him a leading neurosurgeon."
8545,8,multiple_choice,exercise,8542,What title was Dr. Wilder Penfield known by?,Greatest Canadian|Manitoba's father|Mounties' founder|Frontier hero,0,,,He earned this title due to his groundbreaking contributions to the field of neurology and modern surgery.
8551,8,true_false,preview,8552,Dr. John A. Hopps invented the first cardiac pacemaker.,,true,,,That's right; Dr. John A. Hopps is credited with developing the first cardiac pacemaker device.
8552,8,multiple_choice,main,,What did Dr. John A. Hopps invent?,Cardiac pacemaker|Light bulb|The Canadarm|The snowmobile,0,,,"Dr. John A. Hopps invented the first cardiac pacemaker, used today to save the lives of people with heart disorders."
8553,8,true_false,exercise,8552,The cardiac pacemaker saves lives of people with heart disorders.,,true,,,"This is correct because pacemakers regulate heart rhythm, preventing life-threatening arrhythmias and keeping patients alive."
8554,8,select_blank,exercise,8552,Dr. John A. Hopps invented the first cardiac ___.,pacemaker|stent|monitor|defibrillator,0,,,"He invented the cardiac pacemaker, which regulates heart rhythm; stents or defibrillators serve different functions than the initial device he developed."
8555,8,multiple_choice,exercise,8552,Who invented the first cardiac pacemaker?,John Hopps|Wilder Penfield|Frederick Banting|Charles Best,0,,,"The correct inventor is John Hopps, who pioneered the development of the first functional cardiac pacemaker device."
8561,8,true_false,preview,8562,SPAR Aerospace and the National Research Council invented the Canadarm.,,true,,,This statement is accurate; SPAR Aerospace and the National Research Council were responsible for developing the Canadarm used on the Space Shuttle program.
8562,8,multiple_choice,main,,Who invented the Canadarm?,SPAR/NRC|RIM|CSA|Bombardier Inc.,0,,,"SPAR Aerospace / National Research Council invented the Canadarm, a robotic arm used in outer space."
8563,8,true_false,exercise,8562,The Canadarm is a robotic arm used in outer space.,,true,,,"Yes, the Canadarm is specifically designed to manipulate objects and perform tasks outside of Earth's atmosphere on the International Space Station."
8564,8,select_blank,exercise,8562,The Canadarm is a robotic ___ used in space.,arm|satellite|telescope|rover,0,,,"It is fundamentally an articulated mechanical limb, making 'arm' the correct descriptor for this piece of space hardware."
8565,8,multiple_choice,exercise,8562,Which organizations invented the Canadarm?,SPAR/NRC|RIM/Bombardier|CSA/RIM|NWMP/RCMP,0,,,"The initial development was a collaborative effort involving SPAR and Natural Resources Canada, making that pairing the accurate answer."
8571,8,true_false,preview,8572,Mike Lazaridis and Jim Balsillie of RIM invented the BlackBerry.,,true,,,That is correct; they were key figures responsible for developing the revolutionary technology that defined the early smartphone era with the BlackBerry.
8572,8,multiple_choice,main,,What was Research In Motion's (RIM) most famous invention?,The BlackBerry|The Canadarm|The snowmobile|The pacemaker,0,,,Mike Lazaridis and Jim Balsillie — of Research in Motion (RIM) — a wireless communications company known for its most famous invention: the BlackBerry.
8573,8,true_false,exercise,8572,RIM was a wireless communications company.,,true,,,"Yes, Research In Motion (RIM) specialized in developing and manufacturing mobile communication devices and software."
8574,8,select_blank,exercise,8572,Lazaridis and Balsillie's RIM invented the ___.,BlackBerry|Canadarm|telephone|light bulb,0,,,"RIM, which stands for Research In Motion, was famous for developing the groundbreaking BlackBerry device. This portable communication tool revolutionized mobile messaging before modern smartphones became common."
8575,8,multiple_choice,exercise,8572,Who founded Research In Motion (RIM)?,Lazaridis/Balsillie|Bell/Fessenden|Evans/Woodward|Hopps/Penfield,0,,,
8581,8,true_false,preview,8582,"Banting and Best discovered insulin, saving millions of lives.",,true,,,This is correct; their pioneering work in isolating and purifying insulin was a monumental medical breakthrough that saved countless lives from diabetes complications.
8582,8,multiple_choice,main,,What did Sir Frederick Banting and Charles Best discover?,Insulin|Penicillin|The pacemaker|The telephone,0,p27-frederick-banting.png,,"Sir Frederick Banting of Toronto and Charles Best discovered insulin, a hormone to treat diabetes that has saved 16 million lives worldwide."
8583,8,multiple_choice,exercise,8582,How many lives has insulin saved worldwide?,"16 million|1 million|500,000|37,000",0,,,"The correct estimate is 16 million lives, highlighting the massive global impact of insulin therapy on treating diabetes."
8584,8,true_false,exercise,8582,Insulin is a hormone used to treat diabetes.,,true,,,"This is true; insulin is a natural hormone produced by the pancreas that regulates blood sugar levels, making it essential for managing diabetes."
8585,8,select_blank,exercise,8582,Sir Frederick Banting discovered insulin together with ___.,Charles Best|Charles Tupper|John Hopps|Sandford Fleming,0,,,"Banting initially worked closely with his assistant, Charles Best, who was instrumental in the early stages of purifying and testing insulin."
8591,8,true_false,preview,8592,National historic sites exist in every province and territory.,,true,,,"While they are widespread across Canada, the designation system ensures that historical recognition is given to significant sites in every province and territory."
8592,8,multiple_choice,main,,What can teach you about Canada's history?,Museums/historic sites|Federal Parliament|University libraries|RCMP archives,0,p24-toronto-financial-district.jpeg,,"Through artifacts, works of art, stories, images and documents, museums explore the diverse events and accomplishments that formed Canada's history. National historic sites are located in all provinces and territories and include such diverse places as battlefields, archaeological sites, buildings and sacred spaces."
8593,8,true_false,exercise,8592,National historic sites include battlefields and archaeological sites.,,true,,,"Yes, national historic sites cover any location of cultural or historical importance, whether it marks a major conflict or represents ancient human habitation."
8594,8,multi_select,exercise,8592,Which of these are examples of national historic sites?,Battlefields|Archaeological sites|Sacred spaces|Shopping malls,0|1|2,,,"The designation focuses on places that represent significant human activity—like battles, sacred rituals, or ancient life—while commercial areas like shopping malls are generally excluded."
8595,8,select_blank,exercise,8592,Museums explore events and ___ that formed Canada's history.,accomplishments|referendums|elections|treaties,0,,,"While all these things contribute to history, museums typically focus on summarizing major achievements and cultural milestones alongside specific events like treaties or elections."
9001,9,true_false,preview,9002,"Canada is a federal state, parliamentary democracy and constitutional monarchy.",,true,,,This is the accurate description of Canada's governance: it maintains regional autonomy (federal state) while operating through an elected body under the rule of law (parliamentary democracy and constitutional monarchy).
9002,9,multi_select,main,,Which are true about Canada's government?,Federal state|Parliamentary democracy|Constitutional monarchy|Communist state,0|1|2,,,"There are three key facts about Canada's system of government: our country is a federal state, a parliamentary democracy and a constitutional monarchy."
9003,9,true_false,exercise,9002,Canada is a communist state.,,false,,,"Canada operates as a mixed-market democracy, not a communist state. Communism requires the government to own all means of production, which is simply not the case here."
9004,9,select_blank,exercise,9002,"Canada is a federal state, parliamentary democracy, constitutional ___.",monarchy|republic|dictatorship|oligarchy,0,,,"Because Canada's head of state is the British monarch, it is constitutionally defined as a monarchy. This term accurately reflects its historical and constitutional ties to the Crown."
9005,9,multiple_choice,exercise,9002,How many key facts describe Canada's government?,3|2|4|5,0,,,"The core facts taught about Canadian government usually center on three key points: federalism, parliamentary democracy, and constitutional monarchy."
9006,9,true_false,exercise,9002,Canada is a parliamentary democracy.,,true,,,"It is a parliamentary democracy because the executive branch (the Prime Minister and Cabinet) must be members of, and accountable to, the elected legislature (Parliament)."
9011,9,true_false,preview,9012,"The Constitution Act, 1867 was once the BNA Act.",,true,,,That's right; the British North America Act is simply the historical name that was given to the legislation establishing Canada's federal structure in 1867.
9012,9,multiple_choice,main,,What law first defined federal and provincial powers?,BNA Act|1931 Statute|Quebec Act|1763 Treaty,0,,,"The responsibilities of the federal and provincial governments were defined in 1867 in the British North America Act, now known as the Constitution Act, 1867."
9013,9,true_false,exercise,9012,The British North America Act was passed in 1867.,,true,,,"Yes, that's right; the BNA Act of 1867 is the legislation that formally established the Dominion of Canada."
9014,9,select_blank,exercise,9012,The BNA Act is now called the ___.,Constitution Act|The Charter|Quebec Act|Magna Carta,0,,,"It's now officially known as the Constitution Act, which is the modern title for the legal framework originally laid out by the BNA Act."
9015,9,multiple_choice,exercise,9012,In what year were federal and provincial roles defined?,1867|1982|1931|1763,0,,,The fundamental division between federal and provincial responsibilities was first codified in the British North America Act of 1867.
9021,9,true_false,preview,9022,The federal government handles defence and foreign policy.,,true,,,"That's correct; defense, international relations, and currency are matters that require a unified national approach handled by the federal government."
9022,9,multiple_choice,main,,Which is a federal government responsibility?,Defence|Education|Highways|Natural resources,0,,,"The federal government takes responsibility for matters of national and international concern, including defence, foreign policy, interprovincial trade and communications, currency, navigation, criminal law and citizenship."
9023,9,multi_select,exercise,9022,Which are federal government responsibilities?,Defence|Currency|Criminal law|Education,0|1|2,,,"Defense and currency are clearly federal powers, and while education is typically managed at the provincial level."
9024,9,true_false,exercise,9022,Citizenship matters are a federal responsibility.,,true,,,"Yes, defining who is a citizen and managing immigration falls under the federal government's jurisdiction because these issues affect the entire country."
9025,9,select_blank,exercise,9022,The federal government sets ___ law across Canada.,criminal|municipal|property|highway,0,,,"The federal government has jurisdiction over major laws like criminal law, which applies uniformly across all provinces. Municipal or property laws are usually handled at a local level."
9026,9,multiple_choice,exercise,9022,Which is NOT a federal responsibility?,Highways|Defence|Currency|Criminal law,0,,,"While the federal government manages defense and currency, highway maintenance is typically a shared or provincial responsibility, not exclusively federal."
9031,9,true_false,preview,9032,Provinces are responsible for education and health.,,true,,,That's correct; provinces hold primary jurisdiction over managing healthcare systems and educational institutions within their borders.
9032,9,multiple_choice,main,,Which is a provincial government responsibility?,Education|Defence|Currency|Foreign policy,0,,,"The provinces are responsible for municipal government, education, health, natural resources, property and civil rights, and highways."
9033,9,multi_select,exercise,9032,Which are provincial government responsibilities?,Health|Highways|Natural resources|Foreign policy,0|1|2,,,"Provinces manage things like health care, local highways, and natural resource management; foreign policy belongs exclusively to the federal government."
9034,9,true_false,exercise,9032,Provinces issue driver's licences.,,true,,,"This is true because issuing licenses and managing road safety are core provincial responsibilities, not federal ones."
9035,9,select_blank,exercise,9032,Provinces oversee property and ___ rights.,civil|criminal|international|maritime,0,,,"Provinces handle the day-to-day rules of life, which includes both property ownership and civil disputes. Federal government typically handles criminal law."
9036,9,multiple_choice,exercise,9032,Which is NOT a provincial responsibility?,Defence|Education|Health|Highways,0,,,"National defence and military matters fall under the exclusive jurisdiction of the federal government, while education, health, and highways are primarily managed by provinces."
9041,9,true_false,preview,9042,Agriculture and immigration are shared federal-provincial matters.,,true,,,"This is correct because while the federal government sets broad policies for both, provinces must work closely with Ottawa to implement them effectively."
9042,9,multiple_choice,main,,Which two areas do federal and provincial share?,"Agriculture, immigration|Defence, currency|Education, health|Highways, policing",0,,,The federal government and the provinces share jurisdiction over agriculture and immigration.
9043,9,multi_select,exercise,9042,Which areas are shared federal-provincial jurisdiction?,Agriculture|Immigration|Defence|Currency,0|1,,,Both agriculture and immigration require significant cooperation because they impact local economies and daily life in ways that neither level of government can manage alone.
9044,9,true_false,exercise,9042,Immigration is solely a provincial responsibility.,,false,,,"This is false because immigration policy is primarily a federal responsibility in Canada. While provinces are involved, they cannot unilaterally control who enters the country."
9045,9,select_blank,exercise,9042,Federal and provincial governments share agriculture and ___.,immigration|defence|currency|criminal law,0,,,Federal and provincial governments share responsibilities in areas like agriculture and immigration. Defence or currency are typically matters handled exclusively by the federal government.
9051,9,true_false,preview,9052,Federalism lets provinces adopt policies suited to their people.,,true,,,"That's the core benefit of federalism—it allows for policy diversity, letting provinces adapt laws to their unique demographics and needs."
9052,9,multiple_choice,main,,What benefit does federalism give provinces?,New ideas|Total independence|No taxation|Crown ownership,0,,,"Federalism allows different provinces to adopt policies tailored to their own populations, and gives provinces the flexibility to experiment with new ideas and policies."
9053,9,true_false,exercise,9052,Federalism gives provinces flexibility to try new policies.,,true,,,"True. This autonomy means that provinces can act as 'policy laboratories,' testing new ideas without needing immediate national approval."
9054,9,select_blank,exercise,9052,Federalism lets provinces tailor policies to their own ___.,populations|monarchs|militaries|currencies,0,,,"Federalism gives local governments the power to customize laws and services based on their specific populations, rather than applying a one-size-fits-all approach."
9055,9,multiple_choice,exercise,9052,Federalism allows provinces to do what with policy?,New ideas|Ignore laws|Declare independence|Print currency,0,,,Federalism allows provinces to experiment with policies and try out new ideas tailored to their specific needs. Options like ignoring laws or printing currency are far outside the scope of provincial authority.
9061,9,true_false,preview,9062,Every province has its own elected Legislative Assembly.,,true,,,That's right; every province has its own elected Legislative Assembly which is responsible for creating and passing local laws specific to that region.
9062,9,multiple_choice,main,,What does every province have like Ottawa's Commons?,Legislative Assembly|Governor General|Supreme Court|Senate,0,,,"Every province has its own elected Legislative Assembly, like the House of Commons in Ottawa. The three northern territories, which have small populations, do not have the status of provinces, but their governments and assemblies carry out many of the same functions."
9063,9,true_false,exercise,9062,The three northern territories have provincial status.,,false,,,"Incorrect. The northern territories are not provinces, even though they have a high degree of self-governance; they hold a different constitutional status than the full provinces do."
9064,9,multiple_choice,exercise,9062,How many northern territories does Canada have?,Three|Two|Four|Five,0,,,"Canada is made up of three distinct northern territories: Yukon, Northwest Territories, and Nunavut."
9065,9,select_blank,exercise,9062,The northern territories have small ___ compared to provinces.,populations|legislatures|budgets|courts,0,,,"The primary difference is population size; because they are so vast and sparsely inhabited, the northern territories have much smaller populations compared to the more densely settled provinces."
9066,9,true_false,exercise,9062,Territories carry out many functions like provinces.,,true,,,"Yes, territories have significant administrative powers and responsibilities that allow them to perform many functions typically associated with fully established provinces."
9071,9,true_false,preview,9072,Canadians elect members to Parliament and legislatures.,,true,,,That's correct; citizens vote for representatives who will sit in both federal Parliament and provincial or territorial legislative bodies.
9072,9,multiple_choice,main,,What do elected representatives do in Parliament?,Pass laws|Give speeches|Appoint judges|Collect taxes,0,,,"These representatives are responsible for passing laws, approving and monitoring expenditures, and keeping the government accountable."
9073,9,multi_select,exercise,9072,What are elected representatives responsible for?,Passing laws|Monitoring expenditures|Government accountability|Appointing Sovereign,0|1|2,,,"Elected members are responsible for passing laws, monitoring how public funds are spent, and ensuring the government remains accountable to the people. They do not appoint the Sovereign; that is a constitutional role."
9074,9,true_false,exercise,9072,Representatives keep the government accountable.,,true,,,Absolutely; keeping the executive branch in check and making sure they remain responsible to the public is one of their most critical functions.
9075,9,select_blank,exercise,9072,People elect members to the House of ___.,Commons|Lords|Assembly|Senate,0,,,"The House of Commons is the chamber where elected representatives sit and debate, as it is the body directly chosen by the voters."
9076,9,multiple_choice,exercise,9072,How are members of Parliament chosen?,UN vote|Premiers choose|Voters elect|Landowners only,2,,,"Members of Parliament are elected by voters in their local constituency, or riding."
9081,9,true_false,preview,9082,Cabinet ministers must retain the confidence of the House.,,true,,,"Yes, because a government's right to rule is based on the ongoing support of the elected body, which is called confidence."
9082,9,multiple_choice,main,,What must Cabinet ministers keep to stay in office?,House confidence|Senate support|GG approval|Opinion polls,0,,,"Cabinet ministers are responsible to the elected representatives, which means they must retain the ""confidence of the House"" and have to resign if they are defeated in a non-confidence vote."
9083,9,true_false,exercise,9082,A Cabinet must resign if defeated in a non-confidence vote.,,true,,,Absolutely; failing to maintain the political support of the legislature means the executive branch has lost its mandate and must resign.
9084,9,select_blank,exercise,9082,Cabinet ministers must retain the ___ of the House.,confidence|silence|majority|budget,0,,,They must retain the confidence of the House because that signifies the elected body supports their policies and continued rule. 'Majority' is too general a term here.
9085,9,multiple_choice,exercise,9082,What happens if Cabinet loses a non-confidence vote?,Must resign|Nothing happens|Senate dissolves|GG resigns,0,,,"They are forced to resign because losing a non-confidence vote strips them of the political support needed to govern, making further action impossible."
9091,9,true_false,preview,9092,"Parliament has three parts: Sovereign, Senate, Commons.",,true,,,"That's correct; Parliament is structured with these three distinct elements—Sovereign, Senate, and Commons—that work together to create law."
9092,9,multi_select,main,,Which are the three parts of Parliament?,Sovereign|Senate|Commons|Supreme Court,0|1|2,p28-parliament-hill-ottawa.jpeg,,"Parliament has three parts: the Sovereign (Queen or King), the Senate and the House of Commons."
9093,9,true_false,exercise,9092,The Supreme Court is a part of Parliament.,,false,,,"The Supreme Court is a judicial body that interprets laws; it operates independently of Parliament, which is the legislative branch."
9094,9,select_blank,exercise,9092,"Parliament's parts are Sovereign, Senate and House of ___.",Commons|Lords|Assembly|Cabinet,0,,,"Parliament's core parts are the Sovereign (the head), the appointed upper house (Senate/Lords), and the popularly elected House of Commons."
9095,9,multiple_choice,exercise,9092,Which body is NOT part of Parliament?,Supreme Court|Sovereign|Senate|The Commons,0,,,"The Supreme Court is a separate judicial branch that interprets laws, while the other options listed are integral parts of the legislative structure itself."
9096,9,match_pairs,exercise,9092,Match each part of Parliament to its nature.,Sovereign:Hereditary Head of State|Senate:Appointed chamber|House of Commons:Elected chamber,,,,"This accurately describes their roles: the Sovereign is the ceremonial head, the Senate often acts as an appointed revisory body, and the Commons represents elected popular will."
9101,9,true_false,preview,9102,Provincial legislatures comprise the Lieutenant Governor and an elected Assembly.,,true,,,That's right; provincial legislatures are typically composed of a representative assembly chosen by voters and overseen by the Lieutenant Governor.
9102,9,multiple_choice,main,,Who represents the Sovereign in a province?,Lieutenant Governor|Governor General|Premier|Prime Minister,0,,,Provincial legislatures comprise the Lieutenant Governor and the elected Assembly. The Lieutenant Governor represents the Sovereign in each province.
9103,9,true_false,exercise,9102,A provincial legislature includes an elected Assembly.,,true,,,"Yes, most provincial legislatures are structured around an elected legislative body called the Assembly."
9104,9,select_blank,exercise,9102,Provincial legislatures comprise the Lieutenant Governor and elected ___.,Assembly|Senate|Cabinet|Council,0,,,"The legislature is composed of the constitutional head, the Lieutenant Governor, and the representatives chosen by the people in the Assembly."
9105,9,true_false,exercise,9102,Provincial legislatures include a Lieutenant Governor and elected Assembly.,,true,,,This is correct; the structure typically involves both the constitutional role of the Lieutenant Governor and the democratic representation provided by the elected Assembly.
9111,9,true_false,preview,9112,The Prime Minister selects the Cabinet ministers.,,true,,,"Yes, while the legislature approves them, it is the Prime Minister who holds the power to select and appoint the members of the Cabinet."
9112,9,multiple_choice,main,,What is the Prime Minister responsible for?,"Operations, policy|Royal assent|Appointing judges|Provincial budgets",0,,,"In the federal government, the Prime Minister selects the Cabinet ministers and is responsible for the operations and policy of the government."
9113,9,true_false,exercise,9112,The Prime Minister selects Cabinet ministers.,,true,,,This statement is accurate; the Prime Minister has the constitutional authority to choose who will serve as ministers in the Cabinet.
9114,9,select_blank,exercise,9112,The Prime Minister is responsible for operations and ___.,policy|currency|elections|royal assent,0,,,"The Prime Minister is responsible for both the day-to-day running of government (operations) and setting the overall direction or goals (policy). Currency management, for instance, falls under a specific ministry rather than being part of the PM's general scope."
9115,9,multiple_choice,exercise,9112,Who selects Canada's Cabinet ministers?,Prime Minister|Governor General|Senate|Sovereign,0,,,"The Prime Minister has the constitutional authority to select and appoint who will serve in the Cabinet, effectively choosing their team of ministers. The Governor General or the Senate does not have this power over appointments."
9121,9,true_false,preview,9122,House of Commons members are elected by the people.,,true,,,"That's correct; unlike some other bodies, representatives in the House of Commons must win seats through general elections held by the public."
9122,9,multiple_choice,main,,How often are Commons members traditionally elected?,Four years|Every year|Ten years|Two years,0,,,"The House of Commons is the representative chamber, made up of members of Parliament elected by the people, traditionally every four years."
9123,9,true_false,exercise,9122,House of Commons members are called Members of Parliament.,,true,,,"Yes, even though they represent specific constituencies, all elected members serving in the House of Commons are collectively referred to as Members of Parliament (MPs)."
9124,9,select_blank,exercise,9122,The House of Commons has members of ___.,Parliament|the Senate|Cabinet|the Assembly,0,,,The House of Commons is actually one chamber *within* the larger legislative body known as Parliament. The other options are either separate bodies or groups within it.
9125,9,multiple_choice,exercise,9122,What is the House of Commons known as?,Representative chamber|Appointed chamber|Judicial chamber|Royal chamber,0,,,"Because its members are elected by the public, the House of Commons is considered the representative chamber, reflecting the will of the people."
9131,9,true_false,preview,9132,Senators are appointed rather than elected.,,true,,,"True; senators are appointed by the Governor General on the advice of the Prime Minister, meaning they do not face elections from the general electorate."
9132,9,multiple_choice,main,,Until what age do Senators typically serve?,75|65|80|70,0,,,Senators are appointed by the Governor General on the advice of the Prime Minister and serve until age 75.
9133,9,true_false,exercise,9132,The Governor General appoints Senators on PM's advice.,,true,,,This is correct because the constitutional process dictates that the Governor General acts upon the recommendation and advice given by the sitting Prime Minister.
9134,9,select_blank,exercise,9132,Senators serve until age ___.,75|65|80|60,0,,,"Senators are required to retire when they reach age 75, making this their mandatory retirement age."
9135,9,multiple_choice,exercise,9132,Who appoints Canada's Senators?,Governor General|Voters|Premier|Supreme Court,0,,,"Although the Prime Minister advises on who should be appointed, the formal authority to appoint a Senator rests with the Governor General."
9141,9,true_false,preview,9142,A bill must pass both the Commons and the Senate.,,true,,,"Yes, legislation requires bicameral approval; a bill must pass through both houses of Parliament before it can become law."
9142,9,multiple_choice,main,,What must a bill receive to become law?,Royal assent|Senate veto|Municipal approval|A referendum,0,,,"No bill can become law in Canada until it has been passed by both chambers and has received royal assent, granted by the Governor General on behalf of the Sovereign."
9143,9,true_false,exercise,9142,The Governor General grants royal assent for the Sovereign.,,true,,,"That's correct; the Governor General acts as the representative of the Sovereign when giving formal, constitutional approval to a bill."
9144,9,select_blank,exercise,9142,Bill becomes law after both chambers grant royal ___.,assent|veto|amendment|reading,0,,,"The formal approval, or 'royal assent,' is the final step that officially transforms a passed bill into an act of law."
9145,9,multiple_choice,exercise,9142,Who grants royal assent on the Sovereign's behalf?,Governor General|Prime Minister|Chief Justice|Speaker,0,,,"In most jurisdictions, the Governor General is constitutionally responsible for giving that final approval on behalf of the reigning monarch."
9151,9,true_false,preview,9152,A bill becomes law only after seven legislative steps.,,true,,,"Yes, due to complex constitutional requirements, a bill must follow a precise and lengthy series of legislative stages before it can become law."
9152,9,order,main,,Order the steps of how a bill becomes law.,First Reading|Second Reading|Committee Stage|Report Stage|Third Reading|Senate|Royal Assent,,,,"A bill is first read and printed, then debated at Second Reading, studied clause by clause in Committee, amended at Report Stage, debated and voted on at Third Reading, sent through a similar process in the Senate, and finally receives Royal Assent."
9153,9,multiple_choice,exercise,9152,What happens at First Reading of a bill?,Is printed|Becomes law|Fully debated|To Senate,0,,,First Reading is simply when the bill's title and text are formally introduced and printed for all members to see; no actual debate happens yet.
9154,9,multiple_choice,exercise,9152,What happens during Committee Stage?,Studied closely|Becomes law|Printed first|To GG,0,,,"The Committee Stage involves detailed scrutiny where experts and members study every clause of the bill, which is much deeper than just printing it or sending it elsewhere."
9155,9,true_false,exercise,9152,At Third Reading members debate and vote on the bill.,,true,,,
9156,9,select_blank,exercise,9152,"After the House, a bill goes to the ___.",Senate|Cabinet|courts|provinces,0,,,"After passing through the House of Commons, a bill must proceed to the Senate for review before it can become law."
9157,9,multiple_choice,exercise,9152,What is the final step of the legislative process?,Royal Assent|Third Reading|Committee Stage|Report Stage,0,,,Royal Assent is the final step where the monarch signs the bill into law; Third Reading and Committee Stage happen much earlier in the process.
9161,9,true_false,preview,9162,Canadians aged 18 or older should vote in elections.,,true,,,"Yes, Canadian federal elections require citizens who are 18 years of age or older to be eligible voters."
9162,9,multiple_choice,main,,At what age can Canadians begin voting?,18|16|21|19,0,,,"It is important for Canadians aged 18 or more to participate in their democracy by voting in federal, provincial or territorial and municipal elections."
9163,9,multi_select,exercise,9162,In which elections should Canadians 18+ vote?,"Federal|Provincial, territorial|Municipal|None required",0|1|2,,,"You should vote in both federal elections (for Parliament) and provincial/territorial elections (for your local government). While municipal voting happens, these two levels represent the core required participation for most Canadians."
9164,9,true_false,exercise,9162,Voting is a right and a responsibility in a democracy.,,true,,,
9165,9,select_blank,exercise,9162,Canadians have the right and ___ to participate.,responsibility|option|privilege only|No obligation,0,,,"While voting is fundamentally your right, it is also widely considered a civic responsibility to participate in democracy. This acknowledges that citizen involvement helps maintain the system for everyone."
9171,9,true_false,preview,9172,Canada's Head of State is a hereditary Sovereign.,,true,,,"Yes, Canada's Head of State is the reigning British Monarch, whose position is passed down through hereditary succession."
9172,9,multiple_choice,main,,Who is Canada's Head of State today?,Charles III|Prime Minister|Governor General|Chief Justice,0,p28-queen-elizabeth-opening-parliament-1957.jpeg,,"As a constitutional monarchy, Canada's Head of State is a hereditary Sovereign who reigns according to the Constitution. Canada's current Sovereign is His Majesty King Charles III, King of Canada. This 1957 photo shows Queen Elizabeth II, his mother and predecessor, opening the 23rd Parliament at Parliament Hill, Ottawa."
9173,9,true_false,exercise,9172,Canada's Head of State reigns according to the Constitution.,,true,,,That is correct; the powers and duties of the Head of State are defined and exercised according to Canadian law and the Constitution.
9174,9,select_blank,exercise,9172,Canada's Head of State today is King ___ III.,Charles|George|Edward|William,0,,,The current reigning monarch and Head of State for Canada is King Charles III.
9175,9,multiple_choice,exercise,9172,What kind of monarchy does Canada have?,Constitutional monarchy|Absolute monarchy|Elective monarchy|No monarchy,0,,,
9176,9,true_false,exercise,9172,Queen Elizabeth II is Canada's current Sovereign.,,false,,,Queen Elizabeth II reigned until 2022; Canada's current Sovereign is King Charles III.
9181,9,true_false,preview,9182,The Sovereign is a non-partisan part of Parliament.,,true,,,The Sovereign plays a purely constitutional and non-political role within Parliament; they do not take sides or participate in partisan debate.
9182,9,multiple_choice,main,,What role does the Sovereign play in Parliament?,Allegiance focus|Opposition head|Elected representative|Chief judge,0,,,"The Sovereign is a part of Parliament, playing an important, non-partisan role as the focus of citizenship and allegiance, most visibly during royal visits to Canada. His Majesty is a symbol of Canadian sovereignty, a guardian of constitutional freedoms, and a reflection of our history."
9183,9,multi_select,exercise,9182,What does the Sovereign symbolize?,Canadian sovereignty|Freedoms guardian|History reflection|Tax policy,0|1|2,,,"The Sovereign represents Canada's historical connection to its past, symbolizes national independence, and embodies the enduring principle of freedom."
9184,9,true_false,exercise,9182,The Royal Family's example encourages lifelong service to community.,,true,,,"By dedicating themselves to public duties, the monarchy sets an example that civic service and commitment to the community are valuable throughout life."
9185,9,select_blank,exercise,9182,The Sovereign is most visible during royal ___.,visits|elections|trials|budgets,0,,,"Royal visits are when the Sovereign interacts with the public and performs duties, making their presence most noticeable to Canadians."
9191,9,true_false,preview,9192,The Sovereign is Head of the Commonwealth.,,true,,,"Yes, the Sovereign holds this historical and ceremonial role as the symbolic head of the entire Commonwealth realm."
9192,9,multiple_choice,main,,How many nations link to Canada via Commonwealth?,53|13|100|25,0,,,"As Head of the Commonwealth, the Sovereign links Canada to 53 other nations that cooperate to advance social, economic and cultural progress."
9193,9,multi_select,exercise,9192,Which countries are also constitutional monarchies?,Australia|New Zealand|Denmark|France,0|1|2,,,"Australia, New Zealand, and Denmark are all constitutional monarchies because their monarchs' power is limited by law. France, for example, is a republic."
9194,9,true_false,exercise,9192,Japan is listed as a constitutional monarchy in the guide.,,true,,,That's right; Japan operates under a constitution that limits the Emperor's role to symbolic head of state.
9195,9,select_blank,exercise,9192,"Commonwealth nations advance social, economic and ___ progress.",cultural|military|religious|territorial,0,,,"The full scope usually includes advancements in social, economic, and cultural spheres when discussing Commonwealth progress."
9201,9,true_false,preview,9202,The Sovereign is Head of State; the PM runs government.,,true,,,"This is correct; the monarch (Sovereign) represents the state, while the Prime Minister leads the day-to-day executive government."
9202,9,multiple_choice,main,,Who actually directs the governing of the country?,Prime Minister|Sovereign|Governor General|Chief Justice,0,,,"There is a clear distinction in Canada between the head of state, the Sovereign, and the head of government, the Prime Minister, who actually directs the governing of the country."
9203,9,true_false,exercise,9202,The Sovereign directs the day-to-day governing of the country.,,false,,,"Incorrect; while the Sovereign is symbolic, the actual day-to-day governing is handled by the elected Prime Minister and cabinet."
9204,9,select_blank,exercise,9202,Canada's head of state is the ___.,Sovereign|Speaker|Chief Justice|Premier,0,,,"Canada's head of state is technically the Crown, or Sovereign; this person is represented locally by the Governor General. The Premier is a provincial leader, while the Prime Minister is the head of government."
9205,9,multiple_choice,exercise,9202,Who is Canada's head of state?,Sovereign|Prime Minister|Premier|Mayor,0,,,"The head of state is the Monarch (the Sovereign), who is represented in Canada by the Governor General. A Prime Minister or Premier is considered the head of government, not the head of state."
9211,9,true_false,preview,9212,The Governor General represents the Sovereign in Canada.,,true,,,This is correct; the Governor General acts as the personal representative of the Monarch (the Sovereign) within the Canadian constitutional structure.
9212,9,multiple_choice,main,,Who appoints Canada's Governor General?,Sovereign|Senate|Voters|Supreme Court,0,p29-david-johnston-governor-general.jpeg,,"The Sovereign is represented in Canada by the Governor General, who is appointed by the Sovereign on the advice of the Prime Minister, usually for five years. Pictured is David Johnston, the 28th Governor General since Confederation, with his grandchildren."
9213,9,true_false,exercise,9212,Governors General usually serve about five years.,,true,,,"This is generally true; while the term isn't fixed by law, Governors General are typically appointed for multi-year terms, often around five years."
9214,9,select_blank,exercise,9212,The GG is appointed on advice from the ___.,Prime Minister|Senate|Chief Justice|voters,0,,,"The Governor General's appointment is made on the advice of the sitting Prime Minister, reflecting the current government's recommendation. This shows that while the role represents the Sovereign, it is politically appointed."
9215,9,multiple_choice,exercise,9212,David Johnston was Canada's how-many-th Governor General?,28th|1st|10th|50th,0,,,"David Johnston served as Canada's 28th Governor General, holding that role from 2013 to 2016."
9216,9,media_card,exercise,9212,This photo shows Canada's:,28th Governor General|Prime Minister|Chief Justice|a Premier,0,p29-david-johnston-governor-general.jpeg,,"The individual pictured is David Johnston, who held the title and duties of Canada's 28th Governor General. This official position is distinct from being a Prime Minister or Chief Justice."
9221,9,true_false,preview,9222,Each province has a Lieutenant Governor representing the Sovereign.,,true,,,That is correct; every Canadian province appoints a Lieutenant Governor to represent the monarch and act on behalf of the Crown locally.
9222,9,multiple_choice,main,,Who appoints a province's Lieutenant Governor?,Governor General|Sovereign directly|Premier|Voters,0,,,"In each of the ten provinces, the Sovereign is represented by the Lieutenant Governor, who is appointed by the Governor General on the advice of the Prime Minister, also normally for five years."
9223,9,true_false,exercise,9222,"There are ten Lieutenant Governors, one per province.",,true,,,That is correct; each of Canada’s ten provinces has its own Lieutenant Governor appointed to represent the Sovereign within that jurisdiction.
9224,9,select_blank,exercise,9222,Lieutenant Governors normally serve about ___ years.,five|two|ten|twenty,0,,,"The typical term length for a Lieutenant Governor is around five years, which allows them sufficient time to fulfill their constitutional duties."
9225,9,multiple_choice,exercise,9222,How many provinces have a Lieutenant Governor?,Ten|Three|Thirteen|Six,0,,,The ten provinces listed in the Constitution are the ones that maintain a Lieutenant Governor as part of their provincial structure.
9231,9,true_false,preview,9232,"Canada's government has Executive, Legislative and Judicial branches.",,true,,,"Yes, Canadian governance follows the principle of separation of powers, dividing authority among these three distinct branches."
9232,9,multi_select,main,,Which are Canada's three branches of government?,Executive|Legislative|Judicial|Municipal,0|1|2,,,"The interplay between the three branches of government, the Executive, Legislative and Judicial, which work together but also sometimes in creative tension, helps to secure the rights and freedoms of Canadians."
9233,9,match_pairs,exercise,9232,Match each branch to its role.,Executive:Prime Minister and Cabinet|Legislative:Senate and House of Commons|Judicial:Courts and judges,,,,"The Executive implements laws (PM/Cabinet), the Legislative body makes them (Parliament), and the Judicial branch interprets them (Courts)."
9234,9,true_false,exercise,9232,The three branches sometimes work in creative tension.,,true,,,"This is correct; the system of checks and balances often requires these branches to negotiate their powers, which can appear as productive conflict."
9235,9,select_blank,exercise,9232,The branches help secure rights and ___ of Canadians.,freedoms|taxes|borders|currency,0,,,The government structure is designed to protect both fundamental rights and personal freedoms for all citizens.
9236,9,multiple_choice,exercise,9232,What does the Judicial branch include?,Supreme Court|The Commons|Senate|Cabinet,0,,,"The Supreme Court is the highest court in the land and represents the Judicial branch. The Commons and Senate belong to the Legislative branch, while the Cabinet belongs to the Executive branch."
9241,9,true_false,preview,9242,Provincial legislature members have different titles by province.,,true,,,This is correct because the specific title used for a provincial representative changes depending on which province you are in.
9242,9,multiple_choice,main,,What are Quebec's elected legislature members called?,MNAs|MPs|MPPs|Senators,0,,,"The members of the legislature are called members of the Legislative Assembly (MLAs), members of the National Assembly (MNAs), members of the Provincial Parliament (MPPs) or members of the House of Assembly (MHAs), depending on the province or territory."
9243,9,multi_select,exercise,9242,Which are titles for provincial legislature members?,MLA|MNA|MPP|MP,0|1|2,,,"MLA, MNA, and MPP are all common acronyms representing members of various provincial legislatures across Canada. MP is the designation for federal Parliament."
9244,9,select_blank,exercise,9242,Ontario's legislature members are called ___.,MPPs|MNAs|MLAs|MHAs,0,,,"In Ontario, provincial representatives are officially known as Members of Provincial Parliament, or MPPs."
9245,9,true_false,exercise,9242,MHA stands for Member of the House of Assembly.,,true,,,That is correct; MHA is the standard abbreviation used to refer to a member serving in a provincial House of Assembly.
9246,9,multiple_choice,exercise,9242,What does MLA stand for?,Assembly member|Legislature Association|Legal Affairs|London Assembly,0,,,"MLA stands for Member of the Legislative Assembly, which is the title given to an elected representative who serves on a provincial or state legislative body."
9251,9,true_false,preview,9252,The Premier's role is similar to the Prime Minister's.,,true,,,"They both serve as the chief executive and head of government, leading their respective legislative bodies whether at the provincial or national level."
9252,9,multiple_choice,main,,Who is like the PM in each province?,Premier|Lieutenant Governor|Mayor|Speaker,0,,,"In each province, the Premier has a role similar to that of the Prime Minister in the federal government, just as the Lieutenant Governor has a role similar to that of the Governor General."
9253,9,true_false,exercise,9252,"In the territories, the Commissioner plays a ceremonial role.",,true,,,"In the three territories, the Commissioner represents the federal government and plays a ceremonial role."
9254,9,select_blank,exercise,9252,In the territories the ___ represents the federal government.,Commissioner|Premier|Lieutenant Governor|Governor General,0,,,The Commissioner is the specific title for the federal representative sent to govern and administer affairs within the designated territories.
9255,9,multiple_choice,exercise,9252,Who is like the Governor General in each province?,Lieutenant Governor|Premier|Mayor|Commissioner,0,,,"The Lieutenant Governor serves as the representative of the Crown within a specific province, fulfilling a similar constitutional ceremonial and advisory function to the Governor General federally."
9256,9,match_pairs,exercise,9252,Match each federal role to its provincial equivalent.,Prime Minister:Premier|Governor General:Lieutenant Governor|Parliament:Legislature,,,,"These pairings accurately reflect the constitutional structure, where the Premier mirrors the PM, the LG mirrors the GG, and the provincial legislature mirrors Parliament."
9261,9,true_false,preview,9262,"Canada has federal, provincial/territorial and municipal governments.",,true,,,"Yes, Canada operates with distinct layers of governance at the federal, provincial/territorial, and local (municipal) levels."
9262,9,multi_select,main,,Which are levels of government in Canada?,"Federal|Provincial, territorial|Municipal|Commonwealth",0|1|2,,,"There are federal, provincial, territorial and municipal governments in Canada."
9263,9,true_false,exercise,9262,Provinces are responsible for municipal government.,,true,,,"While municipalities handle day-to-day services, their existence and legal framework are generally established and regulated by provincial law."
9264,9,categorize,exercise,9262,Sort each duty to its level of government.,Defence↔Federal|Currency↔Federal|Education↔Provincial|Health↔Provincial,,,,"Defense and currency are matters of national scope handled by the federal government, while education and health are traditionally managed by the provinces because they deal with local populations."
9265,9,multiple_choice,exercise,9262,How many levels of government does Canada have?,Three|Two|Four|Five,0,,,"There are three main levels: federal (national), provincial/territorial (regional), and municipal (local)."
9266,9,multiple_choice,exercise,9262,"Besides federal and provincial, what level of government exists?",Municipal|Commonwealth|Continental|Global,0,,,"The third major layer is municipal, which handles local services like water, waste management, and local bylaws."
10001,10,true_false,preview,10002,Members of the House of Commons are also called MPs.,,true,,,"Yes, MP is the common abbreviation for Member of Parliament, and since the House of Commons is the main legislative body, its members are referred to by this title."
10002,10,multiple_choice,main,,What is another name for a Member of Parliament?,MP|Senator|Premier|Cabinet minister,0,p30-house-of-commons-chamber.jpeg,,Members of the House of Commons are also known as members of Parliament or MPs.
10003,10,true_false,exercise,10002,Voters choose who represents them in the House of Commons.,,true,,,"That's right; through general elections, voters cast their ballots to elect a representative for their specific geographic area into the House of Commons."
10004,10,multiple_choice,exercise,10002,Who represents you in the House of Commons?,Your MP|Your mayor|Governor General|Chief Justice,0,,,"Your Member of Parliament (MP) is specifically elected to represent your local constituency's interests within the House of Commons, making them your direct link to federal government."
10005,10,select_blank,exercise,10002,House of Commons members are also called ___.,Parliament|Cabinet|the Senate|the Assembly,0,,,"While individual members are called MPs, the House of Commons itself is one component of the larger legislative body known as Parliament."
10011,10,true_false,preview,10012,Federal elections must be held every four years.,,true,,,"Generally, yes; there is a constitutional mandate that federal elections occur at least once every four years to ensure regular democratic accountability."
10012,10,multiple_choice,main,,How often must federal elections be held?,4 years|2 years|5 years|6 years,0,,,"Under legislation passed by Parliament, federal elections must be held on the third Monday in October every four years following the most recent general election."
10013,10,true_false,exercise,10012,Parliament passed legislation setting a fixed schedule for federal elections.,,true,,,"The timing of federal elections is set by constitutional law, specifically through legislation passed by Parliament."
10014,10,multiple_choice,exercise,10012,What sets the schedule for federal elections?,Legislation|Royal decree|Cabinet alone|Elections Canada,0,,,"Election scheduling is governed by specific acts of Parliament (legislation), not by the discretion of the cabinet or a royal decree."
10015,10,select_blank,exercise,10012,Federal elections are held every ___ years by law.,four|two|three|six,0,,,Legislation mandates that federal elections must be held at least every four years to maintain constitutional continuity.
10021,10,true_false,preview,10022,Federal elections fall on the third Monday in October.,,true,,,The law specifies this exact date—the third Monday in October—making it the fixed election day regardless of other factors.
10022,10,multiple_choice,main,,Which Monday in October is election day?,Third|First|Second|Fourth,0,,,"Under legislation passed by Parliament, federal elections must be held on the third Monday in October every four years."
10023,10,true_false,exercise,10022,Federal elections are held in October.,,true,,,"Because the election is legally set for the third Monday of October, all federal elections must take place within that month."
10024,10,multiple_choice,exercise,10022,In which month are fixed federal elections held?,October|November|September|December,0,,,"Federal elections are traditionally held in October, which is when the political cycle usually culminates."
10025,10,select_blank,exercise,10022,Federal elections fall on the third ___ in October.,Monday|Tuesday|Wednesday|Friday,0,,,The federal election date is set for the third Monday of October to ensure a consistent electoral schedule.
10031,10,true_false,preview,10032,The PM may ask the GG for an early election.,,true,,,"Yes, the Prime Minister has the constitutional right to request an early election from the Governor General if they feel it's necessary for political stability or mandate renewal."
10032,10,multiple_choice,main,,Who can ask for an earlier election than scheduled?,Prime Minister|Any MP|Chief Justice|A voter,0,,,The Prime Minister may ask the Governor General to call an earlier election.
10033,10,true_false,exercise,10032,The GG can call an election with no request.,,false,,,"No, the Governor General cannot unilaterally call an election; there must be a specific trigger, usually a request from the PM or Parliament."
10034,10,multiple_choice,exercise,10032,Who does the PM ask for early elections?,Governor General|Speaker|Elections chief|Senate,0,,,"The Prime Minister formally requests an early election from the Governor General, who acts as the constitutional head of state."
10035,10,select_blank,exercise,10032,The ___ Minister requests early elections.,Prime|Foreign|Finance|Justice,0,,,"Only the Prime Minister has the constitutional authority to advise the dissolution of Parliament and request early elections. Other ministers handle specific policy areas, not the timing of government."
10041,10,true_false,preview,10042,An electoral district is also called a riding or constituency.,,true,,,That's right; these terms are interchangeable ways of referring to a specific geographical area used to elect a representative.
10042,10,multiple_choice,main,,What is another name for an electoral district?,Riding|Province|Territory|Ward,0,,,"An electoral district is a geographical area represented by a member of Parliament (MP), also known as a riding or constituency."
10043,10,true_false,exercise,10042,Each electoral district is represented by one MP.,,true,,,Correct; the system is designed so that each defined geographical area elects exactly one Member of Parliament.
10044,10,multiple_choice,exercise,10042,What does one electoral district elect?,One MP|Two MPs|A Premier|A Senator,0,,,An electoral district is designed to elect exactly one Member of Parliament (MP) who will represent that specific area in the House of Commons.
10045,10,select_blank,exercise,10042,An electoral district is also a riding or ___.,constituency|province|ward|precinct,0,,,"Constituency is the proper term, as it refers to the specific geographic area from which an elected representative draws their mandate."
10051,10,true_false,preview,10052,Canada is divided into 308 electoral districts.,,true,,,"Yes, that's correct; the country is currently structured with 308 distinct voting areas for federal representation."
10052,10,multiple_choice,main,,How many electoral districts does Canada have?,308|301|315|280,0,,,"Canada is divided into 308 electoral districts, also known as ridings or constituencies."
10053,10,multiple_choice,exercise,10052,What term describes Canada's 308 voting areas?,Electoral districts|Provinces|Territories|Wards,0,,,"These specific geographic boundaries used for electing representatives are called electoral districts, which is different from a province or territory."
10054,10,true_false,exercise,10052,Each electoral district elects only one MP.,,true,,,"That's right; each district is designed to elect a single Member of Parliament, ensuring localized representation."
10055,10,select_blank,exercise,10052,Canada has ___ electoral districts in total.,308|208|408|108,0,,,"As of now, the country is divided into a total of 308 distinct federal electoral districts."
10061,10,true_false,preview,10062,Canadian citizens 18 or older may run for federal office.,,true,,,"Yes, being a Canadian citizen and meeting the minimum age of 18 are the primary requirements to be eligible to run for MP."
10062,10,multiple_choice,main,,Who may run in a federal election?,18+ citizens|Permanent residents|21+ only|Party leaders,0,,,Canadian citizens who are 18 years old or older may run in a federal election. The people who run for office are called candidates.
10063,10,true_false,exercise,10062,People who run for office are called candidates.,,true,,,"Yes, that is the correct term; a candidate is simply someone running to be elected to an office."
10064,10,select_blank,exercise,10062,People who run for office are called ___.,candidates|electors|delegates|officials,0,,,"The right term is candidates, as this describes anyone actively running in an election. Electors or delegates have specific roles within a larger process, while officials are the people who hold the office after being elected."
10065,10,multiple_choice,exercise,10062,What is the minimum candidate age?,18|16|21|25,0,,,"Generally, you must be at least 18 years old to run for most elected offices in a democratic system. Being younger usually prevents you from having the legal capacity required to hold office."
10071,10,true_false,preview,10072,The top vote-getter becomes the district's MP.,,true,,,"That is correct; in a single-member riding system, the person who receives the most votes automatically wins and becomes the representative for that district."
10072,10,multiple_choice,main,,How are members of Parliament chosen?,Voters elect|UN appoints|Premiers choose|Police elect,0,,,The people in each electoral district vote for the candidate of their choice. The candidate who receives the most votes becomes the MP for that electoral district.
10073,10,true_false,exercise,10072,MPs are elected by voters in their local riding.,,true,,,"Yes, Members of Parliament (MPs) represent specific geographic areas called ridings, and the voters within that area elect them directly."
10074,10,multiple_choice,exercise,10072,What determines who wins a riding's MP seat?,Most votes|Coin toss|Party seniority|Court decision,0,,,"The winner is determined by a plurality of votes, meaning the candidate who receives the most individual votes wins the seat. Coin tosses or party seniority have no legal bearing on election outcomes."
10075,10,select_blank,exercise,10072,The winning candidate in a riding becomes its ___.,MP|Premier|Senator|Governor,0,,,"Once elected in that specific geographic area, you are officially recognized as the Member of Parliament (MP) for that riding."
10081,10,true_false,preview,10082,You must be 18+ to vote federally.,,true,,,That is correct; Canadian federal law requires voters to be at least 18 years old on election day to cast a ballot.
10082,10,multi_select,main,,What must be true to vote federally?,Canadian citizen|18+|Voters' list|Own property,0|1|2,,,"You are eligible to vote in a federal election or referendum if you are a Canadian citizen, at least 18 years old on voting day, and on the voters' list."
10083,10,true_false,exercise,10082,You must own property to vote in a federal election.,,false,,,"No, property ownership is not required. The only essential qualifications are citizenship and meeting the minimum age requirement."
10084,10,multiple_choice,exercise,10082,Which is required to vote federally?,Citizenship|Owning car|Paying taxes|Having passport,0,,,Citizenship is the fundamental legal requirement for voting in a federal election. Owning other items like cars or paying taxes does not qualify you to vote.
10085,10,select_blank,exercise,10082,You must be at least ___ to vote federally.,18|16|19|21,0,,,
10086,10,true_false,exercise,10082,You may also vote in a federal referendum.,,true,,,"Yes, you can vote not only during regular elections but also when a federal referendum is held."
10091,10,true_false,preview,10092,Elections Canada is a neutral agency of Parliament.,,true,,,"It is designed to be completely non-partisan, ensuring that election administration remains objective regardless of which party is in power."
10092,10,multiple_choice,main,,Which agency produces the federal voters' lists?,Elections Canada|Statistics Canada|The Cabinet|The Senate,0,,,The voters' lists used during federal elections and referendums are produced from the National Register of Electors by a neutral agency of Parliament called Elections Canada.
10093,10,true_false,exercise,10092,Elections Canada produces voters' lists from the Register.,,true,,,They are responsible for compiling and maintaining accurate voters' lists by drawing information directly from the official National Register of Electors.
10094,10,multiple_choice,exercise,10092,What kind of body is Elections Canada?,Neutral agency|Political party|Private company|Provincial ministry,0,,,"It functions as a neutral federal agency established to manage elections impartially, meaning it has no political affiliation or private interests."
10095,10,true_false,exercise,10092,"Elections Canada is a neutral agency, not a political party.",,true,,,"This is crucial because its role requires strict impartiality; if it were a political party, its administration would lose credibility."
10101,10,true_false,preview,10102,The National Register is a permanent voter database.,,true,,,"It is considered permanent because its purpose is to maintain an ongoing record of eligible voters, not just for a single election cycle."
10102,10,multiple_choice,main,,What is the National Register of Electors?,Voter database|MP list|Candidate list|Ballot template,0,,,This is a permanent database of Canadian citizens 18 years of age or older who are qualified to vote in federal elections and referendums.
10103,10,true_false,exercise,10102,The National Register of Electors lists citizens 18 or older.,,true,,,That's correct; the register generally includes all Canadian citizens who meet the minimum voting age requirement of eighteen years or more.
10104,10,select_blank,exercise,10102,The National Register is a ___ voter database.,permanent|temporary|provincial|weekly,0,,,"It is called permanent because it aims to be a lasting record of eligible voters, unlike temporary lists which are only used for specific election periods."
10105,10,multiple_choice,exercise,10102,Who is listed in the National Register of Electors?,Qualified voters|All residents|All taxpayers|Registered candidates,0,,,"The register is strictly limited to listing citizens who meet all the legal criteria required to actually cast a ballot, not just anyone living or paying taxes."
10111,10,true_false,preview,10112,Elections Canada mails a voter info card once called.,,true,,,"Yes, Elections Canada sends this card out to registered voters to inform them about election details and their participation status."
10112,10,multiple_choice,main,,What does a voter information card tell you?,Date/place|Candidate platform|Tax balance|MP's salary,0,p32-voter-information-card.jpeg,,"Once an election has been called, Elections Canada mails a voter information card to each elector whose name is in the National Register of Electors. The card lists when and where you vote."
10113,10,true_false,exercise,10112,The voter card lists an interpreter phone number.,,true,,,It is listed so that voters who need language assistance can easily access interpretation services directly at the polls.
10114,10,multiple_choice,exercise,10112,Who mails the voter information card?,Elections Canada|Your MP|The Cabinet|Your municipality,0,,,Only Elections Canada handles the mailing of these official cards to ensure all eligible voters receive accurate election details.
10115,10,select_blank,exercise,10112,Elections Canada mails a voter ___ card once called.,information|donation|registration|nomination,0,,,"This card contains essential details about where and when you can vote, making it an informational guide rather than a registration or donation request."
10121,10,true_false,preview,10122,You can join the voters' list on election day.,,true,,,"Yes, you don't need to pre-register; you can prove your identity and address right at the polling station to be added to the list."
10122,10,multiple_choice,main,,What if you're not registered to vote?,Still register|Cannot vote|Wait years|Court order,0,,,"Even if you choose not to be listed in the National Register of Electors or do not receive a voter information card, you can still be added to the voters' list at any time, including on election day."
10123,10,true_false,exercise,10122,Not receiving a voter information card means you cannot vote.,,false,,,"This card is just helpful guidance; if you don't receive it, you can still vote by proving your eligibility and address at the polling station."
10124,10,select_blank,exercise,10122,You can join the voters' list on ___ day.,election|registration|nomination|advance,0,,,"While registration happens beforehand, you can actually join or update your voters' list right on Election Day if you meet the necessary criteria."
10125,10,multiple_choice,exercise,10122,When is the latest to join the voters' list?,Election day|Week before|Month before|Not allowed,0,,,"In many places, you are allowed to register and officially join the voters' list up until election day itself."
10131,10,true_false,preview,10132,Canadian law secures the right to a secret ballot.,,true,,,That is correct; Canadian law explicitly protects your right to cast a confidential ballot.
10132,10,multiple_choice,main,,What does Canadian law guarantee about voting?,Secret ballot|Public count|Mandatory disclosure|Group voting,0,,,This means that no one can watch you vote and no one should look at how you voted.
10133,10,true_false,exercise,10132,Your employer can require you to reveal your vote.,,false,,,"No, that is illegal. Your vote must remain private and cannot be revealed to anyone, including your employer."
10134,10,multiple_choice,exercise,10132,Who can require you to disclose your vote?,No one|Your employer|Your union|Your family,0,,,"Because voting is a fundamental right of privacy, no one—not your workplace, union, or family—can legally force you to disclose how you voted."
10135,10,true_false,exercise,10132,You may choose to discuss how you voted with others.,,true,,,"While you can discuss your experience voting with others, revealing how you voted defeats the principle of ballot secrecy."
10141,10,true_false,preview,10142,Election results are announced right after polling stations close.,,true,,,"The counting process starts immediately after polls close, meaning results are announced shortly thereafter rather than days later."
10142,10,multiple_choice,main,,When are federal election results announced?,Polls close|Week later|Next month|Parliament opens,0,,,"Immediately after the polling stations close, election officers count the ballots and the results are announced on radio and television, and in the newspapers."
10143,10,true_false,exercise,10142,Election officers count ballots after polls close.,,true,,,Ballot counting is a formal procedure that only begins once the voting period has officially ended and all ballots have been collected.
10144,10,select_blank,exercise,10142,"Results are announced on radio, TV, and ___.",newspapers|courtrooms|schools|churches,0,,,"Newspapers are one of the traditional, reliable sources for reporting election results alongside television and radio broadcasts."
10145,10,true_false,exercise,10142,Results are announced before the polling stations even close.,,false,,,"Results cannot be announced until all voting has concluded and every ballot has been counted, which happens after closing time."
10151,10,true_false,preview,10152,The GG invites the top party to form government.,,true,,,"Yes, the Governor General formally invites the leader of the largest or most viable party to attempt forming a government. This is part of the constitutional process following general elections."
10152,10,multiple_choice,main,,Who is usually invited to form the government?,Top leader|Oldest MP|Chief Justice|Governor General,0,p31-house-of-commons-session.jpeg,,"Ordinarily, after an election, the leader of the political party with the most seats in the House of Commons is invited by the Governor General to form the government, and becomes the Prime Minister."
10153,10,true_false,exercise,10152,The winning party's leader becomes PM via the GG.,,true,,,That is correct; the Governor General formally invites the leader who has the best chance of forming a majority government to assume the role of PM.
10154,10,multiple_choice,exercise,10152,Who appoints the Prime Minister after an election?,Governor General|Elections chief|Senate|Outgoing PM,0,,,The Governor General holds the formal constitutional power to invite and appoint the Prime Minister based on election results. Neither the Senate nor the Elections chief can perform this specific duty.
10155,10,select_blank,exercise,10152,The winning leader is invited to ___ government.,form|dissolve|elect|audit,0,,,"The correct term is 'form,' because the invitation requires the leader to assemble and organize a functioning cabinet and government structure."
10161,10,true_false,preview,10162,A majority government holds at least half the seats.,,true,,,"Yes, a majority government must hold over 50% of the legislative seats to ensure it has enough votes to pass legislation and function properly."
10162,10,multiple_choice,main,,What is a minority government?,Under half|All seats|No cabinet|Unelected government,0,,,"If the party in power holds at least half of the seats in the House of Commons, this is called a majority government. If it holds less than half, this is a minority government."
10163,10,true_false,exercise,10162,A party under half the seats forms a minority government.,,true,,,"This is correct because a minority government is defined by any party or coalition that does not hold an outright majority of seats, meaning they must negotiate for support to pass laws."
10164,10,select_blank,exercise,10162,Half the seats or more forms a ___ government.,majority|minority|coalition|shadow,0,,,"Controlling half the seats or more means you have a majority, which allows the government to pass legislation without needing external support. If they had fewer than half, it would be classified as a minority."
10165,10,multiple_choice,exercise,10162,What is a majority government?,Half seats|No seats|Fewest MPs|Unelected government,0,,,A majority government is simply one where the ruling party or coalition controls more than half of the total seats in the legislature. This gives them enough votes to pass most laws independently.
10171,10,true_false,preview,10172,A budget vote is a matter of confidence.,,true,,,"The budget vote is critical because it determines how the country will be funded for the year; failing this vote means the government has lost the legislature's support, which is a loss of confidence."
10172,10,multiple_choice,main,,What happens if government loses a confidence vote?,New election|Nothing changes|Senate rules|Taxes cancelled,0,,,"When the House of Commons votes on a major issue such as the budget, this is a matter of confidence. If a majority vote against a major government decision, this usually results in the Prime Minister asking the Governor General to call an election. A by-law is a local law passed by a municipal council, covering things like parking or noise."
10173,10,true_false,exercise,10172,The government needs majority confidence to stay in power.,,true,,,"In parliamentary democracy, the executive branch (the government) must always maintain the 'confidence' of the majority in the legislative body to remain in power. Losing that support forces them to resign or call an election."
10174,10,multiple_choice,exercise,10172,Which vote is an example of a confidence matter?,The budget|Member's petition|Committee schedule|Local by-law,0,,,"A confidence matter is any vote that determines whether the government retains the support of the elected body, and passing the budget is a key example because it requires the legislature's approval to function."
10175,10,select_blank,exercise,10172,Losing a confidence vote leads to a new ___.,election|budget|Cabinet minister|by-law,0,,,"If the government loses a confidence vote, it signals a loss of legitimacy, which usually triggers an election where voters can decide if they want the current government back in power."
10181,10,true_false,preview,10182,The Prime Minister chooses the ministers of the Crown.,,true,,,"The Prime Minister has significant influence over who becomes a minister and what their roles are, making this statement accurate."
10182,10,multiple_choice,main,,Who typically becomes a Cabinet minister?,Mostly MPs|Only Senators|Only judges|Only premiers,0,,,"The Prime Minister chooses the ministers of the Crown, most of them from among members of the House of Commons. Cabinet ministers are responsible for running the federal government departments."
10183,10,true_false,exercise,10182,Cabinet ministers run federal government departments.,,true,,,Cabinet ministers are responsible for overseeing the various departments (like Health or Finance) that run the day-to-day operations of the federal government.
10184,10,select_blank,exercise,10182,The PM and ministers together are called the ___.,Cabinet|Senate|Opposition|Assembly,0,,,The group of people who make up the executive branch—the Prime Minister and their appointed cabinet members—are collectively known as the Cabinet.
10185,10,true_false,exercise,10182,Most Cabinet ministers come from the House of Commons.,,true,,,"This is generally true because, in a Westminster system, ministers must maintain confidence with the elected body to govern effectively."
10191,10,true_false,preview,10192,The Cabinet prepares the budget and proposes most new laws.,,true,,,"The Cabinet controls the government's agenda and policy direction, making them responsible for drafting major legislation and setting financial priorities through the budget."
10192,10,multiple_choice,main,,What does the Cabinet mainly do?,Budget/laws|Count ballots|Appoint GG|Run councils,0,,,The Prime Minister and Cabinet ministers make important decisions about how the country is governed. They prepare the budget and propose most new laws. Their decisions can be questioned by all members of the House of Commons.
10193,10,true_false,exercise,10192,The House of Commons can question Cabinet decisions.,,true,,,"Yes, this is a core function of parliamentary democracy; elected representatives hold the executive branch accountable for its decisions."
10194,10,multiple_choice,exercise,10192,Who can question Cabinet decisions?,All MPs|Only Senate|Only GG|No one,0,,,"In a functioning democracy, all members of the legislature have the right to question and challenge government actions, ensuring broad accountability."
10195,10,select_blank,exercise,10192,The Cabinet prepares the ___ and proposes new laws.,budget|ballots|constitution|census,0,,,"The cabinet's primary policy function is setting the government's spending plan, which is formalized in the annual budget before proposing new laws."
10201,10,true_false,preview,10202,Opposition parties are the parties not in power.,,true,,,"This is correct because an opposition party, by definition, is one that does not currently hold government power and acts as a check on the ruling administration."
10202,10,multiple_choice,main,,What is the role of opposition parties?,Oppose/improve|Block laws|Replace Cabinet|Run services,0,,,The other parties that are not in power are known as opposition parties. Their role is to peacefully oppose or try to improve government proposals.
10203,10,true_false,exercise,10202,Opposition parties try to peacefully improve government proposals.,,true,,,"It's true that they aim for improvement; their job isn't just to criticize, but to offer viable alternatives and better solutions to the current government."
10204,10,select_blank,exercise,10202,Parties not in power are known as ___ parties.,opposition|majority|governing|Cabinet,0,,,"The correct term is 'opposition,' as this specifically describes any political group that does not currently control the government or hold majority power."
10205,10,multiple_choice,exercise,10202,What should opposition parties do with proposals?,Oppose/improve|Ignore them|Approve automatically|Rewrite budget,0,,,"Opposition parties must both challenge (oppose) poor ideas and offer better ways forward (improve), rather than simply ignoring the proposals or approving them automatically."
10211,10,true_false,preview,10212,The largest opposition party is called the Official Opposition.,,true,,,"This is accurate; the designation of 'Official Opposition' typically goes to the single largest political party that is not currently in government, giving it a formal role."
10212,10,multiple_choice,main,,What is the largest opposition party also called?,Loyal Opposition|The Cabinet|Senate majority|Privy Council,0,,,"The opposition party with the most members of the House of Commons is the Official Opposition, also known as His Majesty's Loyal Opposition (updated from the book's Her Majesty's wording to reflect King Charles III as the current Sovereign)."
10213,10,true_false,exercise,10212,The Official Opposition is the largest opposition party.,,true,,,It is designated as the Official Opposition precisely because it represents the largest grouping of opposition members in Parliament.
10214,10,select_blank,exercise,10212,The Official Opposition is also His Majesty's ___ Opposition.,Loyal|Royal|Chief|Grand,0,,,It is called the Loyal Opposition because its role is to hold the government accountable while remaining supportive of the Crown and parliamentary process.
10215,10,multiple_choice,exercise,10212,Which party becomes the Official Opposition?,Largest opposition|Governing party|Smallest party|Fewest seats,0,,,
10221,10,true_false,preview,10222,"The Conservative, NDP and Liberal parties are Canada's major parties.",,true,,,"These three—Conservative, Liberal, and NDP—are generally recognized as the core political forces in Canadian federal politics."
10222,10,multiple_choice,main,,Which are Canada's three major federal parties?,Conservative/NDP/Liberal|Republican/Green/Labour|Tory/Whig/Reform|Minor parties,0,,,"There are three major political parties represented in the House of Commons: the Conservative Party, the New Democratic Party, and the Liberal Party."
10223,10,true_false,exercise,10222,The NDP is one of Canada's major parties.,,true,,,"Yes, the New Democratic Party (NDP) holds a significant place and is considered one of the primary political players in Canada."
10224,10,multi_select,exercise,10222,Which are named as major parties in the guide?,Conservative Party|Liberal Party|NDP|Green Party,0|1|2,,,"The three major parties typically highlighted are the Conservative, Liberal, and NDP; while others exist, these form the core of national political discourse."
10225,10,select_blank,exercise,10222,These major parties sit in the ___ of Commons.,House|Senate|Cabinet|Assembly,0,,,"The major parties operate within the House of Commons, which is the specific name for that chamber of Parliament. 'House' refers to the legislative body itself."
10231,10,true_false,preview,10232,The voter card confirms you're on the voters' list.,,true,,,That is correct; the primary purpose of the voter card is indeed to confirm your official status and enrollment on the electoral roll.
10232,10,multiple_choice,main,,What does the voter information card confirm?,Voters' list|Final choice|Tax refund|Citizenship date,0,,,Electors whose information is in the National Register of Electors will receive a voter information card. This confirms that your name is on the voters' list and states when and where you vote.
10233,10,true_false,exercise,10232,The voter information card states when and where you vote.,,true,,,"Yes, this is accurate; the information card serves as a practical guide detailing the logistics for casting your ballot, including dates and locations."
10234,10,select_blank,exercise,10232,The voter card confirms you're on the ___ list.,voters'|candidates'|party|donor,0,,,It specifically verifies your enrollment on the official voters' list. This confirms you are registered to participate in the election.
10235,10,multiple_choice,exercise,10232,What is one thing the voter information card lists?,Voting place|Candidate's platform|Riding population|Tax rate,0,,,"The card provides essential logistical details, such as your designated polling station or voting place. Candidate platforms and tax rates would be found on different types of materials."
10241,10,true_false,preview,10242,No voter card? Call your local elections office.,,true,,,"If you don't have your voter card, calling the local elections office is the first step because they can tell you exactly what alternative identification they will accept."
10242,10,multiple_choice,main,,What if you never get a voter card?,Call elections|Skip election|Wait next|Mail complaint,0,,,"If you do not receive a voter information card, call your local elections office to ensure you are on the voters' list. If you do not have the number, call Elections Canada, in Ottawa, at 1-800-463-6868."
10243,10,true_false,exercise,10242,Elections Canada's Ottawa phone number is 1-800-463-6868.,,true,,,This is the official number you should use to reach Elections Canada in Ottawa if you have questions about voting procedures or requirements.
10244,10,multiple_choice,exercise,10242,Who can you call in Ottawa?,Elections Canada|MP's office|The Cabinet|Governor General,0,,,"For specific voting details and help in Ottawa, you should always start by calling Elections Canada directly; they are the official body managing the vote, not an MP's office or The Cabinet."
10245,10,select_blank,exercise,10242,"With no card, first call your local ___ office.",elections|passport|immigration|revenue,0,,,"Since this question is about voting rights and procedures, you need to contact your local elections office first; passport or revenue offices handle completely different services."
10251,10,true_false,preview,10252,You can vote before election day at advance polls.,,true,,,It is true that you don't have to wait until Election Day; advanced polling locations are set up specifically for people who can't make it on the main day.
10252,10,multiple_choice,main,,How do you vote before election day?,Advance polls|Not allowed|Ask neighbour|Wait next,0,,,"If you cannot or do not wish to vote on election day, you can vote at the advance polls or by special ballot. The dates and location are on your voter information card."
10253,10,true_false,exercise,10252,Advance poll dates appear on your voter card.,,true,,,"Yes, those specific advance poll dates are printed right on your voter card so you know exactly when you can vote early."
10254,10,select_blank,exercise,10252,"Otherwise, vote by advance polls or a ___ ballot.",special|blank|paper|digital,0,,,"If you cannot vote at a regular polling place, you must use either an advance poll or complete a special ballot process."
10255,10,true_false,exercise,10252,Advance poll dates appear on the voter information card.,,true,,,"That's correct; this specific voter information card is designed to give you all the necessary details, including early voting dates."
10261,10,true_false,preview,10262,Bring your voter card and ID to your polling station.,,true,,,It is always best practice to bring both your official voter card and a valid photo ID when you go to vote.
10262,10,multiple_choice,main,,What should you bring to your polling station?,Card/ID|Only cash|Passport application|Nothing else,0,,,Go to your polling station. The location is on your voter information card. Bring this card and proof of your identity and address to the polling station.
10263,10,true_false,exercise,10262,Your polling station location is on your voter card.,,true,,,"Yes, that's exactly what the card provides—it tells you where and when you need to go to cast your vote."
10264,10,multiple_choice,exercise,10262,What must your ID prove at the polling station?,Identity/address|Employment|Income|Marital status,0,,,"Your ID must prove both who you are and that you live in the district where you're voting, which is necessary for verification. Employment or income details aren't required just to confirm your right to vote."
10265,10,select_blank,exercise,10262,Your voter card lists your polling station ___.,location|budget|candidate|schedule,0,,,"The voter card serves as a guide, telling you exactly which physical location you need to go to cast your ballot. It provides your designated voting spot, not information about candidates or budgets."
10271,10,true_false,preview,10272,You mark an X beside your chosen candidate.,,true,,,"Yes, using a clear mark like an 'X' is the standard way to indicate your vote on most ballots. You must physically record your choice for it to count."
10272,10,multiple_choice,main,,How do you mark your ballot?,Circle X|Sign name|Circle logo|Write name,0,,,Mark an 'X' in the circle next to the name of the candidate of your choice. You will be invited to go behind the screen to mark your ballot.
10273,10,true_false,exercise,10272,You mark your ballot behind a screen for privacy.,,true,,,"That's right; voting booths or private screens are provided so that no one can see how you cast your vote, ensuring your ballot remains confidential and secure."
10274,10,select_blank,exercise,10272,You mark an ___ beside your chosen candidate.,X|O|check mark|star,0,,,"You must physically place a clear mark, typically an 'X', next to the name of the person or option you support. Using other symbols might cause your vote to be invalidated."
10275,10,multiple_choice,exercise,10272,Where do you mark your ballot's X?,In circle|At top|On envelope|On ballot,0,,,"You must physically mark your vote by filling in or placing an 'X' directly inside the designated circle on the ballot itself. Marking it anywhere else, like on the envelope, will cause your vote to be rejected."
10281,10,true_false,preview,10282,A poll official tears off your ballot number first.,,true,,,That is correct; poll officials always tear off your unique voter number first. This crucial step helps maintain the secrecy of your ballot before you even begin marking it.
10282,10,multiple_choice,main,,What happens after you fold your marked ballot?,Torn off|Mailed away|Self-kept|Official signs,0,,,The poll official will tear off the ballot number and give your ballot back to you to deposit in the ballot box.
10283,10,true_false,exercise,10282,You personally deposit your ballot into the ballot box.,,true,,,"Yes, you must personally deposit your sealed ballot into the official box. This ensures that the chain of custody is maintained and your vote is properly recorded."
10284,10,multiple_choice,exercise,10282,"Where do you place your folded, numbered-off ballot?",Ballot box|A mailbox|Your pocket|Ballot envelope,0,,,"Your completed ballot goes directly into the secure ballot box, not a mailbox or pocket. The box is the official receptacle for all cast votes."
10285,10,select_blank,exercise,10282,The poll official tears off your ballot ___.,number|signature|photo|name,0,,,The poll official always tears off your unique voter identification number first. This separates your identity from your vote to ensure complete secrecy.
10291,10,true_false,preview,10292,You can check election results on elections.ca.,,true,,,"Yes, elections.ca is the dedicated and reliable website for checking current election outcomes."
10292,10,multiple_choice,main,,Where can you see federal election results?,TV/elections.ca|Next-day mail|Only Parliament|Only phone,0,,,"When the polls close, every ballot is counted and the results are made public. You can see the results on television or on the Elections Canada website (www.elections.ca)."
10293,10,true_false,exercise,10292,Every ballot is counted once the polls close.,,true,,,"That's right; all voting activity stops when the polls close, and then the official count begins immediately afterward."
10294,10,select_blank,exercise,10292,Results are made public on TV or www.___.ca.,elections|parliament|canada|votes,0,,,"The official source is www.elections.ca, which is specifically dedicated to reporting and tracking electoral outcomes."
10295,10,true_false,exercise,10292,Results are only made public days after the vote.,,false,,,"No, while final tallies take time, preliminary results are often reported much sooner than several days later."
10301,10,true_false,preview,10302,Municipal councils pass local laws called by-laws.,,true,,,That's correct; by-laws are the specific type of legislation that local municipal councils have the authority to pass for their area.
10302,10,multiple_choice,main,,What are local council laws called?,By-laws|Statutes|Acts|Orders-in-council,0,p35-quebec-city-hall.jpeg,,Municipal governments usually have a council that passes laws called 'by-laws' that affect only the local community. The council usually includes a mayor (or a reeve) and councillors or aldermen.
10303,10,true_false,exercise,10302,A municipal council usually includes a mayor or reeve.,,true,,,"Yes, the mayor or reeve is typically the elected head of the council and serves as a key representative for the entire municipality."
10304,10,select_blank,exercise,10302,Municipal council members are called councillors or ___.,aldermen|senators|premiers|ministers,0,,,"Aldermen is an older, but still recognized, term for municipal representatives. Senators and ministers refer to roles at higher levels of government, while premiers are heads of provincial governments."
10305,10,multiple_choice,exercise,10302,What kind of laws does a municipal council pass?,By-laws|Criminal laws|Treaties|Constitutional amendments,0,,,"Municipal councils pass by-laws, which are local rules governing day-to-day life within the community. Criminal laws and constitutional amendments are handled by higher levels of government."
10311,10,true_false,preview,10312,Municipalities are usually responsible for snow removal and garbage collection.,,true,,,"These services require localized management and immediate response to daily needs, making them core responsibilities of municipal governments."
10312,10,multi_select,main,,Which are typical municipal responsibilities?,Snow removal|Firefighting|Foreign policy|Public transit,0|1|3,,,"Municipalities are normally responsible for urban or regional planning, streets and roads, sanitation, snow removal, firefighting, ambulance and other emergency services, recreation facilities, public transit and some local health and social services. Most major urban centres have municipal police forces."
10313,10,true_false,exercise,10312,Most major urban centres have municipal police forces.,,true,,,"Due to the need for highly localized law enforcement and rapid response capabilities, many large urban centers maintain their own dedicated police forces."
10314,10,multiple_choice,exercise,10312,Which is a typical municipal responsibility?,Garbage removal|National defence|Immigration law|Currency,0,,,"Municipalities handle day-to-day services like garbage removal; national defence, immigration law, and currency are typically managed by the federal government."
10315,10,true_false,exercise,10312,Foreign policy is a municipal responsibility.,,false,,,"Foreign policy is a matter of state concern handled at the national level, not by local municipal governments."
10321,10,true_false,preview,10322,Provincial and municipal elections also use a secret ballot.,,true,,,"Yes, secret ballots are standard procedure for maintaining fairness and privacy in all levels of elections, including provincial and municipal ones."
10322,10,multiple_choice,main,,How do provincial election rules compare?,Different rules|Identical rules|No ballot|Optional voting,0,,,"Provincial, territorial and municipal elections are held by secret ballot, but the rules are not the same as those for federal elections. It is important to find out the rules for voting in provincial, territorial and local elections."
10323,10,true_false,exercise,10322,Provincial and federal election rules are exactly the same.,,false,,,"No, while they share some similarities, the rules governing federal and provincial elections can differ significantly regarding procedures and requirements."
10324,10,select_blank,exercise,10322,"Learn voting rules for provincial, territorial and ___ elections.",local|foreign|corporate|union,0,,,"Voting rules are specific to local elections, which cover municipal and territorial levels."
10325,10,multiple_choice,exercise,10322,What voting method do provincial elections still use?,Secret ballot|Hand count|Online voting|Mail-in only,0,,,"Provincial elections still rely on the traditional secret ballot to ensure voter privacy, making it the most reliable method listed. While other methods exist, they aren't the primary or universal standard used across all provincial polls."
10331,10,true_false,preview,10332,First Nations band chiefs and councillors have major reserve responsibilities.,,true,,,"They do hold significant local governance roles, managing essential services and infrastructure within the community on the reserves."
10332,10,multiple_choice,main,,Who has major responsibilities on First Nations reserves?,Chiefs/councillors|Municipal mayors|Provincial premiers|Senators,0,,,"The First Nations have band chiefs and councillors who have major responsibilities on First Nations reserves, including housing, schools and other services."
10333,10,true_false,exercise,10332,Band chiefs and councillors oversee housing and schools on reserves.,,true,,,"Yes, managing local services like housing maintenance and operating community schools are key parts of their day-to-day governance duties."
10334,10,multi_select,exercise,10332,Which fall under band council responsibility on reserves?,Housing|Schools|Foreign policy|Local services,0|1|3,,,"Band councils manage essential community needs like housing, schools, and general local services. Foreign policy is a function reserved for national governments."
10335,10,true_false,exercise,10332,First Nations band councils have major responsibilities on reserves.,,true,,,
10341,10,true_false,preview,10342,National defence is a federal government responsibility.,,true,,,That's correct; national defense requires coordinated military and diplomatic efforts that fall exclusively under the jurisdiction of the federal government.
10342,10,multi_select,main,,Which are federal government responsibilities?,National defence|Criminal justice|Education|Foreign policy,0|1|3,,,"Federal government responsibilities include National Defence, Foreign Policy, Citizenship, Policing, Criminal Justice, International Trade, and Aboriginal Affairs."
10343,10,true_false,exercise,10342,Citizenship matters fall under federal responsibility.,,true,,,"Yes, defining citizenship and the rights that come with it are core national matters handled exclusively by the federal government."
10344,10,multiple_choice,exercise,10342,"Which is a federal responsibility, not provincial?",International trade|Highways|Education|Natural resources,0,,,"International trade deals with relations between nations, which is solely a federal concern. Education or natural resources, on the other hand, fall under provincial jurisdiction."
10345,10,true_false,exercise,10342,Education is a federal government responsibility.,,false,,,"No, education is primarily managed by provincial governments, allowing for regional differences in curriculum and policy rather than being a single national standard."
10351,10,true_false,preview,10352,Immigration is a responsibility shared by federal and provincial governments.,,true,,,"This is true because while the federal government sets overall immigration policy, provinces play a crucial role in selecting and integrating new residents into their communities."
10352,10,multi_select,main,,Which responsibilities are shared federal-provincial areas?,Immigration|Agriculture|Environment|National defence,0|1|2,,,"Immigration, agriculture and environment are areas of shared responsibility between the federal government and the provinces and territories."
10353,10,true_false,exercise,10352,Agriculture is a shared federal-provincial responsibility.,,true,,,"Yes, although provinces manage local farming practices, the federal government is necessary for setting trade rules and providing support structures across the entire agricultural sector."
10354,10,select_blank,exercise,10352,"Immigration, agriculture and ___ are shared responsibilities.",environment|currency|defence|justice,0,,,"Environment management often requires cooperation between different levels of government, making it a shared responsibility alongside immigration and agriculture. Currency and defense are typically federal concerns."
10355,10,true_false,exercise,10352,Environment policy is shared between federal and provincial governments.,,true,,,"Environmental issues often cross jurisdictional lines, meaning both levels of government must collaborate to create effective policies."
10361,10,true_false,preview,10362,Education and health care are provincial responsibilities.,,true,,,Provinces generally have the constitutional authority to manage and deliver services like education and healthcare within their borders.
10362,10,multi_select,main,,Which are provincial or territorial government responsibilities?,Education|Health care|Natural resources|National defence,0|1|2,,,"Provincial and territorial responsibilities include Education, Health Care, Natural Resources, Highways, and Property and Civil Rights."
10363,10,true_false,exercise,10362,Highways are a provincial government responsibility.,,true,,,"While federal funding may contribute, the planning, construction, and maintenance of most major highways fall under provincial jurisdiction."
10364,10,multiple_choice,exercise,10362,"Which is a provincial responsibility, not federal?",Health care|Foreign policy|International trade|Citizenship,0,,,"Provinces manage their own healthcare systems, whereas foreign policy, international trade, and citizenship are areas reserved for the federal government."
10365,10,true_false,exercise,10362,Property and civil rights fall under provincial responsibility.,,true,,,"This is correct because the Constitution assigns management of day-to-day life issues, including local property laws, primarily to the provinces."
10371,10,true_false,preview,10372,"Provincial reps may be called MLAs, MNAs, MPPs or MHAs.",,true,,,This is true; the specific title for a representative changes depending on which province you are in across Canada.
10372,10,multiple_choice,main,,What might a provincial elected representative be called?,MLA|MP|Senator|Cabinet Secretary,0,p33-provincial-assembly-charlottetown.jpeg,,"Provincial and territorial elected officials may be called Members of the Legislative Assembly (MLAs), Members of the National Assembly (MNAs), Members of the Provincial Parliament (MPPs), or Members of the House of Assembly (MHAs)."
10373,10,multi_select,exercise,10372,Which are titles used for provincial representatives?,MLA|MNA|MPP|MP,0|1|2,,,"The accepted titles include MLA, MNA, and MPP, as these are specific abbreviations used across different Canadian provinces to denote elected representatives."
10374,10,true_false,exercise,10372,MNA stands for Member of the National Assembly.,,true,,,This is correct; MNA specifically refers to an elected member serving in a provincial national assembly.
10375,10,select_blank,exercise,10372,"In Quebec, reps are Members of the National ___.",Assembly|Parliament|Legislature|Congress,0,,,"Quebec’s legislature is formally known as the National Assembly, which distinguishes it from other terms like Parliament or Legislature."
10381,10,true_false,preview,10382,The Governor General represents the Sovereign at the federal level.,,true,,,
10382,10,multiple_choice,main,,"Who represents the Sovereign, King Charles III, federally?",Governor General|Prime Minister|Chief Justice|The Speaker,0,,,"The Governor General is the representative of the Sovereign, King Charles III, at the federal level in Canada."
10383,10,true_false,exercise,10382,The GG acts on behalf of the Sovereign.,,true,,,
10384,10,select_blank,exercise,10382,The Sovereign's federal representative is the Governor ___.,General|Premier|Minister|Commissioner,0,,,"The title for the head of state's representative at the federal level is Governor General, making 'General' the correct fit."
10385,10,multiple_choice,exercise,10382,Whose representative is the Governor General?,The Sovereign|The Premier|The mayor|The Speaker,0,,,"The Governor General serves as the direct representative of the Crown, or the Sovereign, within a province. They are essentially the monarch's voice on the ground."
10391,10,true_false,preview,10392,The Lieutenant Governor represents the Sovereign in a province.,,true,,,That is correct; the Lieutenant Governor acts as the official representative of the Monarch within that specific province.
10392,10,multiple_choice,main,,Who represents the Sovereign at the provincial level?,Lieutenant Governor|The Premier|Governor General|The Mayor,0,,,"The Lieutenant Governor represents the Sovereign, King Charles III, in each province."
10393,10,true_false,exercise,10392,Each province has its own Lieutenant Governor.,,true,,,"Yes, because this role is tied to a specific jurisdiction, each province maintains its own unique Lieutenant Governor."
10394,10,select_blank,exercise,10392,The Sovereign's provincial representative is the Lieutenant ___.,Governor|Premier|Minister|Commissioner,0,,,"At the provincial level, this official is titled the Lieutenant Governor, so 'Governor' completes the correct title."
10395,10,true_false,exercise,10392,The Lieutenant Governor and the Premier are the same office.,,false,,,"They are not the same; the Premier is the elected political leader, while the Lieutenant Governor represents the Crown and performs constitutional/ceremonial duties."
10401,10,true_false,preview,10402,The Premier is the head of a provincial government.,,true,,,That's right; the Premier is the chief executive and political leader responsible for running the provincial government.
10402,10,multiple_choice,main,,What is the head of a provincial government called?,Premier|Governor General|Mayor|Commissioner,0,,,The Head of Government of a province is the Premier.
10403,10,true_false,exercise,10402,The Prime Minister leads a province's government.,,false,,,"No, the Prime Minister leads the federal government in Ottawa; provinces are led by their own Premier."
10404,10,select_blank,exercise,10402,The head of a provincial government is the ___.,Premier|Reeve|Speaker|Chancellor,0,,,The Premier is the elected official who serves as the chief executive and head of a province's government.
10405,10,multiple_choice,exercise,10402,What is the Premier the head of?,A province|Federal Cabinet|Municipal council|Band council,0,,,"The Premier leads the government that governs a specific province, which distinguishes it from federal or local councils."
10411,10,true_false,preview,10412,A Commissioner represents the federal government in each territory.,,true,,,"Yes, the Commissioner acts as the direct representative of the federal government in that territory."
10412,10,multiple_choice,main,,Who represents the federal government in a territory?,The Commissioner|Lieutenant Governor|The Premier|The Mayor,0,,,The Commissioner represents the federal government in each of Canada's three territories.
10413,10,true_false,exercise,10412,Each territory also has a Premier alongside its Commissioner.,,true,,,That's right; the Premier leads the local (territorial) government while the Commissioner handles the relationship with Ottawa (the federal government).
10414,10,select_blank,exercise,10412,The federal rep in a territory is the ___.,Commissioner|Governor|Lieutenant Governor|Reeve,0,,,"The Commissioner is the specific title for the person who represents the federal government in a territory, distinguishing them from local roles like Reeve or Governor."
10415,10,multiple_choice,exercise,10412,How many territories does the Commissioner role exist in?,Three|One|Two|Ten,0,,,"The role exists in three territories: Nunavut, Yukon, and Northwest Territories. This is distinct from other levels of government representation."
11001,11,multiple_choice,main,,What must government respect under due process?,Legal rights|Media opinion|Election results|Public protests,0,,,Due process is the principle that the government must respect all the legal rights a person is entitled to under the law.
11002,11,true_false,preview,11001,Due process means government must respect legal rights.,,true,,,That's correct; due process guarantees that the government must follow fair legal procedures before taking action against an individual’s rights.
11003,11,true_false,exercise,11001,Due process applies to everyone under Canadian law.,,true,,,"Yes, due process is a foundational principle ensuring fair treatment and legal rights apply universally to every person within Canada's jurisdiction."
11004,11,select_blank,exercise,11001,Due process protects a person's legal ___.,rights|salary|opinions|property,0,,,"Due process ensures that the government must follow fair procedures when limiting your fundamental legal rights, such as freedom or property ownership."
11005,11,multiple_choice,exercise,11001,What is due process part of?,Legal heritage|Sports rules|Business trends|Fashion norms,0,,,"Canada's legal system is based on a heritage that includes the rule of law, freedom under the law, democratic principles and due process."
11006,11,multiple_choice,main,,An accused in Canada is presumed to be?,Innocent|Guilty|Suspicious|Unlawful,0,,,"Canada's judicial system is founded on the presumption of innocence in criminal matters, meaning everyone is innocent until proven guilty."
11007,11,true_false,preview,11006,Canada presumes an accused person is innocent until proven guilty.,,true,,,This is a cornerstone of our justice system; the burden of proof always rests entirely on the Crown to prove guilt beyond a reasonable doubt.
11008,11,true_false,exercise,11006,"In Canada, guilt must be proven in court.",,true,,,Absolutely; you cannot be found guilty based on suspicion or outside of the formal legal proceedings within a court setting.
11009,11,select_blank,exercise,11006,Everyone is ___ until proven guilty.,innocent|guilty|arrested|charged,0,,,"You are presumed to be innocent, meaning the Crown must meet a very high standard of proof—beyond a reasonable doubt—before you can be found guilty."
11010,11,multiple_choice,exercise,11006,Presumption of innocence applies to which matters?,Criminal matters|Sports rules|Weather reports|Tax refunds,0,,,The presumption of innocence is a cornerstone legal principle that only applies when an individual is accused of committing a crime in a court setting.
11011,11,multiple_choice,main,,Canada's legal heritage includes which principle?,Rule-of-law|Royal decree|Military command|Church law,0,,,"Canada's legal system is based on a heritage that includes the rule of law, freedom under the law, democratic principles and due process."
11012,11,true_false,preview,11011,The rule of law is part of Canada's legal heritage.,,true,,,"Yes, the rule of law means that everyone, including the government itself, must obey and be accountable under established laws, which is central to Canada's legal tradition."
11013,11,multi_select,exercise,11011,Which are part of Canada's legal heritage?,Rule-of-law|Freedom-under-law|Democratic principles|Absolute monarchy,0|1|2,,,"These three concepts represent the core pillars of modern Canadian governance: accountability (rule-of-law), rights (freedom-under-law), and representative government (democratic principles)."
11014,11,true_false,exercise,11011,Due process is part of Canada's legal heritage.,,true,,,"Yes, due process is a fundamental right guaranteeing that any legal action taken by the state must follow fair procedures and respect your basic liberties."
11015,11,select_blank,exercise,11011,Canada's legal heritage includes democratic ___.,principles|slogans|parties|colours,0,,,The phrase refers to the core guiding ideals of governance; these principles are the foundational beliefs upon which Canada's democratic system operates.
11016,11,multiple_choice,main,,Who makes Canada's laws?,Elected representatives|Judges alone|Police chiefs|Private companies,0,,,Canada is governed by an organized system of laws. These laws are the written rules intended to guide people in our society. They are made by elected representatives.
11017,11,true_false,preview,11016,Canada's laws are made by elected representatives.,,true,,,"That's right; in a democracy like Canada, the laws are created through debate and voting by our elected representatives in Parliament."
11018,11,select_blank,exercise,11016,Laws are the written ___ guiding society.,rules|suggestions|opinions|traditions,0,,,"Laws are formal, written rules that establish expectations for behavior so that society can function fairly and predictably."
11019,11,true_false,exercise,11016,Laws in Canada guide behaviour in society.,,true,,,Absolutely; laws provide the guidelines—the boundaries—that tell us what is acceptable and what is not in our community.
11020,11,multiple_choice,exercise,11016,What are laws in Canada?,Written rules|Personal opinions|Suggestions only|Foreign customs,0,,,
11021,11,multiple_choice,main,,What is the role of Canada's courts?,Settle disputes|Draft laws|Patrol streets|Collect taxes,0,,,The courts settle disputes and the police enforce the laws.
11022,11,true_false,preview,11021,Courts settle disputes under Canadian law.,,true,,,The courts are specifically designed to be neutral forums where disagreements are settled by interpreting and applying Canadian law.
11023,11,match_pairs,exercise,11021,Match the role to who performs it.,Courts↔Settle disputes|Police↔Enforce laws,,,,"The police enforce the laws in daily life, while the courts provide the formal setting where disputes are legally settled."
11024,11,multiple_choice,exercise,11021,Who enforces Canada's laws?,The police|The courts|Newspapers|Voters,0,,,"The police are the group tasked with maintaining order and enforcing laws on the ground. While courts interpret them and voters create policy, only law enforcement physically enforces them."
11025,11,true_false,exercise,11021,Police are responsible for enforcing Canadian laws.,,true,,,"That's right; law enforcement officers, like the police, are the main group responsible for making sure laws are followed in practice."
11026,11,multiple_choice,main,,Canada's laws apply to which group?,Judges/police|Only foreigners|Only children|No one,0,,,"The law in Canada applies to everyone, including judges, politicians and the police."
11027,11,true_false,preview,11026,Canada's laws apply to judges and police too.,,true,,,"Absolutely; everyone, including those who enforce or interpret the law, must follow Canadian laws themselves."
11028,11,multi_select,exercise,11026,Who must obey Canada's laws?,Judges|Politicians|Police|No one,0|1|2,,,"Everyone in Canadian society—whether you are a judge, politician, or police officer—is expected to obey the laws."
11029,11,true_false,exercise,11026,Politicians are exempt from following Canadian law.,,false,,,"This is false; no one, including elected officials or politicians, is above the law and must follow all Canadian regulations."
11030,11,multiple_choice,exercise,11026,Who must obey Canada's laws?,Every person|No one|Only adults|Only citizens,0,,,
11031,11,multiple_choice,main,,Why does Canada have organized laws?,Provide order|Limit speech|Favor wealthy|Favor religion,0,,,"Our laws are intended to provide order in society and a peaceful way to settle disputes, and to express the values and beliefs of Canadians."
11032,11,true_false,preview,11031,Canada's laws are meant to provide order in society.,,true,,,
11033,11,multi_select,exercise,11031,What are Canada's laws intended to do?,Provide order|Settle disputes|Express values|Silence courts,0|1|2,,,
11034,11,select_blank,exercise,11031,Laws express the values and ___ of Canadians.,beliefs|debts|elections|borders,0,,,
11035,11,true_false,exercise,11031,Canada's laws help settle disputes peacefully.,,true,,,
11036,11,multiple_choice,main,,What does the blindfolded Lady Justice symbolize?,Impartial justice|Political power|Police strength|Royal authority,0,p36-scales-of-justice.jpeg,,The blindfolded Lady Justice symbolizes the impartial manner in which our laws are administered: blind to all considerations but the facts.
11037,11,true_false,preview,11036,The blindfold on Lady Justice symbolizes impartiality.,,true,,,"Yes, the blindfold signifies that justice must be administered without regard to wealth, power, or identity; judgment is based purely on evidence and law."
11038,11,select_blank,exercise,11036,Lady Justice is blind to all but the ___.,facts|politicians|media|weather,0,,,"She is blind to external factors like who you are or what you look like, meaning she only considers established facts and the law."
11039,11,true_false,exercise,11036,The Scales of Justice statue is in Vancouver.,,true,,,"That's right; a prominent statue representing justice can be found in Vancouver, symbolizing legal principles for the community."
11040,11,multiple_choice,exercise,11036,What does Lady Justice hold in her hand?,Scales|A gavel|A shield|A torch,0,,,She holds the scales because they represent the need to weigh all evidence and arguments fairly before reaching a verdict.
11041,11,multiple_choice,main,,What is the Supreme Court of Canada?,Highest court|Trial court|Traffic court|Police agency,0,,,The Supreme Court of Canada is our country's highest court.
11042,11,true_false,preview,11041,The Supreme Court of Canada is the country's highest court.,,true,,,Correct; it serves as the final court of appeal and represents the pinnacle of the Canadian judicial system.
11043,11,true_false,exercise,11041,The Supreme Court of Canada has nine judges.,,true,,,That is correct; the Supreme Court of Canada currently consists of a Chief Justice and eight other justices.
11044,11,select_blank,exercise,11041,Supreme Court of Canada is our country's ___ court.,highest|newest|smallest|oldest,0,,,"It is considered the highest court because it has the final say on interpreting Canadian law. The other options are incorrect because its status as 'highest' defines its judicial authority, not its age or size."
11045,11,multiple_choice,exercise,11041,Who appoints Supreme Court of Canada judges?,Governor General|Prime Minister|Voters|Premiers,0,,,"The appointment is formally made by the Governor General, usually acting on the advice of the Prime Minister. Neither voters nor Premiers have the direct constitutional power to appoint these judges."
11046,11,multiple_choice,main,,What does the Federal Court of Canada handle?,Federal matters|Family disputes|Traffic tickets|Local bylaws,0,,,The Federal Court of Canada deals with matters concerning the federal government.
11047,11,true_false,preview,11046,The Federal Court of Canada deals with federal matters.,,true,,,That's correct; the court specifically handles legal disputes involving federal law and government bodies. Its jurisdiction is distinct from courts that handle purely provincial matters.
11048,11,select_blank,exercise,11046,Federal Court deals with matters concerning the ___ government.,federal|provincial|municipal|foreign,0,,,"Since it is called the Federal Court, its jurisdiction is limited to matters concerning the national or federal government. It does not typically handle local municipal issues."
11049,11,true_false,exercise,11046,The Federal Court equals the Supreme Court.,,false,,,"No, they are separate levels of the judicial system. The Federal Court handles initial federal matters, while the Supreme Court is the highest court that hears appeals."
11050,11,multiple_choice,exercise,11046,The Federal Court of Canada mainly deals with?,Federal matters|Small claims|Family law|Traffic law,0,,,"The Federal Court's primary role is to adjudicate disputes involving federal law and jurisdiction. Small claims, family law, and traffic issues are typically handled by other specialized courts."
11051,11,multiple_choice,main,,What two courts exist in most provinces?,Appeal/trial|Federal courts|Traffic courts|Small claims,0,p37-jury-benches.jpeg,,"In most provinces there is an appeal court and a trial court, sometimes called the Court of King's Bench or the Supreme Court."
11052,11,true_false,preview,11051,Most provinces have an appeal and trial court.,,true,,,This is generally true; most provincial justice systems maintain a structure that includes both initial trial levels and higher appellate review bodies.
11053,11,select_blank,exercise,11051,Trial court may be called Court of King's ___.,Bench|Law|Justice|Order,0,,,"The correct term is Bench, which refers to the physical location or body of judges presiding over the court. 'Bench' is the established legal terminology for this type of court."
11054,11,true_false,exercise,11051,A trial court can be the Court of King's Bench.,,true,,,"Yes, the Court of King's Bench is a historical and recognized name used to describe a specific type of trial jurisdiction."
11055,11,multiple_choice,exercise,11051,What might a provincial trial court be called?,King's Bench|District Court|City Court|Circuit Court,0,,,"King's Bench is historically recognized as the name for a provincial trial court, while District or Circuit Court are often used in other contexts or jurisdictions."
11056,11,multiple_choice,main,,Which is a type of specialized provincial court?,Small claims|Federal Court|Supreme Court|Senate,0,,,"There are also provincial courts for lesser offences, family courts, traffic courts and small claims courts for civil cases involving small sums of money."
11057,11,true_false,preview,11056,Provincial courts include family courts and traffic courts.,,true,,,"Yes, these types of specialized courts fall under the umbrella of provincial jurisdiction because they handle day-to-day civil and minor criminal matters specific to the province."
11058,11,multi_select,exercise,11056,Which are types of provincial courts?,Family court|Traffic court|Small claims|Federal Court,0|1|2,,,"Family court, traffic court, and small claims are all common examples of specialized tribunals that operate within the scope of provincial law. Federal Court handles issues involving federal law, not general provincial matters."
11059,11,match_pairs,exercise,11056,Match the provincial court to its focus.,Family court↔Family matters|Traffic court↔Traffic offences|Small claims court↔Small civil sums,,,,These pairings accurately reflect the primary jurisdiction of each type of provincial court; they specialize in specific areas of law for efficiency.
11060,11,true_false,exercise,11056,Provincial courts also handle lesser criminal offences.,,true,,,"That's correct; while major criminal charges go to higher courts, provincial courts handle the vast majority of lesser offenses and summary convictions."
11061,11,multiple_choice,main,,What cases do small claims courts handle?,Civil sums|Federal crimes|Murder trials|Election disputes,0,,,Small claims courts handle civil cases involving small sums of money.
11062,11,true_false,preview,11061,Small claims courts handle civil cases with small sums.,,true,,,That's right; small claims courts are specifically designed to handle civil disputes involving smaller sums of money.
11063,11,select_blank,exercise,11061,Small claims courts handle ___ cases with small sums.,civil|criminal|federal|military,0,,,"They deal with civil cases, which means they resolve disagreements between private citizens or organizations, not criminal charges brought by the state."
11064,11,true_false,exercise,11061,Small claims courts handle major criminal trials.,,false,,,"No, small claims courts are limited to resolving minor civil disputes and do not handle major criminal trials."
11065,11,multiple_choice,exercise,11061,Small claims court involves what kind of case?,Civil case|Criminal trial|Federal dispute|Election dispute,0,,,"They focus on resolving disagreements between individuals or private parties, which is the definition of a civil case, unlike criminal proceedings."
11066,11,multiple_choice,main,,What is the main role of Canadian police?,Protect people|Draft laws|Judge cases|Collect taxes,0,p37-police-constable-boy.jpeg,,The police are there to keep people safe and to enforce the law.
11067,11,true_false,preview,11066,Police in Canada keep people safe and enforce law.,,true,,,"Yes, that's their primary function; they are responsible for maintaining public safety and enforcing laws within the community."
11068,11,true_false,exercise,11066,You can ask police for help during a crime.,,true,,,Absolutely; calling the police is exactly what you should do if you witness or are experiencing a crime. They are trained to handle dangerous situations safely.
11069,11,select_blank,exercise,11066,Police keep people safe and ___ the law.,enforce|write|ignore|repeal,0,,,"Police officers keep people safe and enforce the law, which means they make sure everyone follows established rules. Writing or repealing laws is done by lawmakers, not police."
11070,11,multiple_choice,exercise,11066,What is one job of Canadian police?,Protect people|Pass laws|Judge trials|Collect taxes,0,,,Their primary role is to protect people and keep the community safe from harm. Passing laws or judging trials are jobs handled by different groups like parliamentarians or judges.
11071,11,multiple_choice,main,,When can you ask police for help?,Assault victim|Election day|Tax season|Parking only,0,,,"You can ask the police for help in all kinds of situations—if there's been an accident, if someone has stolen something from you, if you are a victim of assault, if you see a crime taking place or if someone you know has gone missing."
11072,11,true_false,preview,11071,You can ask police for help if someone goes missing.,,true,,,"Yes, absolutely; reporting a missing person is an important service that the police handle immediately. They can start investigations and help locate people."
11073,11,multi_select,exercise,11071,When should you contact police?,Accident happens|Something stolen|See crime|Want menu,0|1|2,,,"You should contact the police when there is an emergency, if you witness a crime, or if something valuable has been stolen. They are not needed for everyday requests like asking for a menu."
11074,11,true_false,exercise,11071,You can ask police for help after a theft.,,true,,,"Yes, absolutely; if you are robbed or witness a crime like theft, calling the police is the correct action because they handle criminal matters."
11075,11,select_blank,exercise,11071,You can ask police for help after an ___.,accident|party|sale|game,0,,,Police are often called to scenes involving accidents because they manage traffic and investigate incidents. They wouldn't typically be needed for routine events like a party or sale.
11076,11,multiple_choice,main,,Which provinces have their own provincial police?,ON/QC|AB/MB|NS/PEI|YT/NU,0,,,There are provincial police forces in Ontario and Quebec and municipal police departments in all provinces.
11077,11,true_false,preview,11076,Ontario and Quebec each have a provincial police force.,,true,,,"That is correct; both Ontario and Quebec maintain their own distinct, large-scale police forces that operate within their provincial borders."
11078,11,true_false,exercise,11076,Municipal police departments exist in all provinces.,,true,,,"Yes, many local communities have their own municipal police services to handle day-to-day neighborhood issues. This structure exists across most provinces."
11079,11,select_blank,exercise,11076,Ontario and Quebec each have their own ___ police.,provincial|federal|foreign|volunteer,0,,,"Because they are large regions within Canada, both provinces maintain their own dedicated provincial police forces separate from federal or municipal ones."
11080,11,multiple_choice,exercise,11076,Which police type exists in every province?,Municipal police|Federal courts|Border guards|Small claims,0,,,"Every municipality needs local law enforcement to handle day-to-day issues, making municipal police the universal type of policing across Canada's provinces. Federal courts and border guards only cover specific areas or jurisdictions."
11081,11,multiple_choice,main,,What does the RCMP enforce across Canada?,Federal laws|Municipal bylaws|Provincial taxes|Traffic laws,0,,,"The Royal Canadian Mounted Police (RCMP) enforce federal laws throughout Canada, and serve as the provincial police in all provinces and territories except Ontario and Quebec, as well as in some municipalities."
11082,11,true_false,preview,11081,The RCMP enforces federal laws throughout Canada.,,true,,,"That's right; while they work with local authorities, the RCMP's primary mandate is to enforce laws passed by the federal government across all provinces and territories."
11083,11,true_false,exercise,11081,The RCMP polices most provinces and territories.,,true,,,"Correct, the RCMP is the primary police force in the majority of Canadian regions, though some areas have different local policing structures."
11084,11,select_blank,exercise,11081,RCMP is not provincial police in Ontario and ___.,Quebec|Alberta|Manitoba|Yukon,0,,,"The main reason is that Quebec has its own distinct provincial police force, while RCMP does operate as provincial policing in other areas like Alberta or Manitoba."
11085,11,multiple_choice,exercise,11081,Which two provinces does the RCMP not police?,ON/QC|AB/MB|BC/YT|NS/NB,0,,,"This is because both Ontario and Quebec have their own established, independent provincial police forces that handle law enforcement within their borders."
11086,11,multiple_choice,main,,What do border guards inspect at the border?,Entering vehicles|Mail parcels|Only airplanes|Only ships,0,p36-border-guard-dog.jpeg,,Border guard with sniffer dog inspects the trunk of a car at the Canada-U.S.A. border.
11087,11,true_false,preview,11086,Border guards inspect vehicles at the Canada-U.S. border.,,true,,,This is correct because customs and border protection agents are specifically tasked with inspecting all goods and vehicles crossing international borders.
11088,11,true_false,exercise,11086,Sniffer dogs can help inspect vehicles at the border.,,true,,,"Yes, sniffer dogs are trained to detect contraband or illegal items hidden within vehicles, making them a crucial part of border security."
11089,11,select_blank,exercise,11086,A border guard inspected the ___ of a car.,trunk|roof|mirror|wheel,0,,,"Border guards typically check the trunk because it provides hidden space where people might conceal illegal items, unlike more visible areas like the roof or mirrors."
11090,11,multiple_choice,exercise,11086,Who inspects vehicles at the Canada-U.S. border?,Border guards|Municipal police|Small claims|Lawyers,0,,,Only official border agents have the legal authority to conduct vehicle inspections at international crossings; local police or lawyers do not.
11091,11,multiple_choice,main,,What can you do about police conduct concerns?,Contact police|Stay silent|Sue immediately|Do nothing,0,,,You can also question the police about their service or conduct if you feel you need to. Almost all police forces in Canada have a process by which you can bring your concerns to the police and seek action.
11092,11,true_false,preview,11091,You can question police about their conduct.,,true,,,"Absolutely, you have the right to ask questions and request information regarding police procedures or actions taken during an interaction."
11093,11,true_false,exercise,11091,Almost all police forces have a complaints process.,,true,,,It's true; most modern police departments are required to have formal channels for citizens to file complaints about misconduct. This system is designed to ensure accountability and transparency within law enforcement.
11094,11,select_blank,exercise,11091,You can bring police concerns and seek ___.,action|silence|delay|punishment,0,,,"When you report a police concern, your goal should be to prompt some kind of corrective action or investigation into the matter. Simply remaining silent allows the issue to continue unresolved."
11095,11,multiple_choice,exercise,11091,How can you address a police complaint?,Contact police|Say nothing|File lawsuit|Just wait,0,,,The best first step is always to contact the proper authorities or internal affairs division; ignoring it or waiting for things to resolve themselves rarely works. Direct reporting starts the official process.
11096,11,multiple_choice,main,,What can lawyers do for you in Canada?,Represent you|Enforce laws|Write laws|Arrest suspects,0,,,Lawyers can help you with legal problems and act for you in court.
11097,11,true_false,preview,11096,Lawyers can act for you in court.,,true,,,That's right; hiring a lawyer allows them to represent your interests and speak on your behalf during court proceedings. They are experts at navigating the legal rules you might not know.
11098,11,true_false,exercise,11096,Lawyers can help you with legal problems.,,true,,,Absolutely; lawyers provide guidance on everything from drafting documents to understanding your rights in a dispute. They are the professionals who translate complex laws into actionable advice.
11099,11,select_blank,exercise,11096,Lawyers can help you with ___ problems.,legal|medical|financial|technical,0,,,"Lawyers are experts in the law, so they can help you navigate legal problems; medical or technical issues require different professionals entirely."
11100,11,multiple_choice,exercise,11096,What do lawyers help you with?,Legal problems|Medical care|Car repairs|Home renovations,0,,,"The primary focus of a lawyer is the law itself, meaning they assist with legal problems. They do not provide care for physical illnesses or repair services for cars and homes."
11101,11,multiple_choice,main,,What are legal aid services for?,Affording lawyer|Replacing judges|Training police|Funding elections,0,,,"If you cannot pay for a lawyer, in most communities there are legal aid services available free of charge or at a low cost."
11102,11,true_false,preview,11101,Legal aid helps people who cannot afford a lawyer.,,true,,,That's correct; the entire purpose of legal aid is to ensure that financial limitations don't prevent people from accessing necessary legal representation.
11103,11,true_false,exercise,11101,Legal aid is free or low cost.,,true,,,"Legal aid services are structured to be affordable, meaning they are either free or available at a significantly reduced cost based on your income."
11104,11,select_blank,exercise,11101,Legal aid services exist in most ___.,communities|courts|prisons|elections,0,,,
11105,11,multiple_choice,exercise,11101,Where can you find legal aid services?,Most communities|Only online|Only Ottawa|Only Parliament,0,,,"Legal aid is meant to be widely accessible across the region, so you can find services in most communities. It isn't restricted only to online platforms or a single city like Ottawa."
11106,11,multiple_choice,main,,What is an essential role of prisons?,Punishing criminals|Writing laws|Settling cases|Running elections,0,p37-handcuffs.jpeg,,Prisons have an essential role in punishing criminals and deterring crime.
11107,11,true_false,preview,11106,Prisons help punish criminals and deter crime.,,true,,,"They serve the dual purpose of punishing those who commit crimes while also sending a message to others that criminal behavior has consequences, thus discouraging it."
11108,11,true_false,exercise,11106,Prisons play no role in Canada's justice system.,,false,,,"This is incorrect because incarceration is a fundamental part of the criminal justice process, serving as the physical consequence for convicted offenders."
11109,11,select_blank,exercise,11106,Prisons help punish criminals and ___ crime.,deter|encourage|ignore|fund,0,,,"The primary goal of punishment is deterrence; by confining criminals, society hopes to discourage others from committing similar acts. Encouraging or ignoring crime would defeat this purpose."
11110,11,multiple_choice,exercise,11106,What role do prisons play in Canada?,Punishing criminals|Writing laws|Settling cases|Running elections,0,,,Prisons are correctional facilities whose main role is to house and punish individuals who have been convicted of crimes by the legal system.
12001,12,multiple_choice,main,,What do Canada's national symbols express?,National identity|Favourite foods|Stock prices|Time zones,0,,,"Canada's symbols — objects, events and people with special meaning — together express the country's national identity."
12002,12,true_false,preview,12001,Canadian national symbols express national identity.,,true,,,"National symbols, like flags or anthems, are powerful cultural markers that help define a shared sense of belonging and collective identity for Canadians."
12003,12,true_false,exercise,12001,Canada has only one official national symbol.,,false,,,"This is false because Canada has several recognized national symbols, including the flag, anthem, and more."
12004,12,select_blank,exercise,12001,National symbols appear ___ this citizenship booklet.,throughout|outside|never in|beyond,0,,,You'll find references to national symbols scattered throughout the booklet rather than being confined to a single section.
12005,12,multiple_choice,exercise,12001,Which best defines a national symbol?,Meaningful icon|Random object|Legal document|Tax form,0,,,"A national symbol is essentially a meaningful icon that encapsulates the identity and history of a country, unlike random objects or forms."
12006,12,multiple_choice,main,,How long has the Crown symbolized Canada's state?,400 years|50 years|10 years|1000 years,0,,,The Crown has been a symbol of the state in Canada for 400 years.
12007,12,true_false,preview,12006,The Crown has symbolized Canada's state for 400 years.,,true,,,"This is true; the symbolism associated with the Crown dates back centuries, representing a deep historical connection to the country's statehood."
12008,12,true_false,exercise,12006,The Crown became a symbol of Canada only in 1980.,,false,,,"This is incorrect because the symbolism of the Crown is much older than 1980, reflecting a long-standing part of Canada's history."
12009,12,multiple_choice,exercise,12006,Which best describes the Crown's role?,State symbol|Sports trophy|Bank logo|Airline brand,0,,,"The Crown's primary role is symbolic of the state itself, representing national identity and constitutional authority. It relates to governance structure, not commercial endeavors like banking or airlines."
12010,12,select_blank,exercise,12006,The Crown has symbolized the ___ for 400 years.,state|economy|weather|internet,0,,,The monarchy has symbolized the enduring existence and continuity of the state over hundreds of years. This symbolism is about national identity rather than fluctuating economies or natural events.
12011,12,multiple_choice,main,,Canada became a constitutional monarchy in what year?,1867|1901|1931|1982,0,,,"Canada has been a constitutional monarchy in its own right since Confederation in 1867, during Queen Victoria's reign."
12012,12,true_false,preview,12011,Canada became a constitutional monarchy at Confederation in 1867.,,true,,,
12013,12,multiple_choice,exercise,12011,Whose reign was Confederation during?,Queen Victoria|Charles III|Elizabeth II|George V,0,,,"Confederation took place during Queen Victoria's long reign, marking a pivotal moment in Canadian history. The other monarchs listed reigned much later than that time period."
12014,12,true_false,exercise,12011,Canada became a constitutional monarchy under Queen Victoria.,,true,,,That is correct; Confederation established Canada as a constitutional monarchy while Queen Victoria was reigning. This marked a major shift in how power was exercised within the country.
12015,12,select_blank,exercise,12011,Canada became a constitutional monarchy at ___.,Confederation|independence|the war|the election,0,,,The status of becoming a constitutional monarchy is directly tied to the political event known as Confederation. This act fundamentally changed Canada's structure of governance.
12016,12,multiple_choice,main,,Who is King of Canada today?,Charles III|Elizabeth II|Queen Victoria|George VI,0,,,"His Majesty King Charles the Third is the current King of Canada. (The book's own text still names Queen Elizabeth II, whose reign has since ended.)"
12017,12,true_false,preview,12016,King Charles III is the current King of Canada.,,true,,,"He is the constitutional monarch for all Commonwealth realms, including Canada. While he doesn't govern day-to-day, his title makes him the King of Canada."
12018,12,multiple_choice,exercise,12016,What is King Charles III's title in Canada?,Canada's King|Prime Minister|Governor General|Chief Justice,0,,,"His official role is the constitutional monarch, or 'King of Canada.' The Prime Minister leads the government, and the Governor General acts as the representative of the Crown."
12019,12,true_false,exercise,12016,Charles III has been King of Canada since 2022.,,true,,,"Queen Elizabeth II's reign ended in 2022, when His Majesty King Charles III became Canada's Sovereign."
12020,12,select_blank,exercise,12016,King Charles III holds the title King of ___.,Canada|Ottawa|Quebec|Ontario,0,,,"He is the reigning monarch for the entire country, so his title is King of Canada. Ottawa, Quebec, and Ontario are all just locations within that country."
12021,12,multiple_choice,main,,Which does the Crown symbolize in Canada?,"Parliament, courts|Private bank|Film studio|Grocery chain",0,,,"The Crown is a symbol of government, including Parliament, the legislatures, the courts, police services and the Canadian Forces. It is a famous RCMP ceremonial performance where uniformed Mounties on horseback perform intricate formations."
12022,12,true_false,preview,12021,The Crown is a symbol of Parliament and the courts.,,true,,,"The Crown represents the continuity of law and government itself, which is why it features prominently in both legislative (Parliament) and judicial (courts) settings."
12023,12,true_false,exercise,12021,The Crown symbolizes the Canadian Forces.,,true,,,"Yes, military forces swear allegiance to the reigning monarch and the institution of the Crown. This shows that their loyalty is owed to the state itself, not just a political party."
12024,12,multiple_choice,exercise,12021,Which institution does the Crown symbolize?,The legislatures|Radio station|Film studio|Grocery chain,0,,,"The Crown represents governmental authority and institutions, which is why legislatures like Parliament are correct. Things like film studios or grocery chains operate commercially and do not hold this symbolic connection to the state."
12025,12,categorize,exercise,12021,Sort each institution by Crown symbolism.,Parliament↔Symbolized by Crown|Police services↔Symbolized by Crown|A shopping mall↔Not symbolized by Crown,,,,"Institutions that perform official government functions, such as Parliament and police services, draw their authority from the Crown. A shopping mall is a private commercial venture and has no such governmental symbolism."
12026,12,multi_select,exercise,12021,Which are symbols the Crown represents?,Parliament|Police services|Canadian Forces|Radio station,0|1|2,,,"The Crown symbolizes key pillars of Canadian governance and defense, including Parliament, Police services, and the Canadian Forces. Commercial entities like radio stations are not considered symbols of the state in this context."
12027,12,image_choice,exercise,12021,Which image shows the RCMP Musical Ride?,Mounted officers:paw-outline|Courtroom scene:hammer-outline|Parliament debate:business-outline,0,p39-rcmp-musical-ride.jpeg,,"The RCMP Musical Ride features mounted officers performing a choreographed display, which matches the image showing the mounted officers. The other images represent different institutional settings entirely."
12028,12,multiple_choice,main,,When was the new Canadian flag first raised?,1965|1921|1876|1948,0,p38-flag-1965.jpeg,,A new Canadian flag was raised for the first time in 1965.
12029,12,true_false,preview,12028,Canada's current flag was first raised in 1965.,,true,,,That's right; Canada officially adopted its current national flag design and raised it in 1965. This date marks a significant moment in Canadian vexillology.
12030,12,true_false,exercise,12028,The current maple leaf flag debuted in 1876.,,false,,,"No, the current maple leaf flag design did not debut in 1876; it was adopted much later as part of a major national redesign effort."
12031,12,select_blank,exercise,12028,The new Canadian flag first flew in ___.,1965|1867|1921|1948,0,,,"The new flag design was officially adopted and first flown in 1965, replacing previous versions used since Confederation."
12032,12,multiple_choice,exercise,12028,What year did Canada raise its new flag?,1965|1955|1975|1985,0,,,"Canada raised its current, recognizable flag in 1965 as part of a significant national redesign effort."
12033,12,image_choice,exercise,12028,Which flag is Canada's flag of 1965?,Maple flag:flag-outline|Company logo:business-outline|Sports pennant:trophy-outline,0,p38-flag-1965.jpeg,,"The maple leaf design is the official national symbol, confirming this specific pattern as the flag adopted in 1965."
12034,12,multiple_choice,main,,Where did the flag's red-white pattern originate?,Kingston RMC|Toronto Hall|Parliament Library|Halifax Harbour,0,,,"The red-white-red pattern comes from the flag of the Royal Military College, Kingston, founded in 1876."
12035,12,true_false,preview,12034,The flag's pattern comes from the Royal Military College's flag.,,true,,,"That is correct; the specific layout and some elements were inspired by, or derived from, the Royal Military College flag."
12036,12,true_false,exercise,12034,"The Royal Military College, Kingston, was founded in 1876.",,true,,,"Yes, that is correct; the institution was established in Kingston back in 1876."
12037,12,select_blank,exercise,12034,The flag's pattern comes from a college in ___.,Kingston|Victoria|Regina|Winnipeg,0,,,"The distinctive pattern on the flag is directly inspired by the Royal Military College, which is located in Kingston."
12038,12,multiple_choice,exercise,12034,The Royal Military College is located in which city?,Kingston|Kelowna|Kamloops|Kenora,0,,,It is situated in Kingston; this city has been home to the college for many years.
12039,12,multiple_choice,main,,Since when have red and white been Canada's colours?,1921|1867|1965|1948,0,,,"Red and white had been colours of France and England since the Middle Ages, and the national colours of Canada since 1921."
12040,12,true_false,preview,12039,Red and white became Canada's national colours in 1921.,,true,,,That is correct; red and white were officially adopted as Canada's national colors back in 1921.
12041,12,true_false,exercise,12039,Red and white were colours of France and England.,,true,,,This is true; red and white have historically been associated with both French and English heraldry.
12042,12,select_blank,exercise,12039,Red and white became Canada's national colours in ___.,1921|1867|1965|2005,0,,,"Red and white were officially adopted as Canada's national colours in 1921, marking a significant shift from the colors used when Confederation happened in 1867."
12043,12,multiple_choice,exercise,12039,Which two colours are Canada's national colours?,Red/white|Blue/gold|Green/white|Black/red,0,,,The official national colours are red and white; these two shades are featured prominently on the Canadian flag and represent the country's identity.
12044,12,multiple_choice,main,,What is Canada's official Royal Flag?,Union Jack|Red Ensign|Quebec flag|Provincial flag,0,,,"The Union Jack is recognized as Canada's official Royal Flag, which signifies its historical connection to the British monarchy and Commonwealth status."
12045,12,true_false,preview,12044,The Union Jack is Canada's official Royal Flag.,,true,,,"This is true; the Union Jack holds an official status in Canada, reflecting the country’s constitutional ties to the Crown."
12046,12,true_false,exercise,12044,The Union Jack has no official status in Canada.,,false,,,This statement is false because the Union Jack does indeed hold an official status within Canadian heraldry and flag usage.
12047,12,select_blank,exercise,12044,Canada's official Royal Flag is the ___.,Union Jack|Red Ensign|maple flag|fleur-de-lys,0,,,"The Union Jack is the flag of the United Kingdom, and Canada adopted it as its official Royal Flag to signify its historical ties and continued relationship with the Crown."
12048,12,multiple_choice,exercise,12044,Which flag serves as Canada's Royal Flag?,Union Jack|Quebec flag|Ontario flag|Alberta flag,0,,,"Canada's current official Royal Flag remains the Union Jack, which represents the monarchy and the country's constitutional links to the UK. The other options are provincial flags, not the national royal flag."
12049,12,multiple_choice,main,,About how long did the Red Ensign serve?,100 years|10 years|50 years|200 years,0,p38-red-ensign.jpeg,,"The Canadian Red Ensign served as the Canadian flag for about 100 years, and has been carried officially by veterans since 2005."
12050,12,true_false,preview,12049,The Red Ensign was Canada's flag for about 100 years.,,true,,,"This is correct; for a significant period, the Red Ensign was indeed used as Canada's primary flag representation for many years."
12051,12,true_false,exercise,12049,Veterans have carried the Red Ensign officially since 2005.,,true,,,That's correct; the Red Ensign was officially adopted by veterans to represent their service starting in 2005.
12052,12,select_blank,exercise,12049,Veterans have carried the Red Ensign officially since ___.,2005|1965|1921|1948,0,,,The year 2005 marks when the use of the Red Ensign by veterans was officially reinstated and formalized by the Canadian government.
12053,12,multiple_choice,exercise,12049,What replaced the Red Ensign in 1965?,Maple flag|Union Jack|Quebec's flag|RCMP flag,0,,,"The Maple flag replaced the Red Ensign in 1965, marking a significant shift toward national identity. The other options were either provincial or military flags and not the official replacement."
12054,12,image_choice,exercise,12049,Which flag is the Canadian Red Ensign?,Royal crest:flag-outline|Blue flag:flag-outline|Provincial crest:ribbon-outline,0,p38-red-ensign.jpeg,,"The Canadian Red Ensign is characterized by its specific royal crest placement on the blue field. The other options represent different colors or types of emblems, not this historical flag."
12055,12,multiple_choice,main,,What is Canada's best-known symbol?,Maple leaf|The beaver|The fleur-de-lys|The mace,0,,,The maple leaf is Canada's best-known symbol.
12056,12,true_false,preview,12055,The maple leaf is Canada's best-known symbol.,,true,,,"While Canada has many symbols, the maple leaf is universally recognized as its most iconic and best-known symbol today."
12057,12,true_false,exercise,12055,The beaver is Canada's best-known symbol.,,false,,,"Although beavers are a famous part of Canadian folklore, the maple leaf holds the status of being the country's primary national symbol."
12058,12,select_blank,exercise,12055,Canada's best-known symbol is the ___.,maple leaf|beaver|mace|crown,0,,,"The maple leaf is universally recognized as the primary national symbol of Canada, making it the best answer."
12059,12,multiple_choice,exercise,12055,Which symbol is most associated with Canada?,Maple leaf|Palm tree|Cactus plant|Oak leaf,0,,,"The maple leaf is the universally recognized national symbol of Canada, making it the obvious choice. The other options are associated with different regions or countries."
12060,12,multiple_choice,main,,Who first adopted the maple leaf as a symbol?,French Canadians|British soldiers|Dutch settlers|Spanish explorers,0,,,"Maple leaves were adopted as a symbol by French Canadians in the 1700s, have appeared on Canadian uniforms and insignia since the 1850s, and are carved into the headstones of fallen soldiers."
12061,12,true_false,preview,12060,French Canadians adopted the maple leaf symbol in the 1700s.,,true,,,"While French Canadians have a deep cultural connection to the maple leaf, they didn't adopt it as a formal symbol until later in the 1700s, making this statement accurate."
12062,12,true_false,exercise,12060,The maple leaf appeared on Canadian uniforms since the 1850s.,,true,,,"The adoption of the maple leaf on Canadian military uniforms did indeed begin around the 1850s, marking its increasing visibility and national significance."
12063,12,select_blank,exercise,12060,Maple leaves are carved into fallen soldiers' ___.,headstones|passports|coins|flags,0,,,It is a tradition to carve the maple leaf onto fallen soldiers' headstones as a sign of remembrance and connection to Canada.
12064,12,multiple_choice,exercise,12060,Since when has the maple leaf marked Canadian insignia?,1850s|1921|1965|1776,0,,,"The 1850s marks when the maple leaf first began appearing on Canadian insignia, solidifying its place in national identity."
12065,12,order,exercise,12060,Order these maple leaf milestones earliest to latest.,French Canadians adopt it (1700s)|Appears on uniforms and insignia (1850s)|Becomes Canada's flag emblem (1965),,,,"The correct order moves from the initial adoption by French Canadians in the 1700s, to its later use on uniforms during the mid-19th century, culminating in its formal status as a national emblem in 1965."
12066,12,multiple_choice,main,,In what year was the fleur-de-lys adopted?,496|1000|1608|1867,0,,,"It is said that the lily flower (fleur-de-lys) was adopted by the French king in the year 496, becoming the symbol of French royalty for more than 1,000 years, including the colony of New France."
12067,12,true_false,preview,12066,The fleur-de-lys was adopted by a French king in 496.,,true,,,That's right; historical records confirm that the fleur-de-lys was adopted by French royalty around 496 AD.
12068,12,true_false,exercise,12066,"The fleur-de-lys symbolized French royalty for over 1,000 years.",,true,,,"Yes, it is accurate. The flower held significant symbolic status representing French monarchy for a period exceeding a thousand years."
12069,12,select_blank,exercise,12066,The fleur-de-lys was the flower of French ___.,royalty|parliament|currency|sport,0,,,"The fleur-de-lys was deeply associated with the divine right and lineage of the French royal family, making 'royalty' the correct answer."
12070,12,multiple_choice,exercise,12066,The fleur-de-lys symbolized royalty in which colony?,New France|New England|Upper Canada|Rupert's Land,0,,,"Because New France was the primary territory governed directly by French royalty during that era, it is where the fleur-de-lys symbolism was most strongly established."
12071,12,multiple_choice,main,,When did Quebec adopt its own flag?,1948|1965|1867|1921,0,,,"Revived at Confederation and included in the Canadian Red Ensign, the fleur-de-lys is central to Quebec's flag, adopted in 1948, based on the Cross and the fleur-de-lys."
12072,12,true_false,preview,12071,Quebec adopted its own flag in 1948.,,true,,,"Yes, Quebec officially adopted its current flag design in 1948, marking a significant moment in provincial identity."
12073,12,true_false,exercise,12071,Quebec's flag is based on the Cross and the fleur-de-lys.,,true,,,That's correct; the design incorporates both a cross and the fleur-de-lys to represent historical and cultural elements of Quebec.
12074,12,select_blank,exercise,12071,Quebec's 1948 flag is based on Cross and ___.,fleur-de-lys|maple leaf|beaver|mace,0,,,"The 1948 flag is built around the combination of the Cross and the fleur-de-lys, which are its key symbolic components."
12075,12,multiple_choice,exercise,12071,The fleur-de-lys appeared in which earlier Canadian flag?,Red Ensign|Union Jack|1965 flag|RCMP flag,0,,,"The Red Ensign was the earlier Canadian flag that featured the fleur-de-lys, before it appeared in later designs."
12076,12,multiple_choice,main,,When did Canada adopt its official coat of arms?,After WWI|At Confederation|After WWII|In 1965,0,p38-royal-arms.jpeg,,"As an expression of national pride after the First World War, Canada adopted an official coat of arms and a national motto."
12077,12,true_false,preview,12076,Canada adopted its coat of arms after World War I.,,true,,,"The current official coat of arms featuring the maple leaf was adopted in 1921, which occurred shortly after the conclusion of World War I."
12078,12,true_false,exercise,12076,The coat of arms was adopted before Confederation.,,false,,,"No, the current coat of arms was adopted at a later date than Confederation."
12079,12,select_blank,exercise,12076,The coat of arms expressed national ___ after WWI.,pride|debt|defeat|confusion,0,,,The design after WWI specifically aimed to express national pride and resurgence. The other options don't reflect the intended message.
12080,12,multiple_choice,exercise,12076,Where can the coat of arms be seen today?,Dollar bills|Movie posters|Sports jerseys|Restaurant menus,0,,,"You can most reliably see it on Canadian dollar bills, as this is where official national symbols are displayed for currency purposes."
12081,12,image_choice,exercise,12076,Which image shows the Royal Arms of Canada?,Currency arms:ribbon-outline|Jersey crest:shirt-outline|Licence plate:card-outline,0,p38-royal-arms.jpeg,,The formal Royal Arms used for national representation are featured prominently on the Canadian currency.
12082,12,multiple_choice,main,,What is Canada's national motto?,A-mari-usque-ad-mare|E-pluribus-unum|In-God-We-Trust|Dieu-et-mon-droit,0,,,"Canada's national motto, A mari usque ad mare, means ""from sea to sea"" in Latin."
12083,12,true_false,preview,12082,"Canada's national motto means ""from sea to sea.""",,true,,,"That is correct; the Latin phrase *Mare ad Mare* translates directly to 'from sea to sea,' reflecting Canada's vast geography."
12084,12,true_false,exercise,12082,Canada's motto is written in Latin.,,true,,,
12085,12,select_blank,exercise,12082,A-mari-usque-ad-mare means from ___ to sea.,sea|coast|shore|land,0,,,"The prefix 'a-' or 'ad-' specifically indicates movement from a starting point, so 'ad-mare' means moving away from land and toward the sea."
12086,12,multiple_choice,exercise,12082,What does Canada's motto mean in English?,From-sea-to-sea|Peace-and-order|Strength-and-honour|United-we-stand,0,,,"Canada’s motto, *De la mer à la mer*, literally translates to 'from sea to sea,' reflecting its vast geography."
12087,12,multiple_choice,main,,Which is included in Canada's coat of arms?,Maple leaves|Palm tree|Cactus plant|Desert eagle,0,,,"The arms contain symbols of England, France, Scotland and Ireland, as well as red maple leaves."
12088,12,true_false,preview,12087,Canada's coat of arms includes red maple leaves.,,true,,,"Yes, the red maple leaves are a central and prominent feature of Canada's national coat of arms."
12089,12,true_false,exercise,12087,Canada's coat of arms includes a symbol of Ireland.,,true,,,True; the inclusion of symbols like shamrocks acknowledges Ireland’s historical connection to Canada.
12090,12,multiple_choice,exercise,12087,Which country's symbol appears in the coat of arms?,Scotland|Japan|Mexico|Brazil,0,,,"The Scottish lion rampant is featured on the shield within the coat of arms, representing Scotland's historical ties."
12091,12,categorize,exercise,12087,Sort each item by coat-of-arms inclusion.,England's symbol↔In the coat of arms|Red maple leaves↔In the coat of arms|A shopping mall logo↔Not in the coat of arms,,,,"Official national symbols like England's crest and red maple leaves are incorporated into coats of arms, while commercial logos belong to private entities and are not included."
12092,12,multi_select,exercise,12087,Which nations' symbols appear in the coat of arms?,England|France|Scotland|Japan,0|1|2,,,"Canada’s coat of arms incorporates symbols from the founding British nations (England, Scotland, and France). Japan is not included as it represents a different nation entirely."
12093,12,multiple_choice,main,,Whose traditions do the Parliament Buildings embody?,French-English-Aboriginal|French only|English only|Aboriginal only,0,p38-parliament-dusk.jpeg,,"The towers, arches, sculptures and stained glass of the Parliament Buildings embody the French, English and Aboriginal traditions, and the Gothic Revival architecture popular in Queen Victoria's time."
12094,12,true_false,preview,12093,"The Parliament Buildings embody French, English and Aboriginal traditions.",,true,,,"The design of the Parliament Buildings was intentionally created to reflect Canada’s diverse heritage by incorporating elements from French, English, and Indigenous cultures."
12095,12,true_false,exercise,12093,The Parliament Buildings use Gothic Revival architecture.,,true,,,"Yes, the architectural style used for the Parliament Buildings is Gothic Revival, which gives them their distinct, grand historical appearance."
12096,12,select_blank,exercise,12093,The Parliament Buildings were built in ___ Revival style.,Gothic|Baroque|Modernist|Art Deco,0,,,"The Gothic Revival style was popular for major public buildings in the 19th century, giving the Parliament Buildings their characteristic pointed arches and vertical emphasis."
12097,12,multiple_choice,exercise,12093,When were the Parliament Buildings completed?,1860s|1920s|1900s|1940s,0,,,"Construction on the current Parliament Buildings began in the 1860s, making that the correct decade of completion."
12098,12,image_choice,exercise,12093,Which image shows the Parliament Buildings?,Dusk towers:business-outline|Sunset beach:sunny-outline|Subway station:train-outline,0,p38-parliament-dusk.jpeg,,The image showing the distinct towers and architectural style is the correct representation of the Parliament Buildings.
12099,12,multiple_choice,main,,What destroyed Parliament's original Centre Block?,Accidental fire|A flood|An earthquake|A storm,0,,,The Centre Block was destroyed by an accidental fire in 1916 and rebuilt in 1922. The Library is the only part of the original building remaining.
12100,12,true_false,preview,12099,The Centre Block was destroyed by fire in 1916.,,true,,,"That's right; the Centre Block did suffer a devastating fire in 1916, which led to its eventual demolition and rebuilding."
12101,12,true_false,exercise,12099,The Library is Centre Block's only original part remaining.,,true,,,"Yes, while much of the original structure was lost or altered, the Library remains one of the most intact parts of the former Centre Block."
12102,12,select_blank,exercise,12099,The Centre Block was rebuilt in ___.,1922|1916|1927|1965,0,,,The reconstruction of the Centre Block was finalized in 1922 after the devastating fire that damaged the original structure.
12103,12,multiple_choice,exercise,12099,Which original part of Centre Block survived the fire?,The Library|Senate chamber|Peace Tower|Main entrance,0,,,"While much of the building burned, the Library section is notable for being one of the parts to survive the initial major fire."
12104,12,multiple_choice,main,,What do the Books of Remembrance record?,Names-of-war-dead|Prime ministers|Tax laws|Election results,0,,,"The Memorial Chamber within the Peace Tower, completed in 1927, contains the Books of Remembrance, in which are written the names of soldiers, sailors and airmen who died serving Canada."
12105,12,true_false,preview,12104,The Books of Remembrance list Canadians who died in wars.,,true,,,That's right; these volumes are specifically dedicated to listing Canadians who lost their lives in conflicts and wars.
12106,12,true_false,exercise,12104,The Books of Remembrance are kept in the Memorial Chamber.,,true,,,"Correct, they are housed within the dedicated space known as the Memorial Chamber for proper remembrance."
12107,12,select_blank,exercise,12104,The Books of Remembrance sit inside the ___ Chamber.,Memorial|Senate|Judicial|Cabinet,0,,,"They are kept in the Memorial Chamber, which is a specific and designated area for honoring service members."
12108,12,multiple_choice,exercise,12104,The Peace Tower honours which war?,WWI|1812 War|Boer War|Korean War,0,,,
12109,12,select_blank,exercise,12104,The Peace Tower was completed in ___.,1927|1916|1922|1980,0,,,
12110,12,multiple_choice,main,,In which style is Quebec's National Assembly built?,2nd Empire|Gothic Revival|Art Deco|Modernist style,0,,,"The Quebec National Assembly is built in the French Second Empire style, while other provinces' legislatures are Baroque, Romanesque and neoclassical."
12111,12,true_false,preview,12110,Quebec's National Assembly is built in French Second Empire style.,,true,,,
12112,12,true_false,exercise,12110,All provincial legislatures share one identical architectural style.,,false,,,
12113,12,select_blank,exercise,12110,Provincial legislatures reflect ___ heritage in their design.,Greco-Roman|Egyptian|Aztec|Norse,0,,,
12114,12,multiple_choice,exercise,12110,Which style describes some provincial legislatures?,Neoclassical|Brutalist|Postmodern|Deconstructivist,0,,,"Neoclassical architecture was favored for government buildings because its Greek and Roman influences evoke ideals of democracy and stability. Styles like Brutalist or Postmodernism represent much later, more varied architectural movements."
12115,12,multiple_choice,main,,What is considered Canada's national winter sport?,Ice hockey|Curling|Skiing|Lacrosse,0,,,"Hockey is Canada's most popular spectator sport and is considered the national winter sport, developed in Canada in the 1800s."
12116,12,true_false,preview,12115,Hockey is considered Canada's national winter sport.,,true,,,"It holds a deep cultural place in Canada, making it widely recognized as the country's signature winter sport."
12117,12,true_false,exercise,12115,Ice hockey was developed in Canada in the 1800s.,,true,,,The modern version of ice hockey really took shape and gained popularity during the 19th century on Canadian frozen ponds.
12118,12,select_blank,exercise,12115,Hockey is Canada's most popular ___ sport.,spectator|banned|foreign|summer,0,,,"It has massive appeal, making it the country's most followed sport among fans and viewers. The other options don't describe its level of popularity."
12119,12,multiple_choice,exercise,12115,In which century was ice hockey developed in Canada?,1800s|1600s|1700s|1900s,0,,,"The sport's modern form really began to take shape and gain traction during the 1800s, not much later or earlier than that period."
12120,12,multiple_choice,main,,Who donated the Stanley Cup?,Lord Stanley|Queen Victoria|John Macdonald|Adrienne Clarkson,0,,,"The National Hockey League plays for the championship Stanley Cup, donated by Lord Stanley, the Governor General, in 1892."
12121,12,true_false,preview,12120,Lord Stanley donated the Stanley Cup in 1892.,,true,,,
12122,12,true_false,exercise,12120,The Clarkson Cup is awarded for women's hockey.,,true,,,"That cup specifically honors excellence in women's ice hockey, distinguishing it from awards given for men's play."
12123,12,select_blank,exercise,12120,The Clarkson Cup was established in ___.,2005|1892|1965|1980,0,,,"The correct year is 2005, when the cup was established to honor Adrienne Clarkson's contributions."
12124,12,multiple_choice,exercise,12120,Who established the Clarkson Cup?,Adrienne Clarkson|Lord Stanley|Queen Victoria|Vincent Massey,0,,,Adrienne Clarkson established the cup in recognition of her significant cultural and professional achievements.
12125,12,image_choice,exercise,12120,Which image shows a Stanley Cup celebration?,Cup celebration:trophy-outline|Curling match:snow-outline|Soccer match:football-outline,0,p39-stanley-cup.jpeg,,"The first option, showing a trophy outline, is the correct representation of a Stanley Cup celebration."
12126,12,multiple_choice,main,,Adrienne Clarkson was the first GG of what origin?,Asian origin|European origin|South-American origin|African origin,0,,,"Adrienne Clarkson, the 26th Governor General, was the first Governor General of Asian origin."
12127,12,true_false,preview,12126,Adrienne Clarkson was Canada's first Governor General of Asian origin.,,true,,,That's right; Adrienne Clarkson holds the distinction of being Canada's first Governor General of Asian descent.
12128,12,true_false,exercise,12126,Adrienne Clarkson served as the 26th Governor General.,,true,,,"She did serve as the 26th Governor General, confirming her important role in Canadian history."
12129,12,select_blank,exercise,12126,Adrienne Clarkson was Canada's ___ Asian-origin GG.,first|second|third|fourth,0,,,"She holds the distinction of being Canada's first Governor General who was of Asian descent, marking a significant milestone in Canadian history."
12130,12,multiple_choice,exercise,12126,What position did Adrienne Clarkson hold?,Governor General|Prime Minister|Chief Justice|House Speaker,0,,,"Adrienne Clarkson served as the Governor General of Canada, which is the constitutional role representing the reigning monarch."
12131,12,multiple_choice,main,,Which sport is Canada's official summer sport?,Lacrosse|Soccer|Baseball|Tennis,0,,,"Lacrosse, first played by Aboriginal peoples, is Canada's official summer sport. Canadian football is the second most popular sport; curling was introduced by Scottish pioneers; soccer has the most registered players."
12132,12,true_false,preview,12131,Lacrosse is Canada's official summer sport.,,true,,,"This is correct; lacrosse has deep historical roots and is widely recognized as a core part of Canadian sporting heritage, especially during the summer months."
12133,12,true_false,exercise,12131,Canadian football is the second most popular sport.,,true,,,"That's right; while ice hockey dominates the conversation, Canadian football holds a significant place and is generally considered the second most popular sport nationally."
12134,12,true_false,exercise,12131,Soccer has the most registered players of any Canadian sport.,,true,,,"Yes, soccer is massive in Canada and consistently leads other sports for registered participants."
12135,12,select_blank,exercise,12131,Curling was introduced to Canada by ___ pioneers.,Scottish|French|Dutch|Spanish,0,,,"The Scottish pioneers are credited with bringing the sport of curling to Canada, making it a foundational part of Canadian sporting culture."
12136,12,multiple_choice,exercise,12131,Which sport originated with Aboriginal peoples?,Lacrosse|Curling|Soccer|Football,0,,,Lacrosse has deep historical roots with Aboriginal peoples who played it for thousands of years before its modern form was established.
12137,12,multiple_choice,main,,Which company first adopted the beaver as a symbol?,HBC|CPR|Bank-of-Canada|Royal-Canadian-Legion,0,,,"The beaver was adopted centuries ago as a symbol of the Hudson's Bay Company, and became an emblem of the St. Jean Baptiste Society, a French-Canadian patriotic association, in 1834."
12138,12,true_false,preview,12137,The beaver was first adopted as a Hudson's-Bay-Company symbol.,,true,,,"The beaver's use as a symbol predates the HBC, making this statement accurate."
12139,12,true_false,exercise,12137,The beaver became an emblem of the St.-Jean-Baptiste-Society in 1834.,,true,,,It is true that the beaver became an emblem for the St.-Jean-Baptiste-Society in 1834.
12140,12,select_blank,exercise,12137,The St.-Jean-Baptiste-Society is a French-Canadian ___ association.,patriotic|banking|sports|academic,0,,,The society was primarily formed as a patriotic organization to promote French-Canadian identity and culture.
12141,12,multiple_choice,exercise,12137,The St.-Jean-Baptiste-Society adopted the beaver in which year?,1834|1921|1965|1948,0,,,"The St.-Jean-Baptiste Society first adopted the beaver in 1834, which was a significant moment for its identity and symbolism."
12142,12,multiple_choice,main,,The beaver appears on which Canadian coin?,Five-cent coin|One-dollar coin|The quarter|Two-dollar coin,0,p39-beaver.jpeg,,"The industrious beaver can be seen on the five-cent coin, and on the coats of arms of Saskatchewan and Alberta and of cities such as Montreal and Toronto."
12143,12,true_false,preview,12142,The beaver appears on Canada's five-cent coin.,,true,,,"Yes, the beaver is featured on Canada's five-cent coin, making it a common national symbol."
12144,12,true_false,exercise,12142,The beaver appears on Saskatchewan's coat of arms.,,true,,,"The beaver does appear on Saskatchewan’s coat of arms, solidifying its place as a provincial emblem."
12145,12,select_blank,exercise,12142,The beaver appears on ___'s coat of arms.,Alberta|Nunavut|Yukon|P.E.I.,0,,,"Alberta is the province whose coat of arms features the beaver, making it the correct choice among the options provided."
12146,12,multiple_choice,exercise,12142,Which city's coat of arms features the beaver?,Toronto|Halifax|Victoria|St. John's,0,,,"Toronto's coat of arms is the one that specifically features the beaver, distinguishing it from the emblems of Halifax, Victoria, and St. John's."
12147,12,image_choice,exercise,12142,Which animal is Canada's industrious symbol?,Beaver:paw-outline|Lion:paw-outline|Eagle:paw-outline,0,p39-beaver.jpeg,,"The beaver has long been associated with Canadian ingenuity because of its ability to build dams and lodges, making it a classic symbol of hard work."
12148,12,multiple_choice,main,,What are Canada's two official languages?,English/French|English/Spanish|French/German|English/Mandarin,0,,,English and French are the two official languages and are important symbols of identity.
12149,12,true_false,preview,12148,English and French are Canada's two official languages.,,true,,,That is correct; recognizing both English and French as official languages reflects Canada's deep commitment to its diverse cultural heritage.
12150,12,true_false,exercise,12148,French speakers are called Francophones.,,true,,,"Exactly, 'Francophone' is the specific term used to describe people whose primary language is French, regardless of their nationality."
12151,12,select_blank,exercise,12148,English speakers in Canada are called ___.,Anglophones|Francophones|Loyalists|Patriots,0,,,"You got it; 'Anglophone' is the proper term for people who speak English, while Francophone refers to French speakers."
12152,12,multiple_choice,exercise,12148,Who is exempt from the official-language citizenship rule?,55+ applicants|Under 18|New immigrants|Permanent residents,0,,,"The rule applies to citizens who are applying for citizenship, so those aged 55 and older are exempt from the requirement of proving official-language proficiency."
12153,12,multiple_choice,main,,When did Parliament pass the Official Languages Act?,1969|1921|1867|1980,0,,,"Parliament passed the Official Languages Act in 1969, establishing equality between French and English, maintaining minority-language communities, and promoting equality of both languages in Canadian society."
12154,12,true_false,preview,12153,The Official Languages Act was passed in 1969.,,true,,,"While it was passed in 1969, the Official Languages Act is actually a much more modern piece of legislation that has been updated over time to reflect current needs."
12155,12,true_false,exercise,12153,The Official Languages Act aims to maintain minority-language communities.,,true,,,"Yes, one of its core goals is ensuring that minority language communities can maintain their cultural and linguistic practices within Canada."
12156,12,select_blank,exercise,12153,The Official-Languages-Act promotes equality of French and ___.,English|Spanish|German|Mandarin,0,,,The Act specifically promotes the equality of French and English as Canada's two official languages.
12157,12,multi_select,exercise,12153,Which are objectives of the Official Languages Act?,Parliament equality|Support minorities|Promote equality|Ban French,0|1|2,,,"The objectives are to promote equality between the official languages, support minority language communities, and ensure that government services reflect this promotion."
12158,12,multiple_choice,main,,When was O Canada proclaimed the national anthem?,1980|1880|1921|1965,0,,,O Canada was proclaimed as the national anthem in 1980. It was first sung in Quebec City in 1880.
12159,12,true_false,preview,12158,O Canada became Canada's national anthem in 1980.,,true,,,"Yes, while it was sung before this date, 1980 is generally recognized as a key period for its formal acceptance and use as Canada's national anthem."
12160,12,true_false,exercise,12158,O Canada was first sung in Quebec City.,,true,,,That's right; the song's earliest known public performance took place in Quebec City.
12161,12,select_blank,exercise,12158,O Canada was first sung in ___.,1880|1980|1921|1867,0,,,"The correct date is 1880, which predates both Confederation (1867) and its later official recognition as an anthem (1921)."
12162,12,multiple_choice,exercise,12158,French/English Canadians sing O Canada with what difference?,Different words|Different melody|Different key|Different name,0,,,They sing it with different words because French-speaking Canadians use a distinct set of lyrics that are translated from the original English version.
12163,12,multiple_choice,main,,What is Canada's Royal Anthem called today?,God-Save-the-King|O Canada|Dieu-protège-la-Reine|The-Maple-Leaf-Forever,0,,,"The Royal Anthem, ""God Save the King,"" can be played or sung to honour the Sovereign, His Majesty King Charles III — the book's own text says ""Queen,"" reflecting the earlier Elizabeth II era."
12164,12,true_false,preview,12163,The Royal Anthem of Canada honours the reigning Sovereign.,,true,,,"That is correct; by its nature, the Royal Anthem is specifically written to honor the current reigning British Monarch."
12165,12,true_false,exercise,12163,"Today the Royal Anthem is titled ""God Save the King.""",,true,,,"This is correct because while the anthem's lyrics change to reflect the current monarch, its formal title today is 'God Save the King.'"
12166,12,select_blank,exercise,12163,The Royal Anthem honours the ___.,Sovereign|Prime Minister|Governor General|Chief Justice,0,,,"The Royal Anthem is specifically written to honor the reigning monarch, who holds the title of Sovereign."
12167,12,multiple_choice,exercise,12163,Who does Canada's Royal Anthem honour today?,Charles III|Elizabeth II|Queen Victoria|George VI,0,,,"The anthem always honors the current head of the monarchy; therefore, today it recognizes King Charles III."
12168,12,multiple_choice,main,,When did Canada start the Order of Canada?,1967|1980|1921|1945,0,p40-oscar-peterson-order-of-canada.jpeg,,"After using British honours for many years, Canada started its own honours system with the Order of Canada in 1967, the centennial of Confederation."
12169,12,true_false,preview,12168,The Order of Canada began in 1967.,,true,,,
12170,12,true_false,exercise,12168,1967 marked the centennial of Confederation.,,true,,,"Confederation was established in 1867, making 1967 the correct centennial year for that historical event."
12171,12,select_blank,exercise,12168,"Before 1967, Canada used ___ honours.",British|American|French|no,0,,,"Before modern Canadian systems were fully implemented, the honors system structure was modeled after and administered by the British Crown."
12172,12,multiple_choice,exercise,12168,Official awards recognizing citizens are called what?,Honours|Fines|Permits|Licences,0,,,"Honours are formal titles or recognitions given for service to the country, while fines, permits, and licences are legal or administrative documents."
12173,12,image_choice,exercise,12168,Which photo shows an Order of Canada ceremony?,Award presentation:ribbon-outline|Hockey game:trophy-outline|Election ballot:checkbox-outline,0,p40-oscar-peterson-order-of-canada.jpeg,,"The Order of Canada ceremony is characterized by the formal presentation of a ribbon or sash, which is visible in the first photo."
12174,12,multiple_choice,main,,What is the Victoria Cross?,Highest honour|Hockey trophy|Citizenship exam|Coin design,0,,,"The Victoria Cross (V.C.) is the highest honour available to Canadians, awarded for the most conspicuous bravery in the presence of the enemy. It has been awarded to 96 Canadians since 1854."
12175,12,true_false,preview,12174,The Victoria Cross is the highest honour available to Canadians.,,true,,,"While it's an incredibly prestigious award, the highest honour available to Canadians is actually the Order of Canada itself."
12176,12,true_false,exercise,12174,The Victoria Cross was awarded to 96 Canadians since 1854.,,true,,,"That's correct; since its inception in 1854, a total of 96 individuals have been awarded the Victoria Cross."
12177,12,select_blank,exercise,12174,The Victoria Cross is awarded for conspicuous ___.,bravery|attendance|seniority|wealth,0,,,"The Victoria Cross is specifically reserved for acts of conspicuous bravery, meaning it recognizes exceptional courage in battle or dangerous situations."
12178,12,multiple_choice,exercise,12174,Since what year has V.C. been awarded to Canadians?,1854|1867|1917|1943,0,,,"The V.C. has been awarded to Canadians since 1854, which predates both Confederation (1867) and the major conflicts listed."
12179,12,multiple_choice,main,,Who was the first Canadian to win the V.C.?,Alexander-Roberts-Dunn|William Hall|Billy Bishop|Paul Triquet,0,p41-dunn-vc.jpeg,,"Then-Lieutenant Alexander Roberts Dunn, born in present-day Toronto, earned the V.C. in the Charge of the Light Brigade at Balaclava (1854) during the Crimean War."
12180,12,true_false,preview,12179,Alexander Roberts Dunn was the first Canadian awarded the V.C.,,true,,,He holds the distinction of being the first Canadian citizen ever awarded the Victoria Cross for acts of bravery in combat.
12181,12,true_false,exercise,12179,Dunn earned his V.C. in the Charge of Light Brigade.,,true,,,"His award was earned specifically during a notable charge involving the Light Brigade, where his actions were recognized as particularly brave."
12182,12,select_blank,exercise,12179,Dunn earned the V.C. during the ___ War.,Crimean|Boer|Korean|Cold,0,,,"He received the V.C. while serving in the military during the Crimean War, which took place in the mid-19th century."
12183,12,multiple_choice,exercise,12179,Dunn was born in present-day which city?,Toronto|Montreal|Halifax|Winnipeg,0,,,"Alexander Roberts Dunn was born and raised in Toronto, making it his city of origin."
12184,12,image_choice,exercise,12179,"Which portrait shows Alexander Roberts Dunn, V.C.?",Bearded officer:person-outline|Modern photograph:camera-outline|Cartoon drawing:brush-outline,0,p41-dunn-vc.jpeg,,"The bearded officer portrait is the correct likeness of Alexander Roberts Dunn, V.C., while the other options are clearly different styles or eras."
12185,12,multiple_choice,main,,Who was the first black recipient of the V.C.?,William Hall|Alexander-Roberts-Dunn|Filip Konowal|Robert-Hampton-Gray,0,p41-hall-vc.jpeg,,"Able Seaman William Hall of Horton, Nova Scotia, whose parents were American slaves, was the first black man awarded the V.C., for his role in the Siege of Lucknow (1857)."
12186,12,true_false,preview,12185,William Hall was the first black man awarded the V.C.,,true,,,"He holds that distinction, making him a significant historical figure in British military history."
12187,12,true_false,exercise,12185,William Hall earned the V.C. at the Siege of Lucknow.,,true,,,His bravery during the Siege of Lucknow was specifically what led to him receiving the Victoria Cross.
12188,12,select_blank,exercise,12185,"William Hall was from Horton, ___.",Nova Scotia|Ontario|Quebec|Alberta,0,,,"He hailed from the community in Nova Scotia, which is where he spent much of his early life."
12189,12,multiple_choice,exercise,12185,William Hall's parents were formerly what?,American slaves|British nobles|French settlers|Dutch traders,0,,,His background was rooted in the experience of formerly enslaved people who were moving through the region.
12190,12,image_choice,exercise,12185,"Which portrait shows William Hall, V.C.?",Ship veteran:person-outline|Group photograph:people-outline|Cartoon icon:brush-outline,0,p41-hall-vc.jpeg,,"The portrait labeled 'Ship veteran' is the accurate depiction of William Hall, V.C."
12191,12,multiple_choice,main,,Filip Konowal was first V.C. winner not born where?,British Empire|Canada|Europe|North America,0,p41-konowal-vc.jpeg,,"Corporal Filip Konowal, born in Ukraine, showed exceptional courage at the Battle of Hill 70 (1917), becoming the first member of the Canadian Corps not born in the British Empire to earn the V.C."
12192,12,true_false,preview,12191,Filip Konowal was not born in the British Empire.,,true,,,"This is true because he was born in the Russian Empire, not within British colonial territory."
12193,12,true_false,exercise,12191,Konowal earned the V.C. at the Battle of Hill 70.,,true,,,"He earned the V.C. during his service at the Battle of Hill 70, which was a major action during World War I."
12194,12,select_blank,exercise,12191,Konowal earned the V.C. in ___.,1917|1854|1943|1945,0,,,"The correct year is 1917, when he received the Victoria Cross for his actions in World War I."
12195,12,multiple_choice,exercise,12191,Konowal was later promoted to which rank?,Sergeant|Captain|Colonel|Admiral,0,,,He was promoted to Sergeant during his time serving with the Royal Marines.
12196,12,image_choice,exercise,12191,"Which portrait shows Filip Konowal, V.C.?",WWI soldier:person-outline|Naval officer:boat-outline|Cockpit pilot:airplane-outline,0,p41-konowal-vc.jpeg,,"The portrait showing him as a WWI soldier is the correct image for Filip Konowal, V.C."
12197,12,multiple_choice,main,,Billy Bishop earned the V.C. flying with which force?,Flying Corps|Canadian Navy|Canadian Corps|RCMP,0,p41-bishop-vc.jpeg,,"Flying ace Captain Billy Bishop, born in Owen Sound, Ontario, earned the V.C. in the Royal Flying Corps during the First World War, and later became an honorary Air Marshal of the Royal Canadian Air Force."
12198,12,true_false,preview,12197,Billy Bishop was a flying ace in WWI.,,true,,,"Yes, Billy Bishop gained significant fame and recognition for his exceptional aerial combat skills during World War I."
12199,12,true_false,exercise,12197,Bishop later became an honorary Air Marshal of the RCAF.,,true,,,"That's correct; after his military service, he maintained a strong connection to the air force community, earning that honorary title."
12200,12,select_blank,exercise,12197,"Billy Bishop was born in Owen Sound, ___.",Ontario|Quebec|Manitoba|Nova Scotia,0,,,"Billy Bishop was born in Owen Sound, which is located in Ontario. Quebec and Nova Scotia are both incorrect locations for his birth."
12201,12,multiple_choice,exercise,12197,What was Billy Bishop known as?,Flying ace|Naval hero|War reporter|Field medic,0,,,He earned the nickname 'Flying Ace' due to his incredible success rate and skill as a fighter pilot during WWI.
12202,12,image_choice,exercise,12197,"Which portrait shows Billy Bishop, V.C.?",Winged officer:person-outline|Walking soldier:walk-outline|Ship captain:boat-outline,0,p41-bishop-vc.jpeg,,"Billy Bishop was a famous aviator and military figure, so the 'winged officer' portrait accurately represents his role in the air force."
12203,12,multiple_choice,main,,Paul Triquet earned the V.C. in which battle?,Casa Berardi|Vimy Ridge|Hill 70|Juno Beach,0,p41-triquet-vc.jpeg,,"Captain Paul Triquet of Cabano, Quebec, earned the V.C. leading his men and tanks in the attack on Casa Berardi in Italy in 1943, and was later a Brigadier."
12204,12,true_false,preview,12203,Paul Triquet earned the Victoria Cross at Casa Berardi.,,true,,,"He did, and it was specifically at the Casa Berardi location that he earned this high honor."
12205,12,true_false,exercise,12203,Triquet earned his V.C. during the Second World War.,,true,,,"No, his Victoria Cross was awarded for actions during World War I, not World War II."
12206,12,select_blank,exercise,12203,Paul Triquet was later promoted to ___.,Brigadier|Admiral|Sergeant|Corporal,0,,,He eventually rose to the rank of Brigadier in his military career.
12207,12,multiple_choice,exercise,12203,Paul Triquet was from which province?,Quebec|Ontario|Manitoba|Alberta,0,,,Paul Triquet hailed from Quebec province.
12208,12,image_choice,exercise,12203,"Which portrait shows Paul Triquet, V.C.?",Battle-dress officer:person-outline|Flight-suit pilot:airplane-outline|Deck sailor:boat-outline,0,p41-triquet-vc.jpeg,,The correct portrait shows him dressed as a battle-dress officer.
12209,12,multiple_choice,main,,Who was the last Canadian to receive the V.C.?,Robert-Hampton-Gray|Paul Triquet|Billy Bishop|Filip Konowal,0,p41-gray-vc.jpeg,,"Lieutenant Robert Hampton Gray, a navy pilot born in Trail, B.C., was killed while bombing a Japanese warship in August 1945, days before the end of the Second World War, and was the last Canadian to receive the V.C. to date."
12210,12,true_false,preview,12209,Robert-Hampton-Gray is the last Canadian awarded the V.C.,,true,,,"He is the final Canadian recipient of the Victoria Cross, a remarkable achievement in military history."
12211,12,true_false,exercise,12209,Gray was killed while bombing a Japanese warship.,,true,,,"Yes, he was killed during an aerial bombing mission against Japanese forces."
12212,12,select_blank,exercise,12209,"Robert Hampton Gray was born in Trail, ___.",B.C.|Ontario|Quebec|Nova Scotia,0,,,"Robert Hampton Gray was born in Trail, British Columbia, which is the correct location for his birth."
12213,12,multiple_choice,exercise,12209,Gray died days before the end of which conflict?,WWII|WWI|Korean War|Crimean War,0,,,"He passed away just before World War II concluded, making it a very timely loss."
12214,12,image_choice,exercise,12209,"Which portrait shows Robert Hampton Gray, V.C.?",Young pilot:airplane-outline|Elderly statesman:person-outline|Mounted officer:paw-outline,0,p41-gray-vc.jpeg,,The portrait showing him as a young pilot is the correct image of Robert Hampton Gray.
12215,12,multiple_choice,main,,Victoria Day marks whose birthday?,The Sovereign's|PM's|GG's|Terry Fox's,0,,,Victoria Day falls on the Monday preceding May 25 and marks the Sovereign's birthday; Vimy Day (April 9) and Canada Day (July 1) are other important national dates tied to Canada's symbols and history.
12216,12,true_false,preview,12215,Victoria Day marks the Sovereign's birthday.,,true,,,"This is correct because Victoria Day was historically established to celebrate the reigning monarch's birthday, maintaining that tradition today."
12217,12,true_false,exercise,12215,Canada Day falls on July 1.,,true,,,
12218,12,select_blank,exercise,12215,Vimy Day is observed on April ___.,9|1|11|25,0,,,
12219,12,multiple_choice,exercise,12215,Remembrance Day falls on which date?,November 11|November 20|December 25|January 1,0,,,
12220,12,match_pairs,exercise,12215,Match each holiday to its date.,Canada Day↔July 1|Remembrance Day↔November 11|New Year's Day↔January 1,,,,
12221,12,multiple_choice,main,,What does the Mace of the House-of-Commons represent?,Parliamentary authority|Hockey trophy|Citizenship document|Postage stamp,0,p38-mace-house-of-commons.jpeg,,"The gold Mace of the House of Commons, held in the House of Commons Collection in Ottawa, is a ceremonial symbol of parliamentary authority shown among Canada's national symbols."
12222,12,true_false,preview,12221,The Mace is a ceremonial symbol used in House-of-Commons.,,true,,,
12223,12,true_false,exercise,12221,The Mace belongs to the House-of-Commons Collection in Ottawa.,,true,,,"That's right; the ceremonial Mace, which symbolizes authority, is housed within the House of Commons collection located in Ottawa."
12224,12,select_blank,exercise,12221,The Mace is displayed in the House of ___.,Commons|Senate|Justice|Assembly,0,,,"The Mace is specifically associated with the legislative body that represents the common people, which is the House of Commons."
12225,12,multiple_choice,exercise,12221,In which city is the House-of-Commons Mace kept?,Ottawa|Toronto|Quebec City|Victoria,0,,,"Since the House of Commons is the federal legislative body, its ceremonial artifacts like the Mace are kept in the capital city, Ottawa."
12226,12,image_choice,exercise,12221,Which image shows the House-of-Commons Mace?,Gold staff:ribbon-outline|Wooden gavel:hammer-outline|Stone monument:business-outline,0,p38-mace-house-of-commons.jpeg,,"The House-of-Commons Mace is a specific ceremonial symbol, which is represented by the golden staff image. The gavel or monument would represent other parliamentary items but not the official mace."
12227,12,multiple_choice,main,,The Snowbirds are officially known as what?,431-Air-Demonstration-Squadron|Royal-Flying-Corps|RCMP-Air-Division|Canadian-Forces-Reserve,0,p38-snowbirds.jpeg,,"The Snowbirds (431 Air Demonstration Squadron) are a Canadian icon, shown among the country's national symbols."
12228,12,true_false,preview,12227,The Snowbirds are a Canadian icon.,,true,,,"They are, yes; the Snowbirds are a well-known and beloved part of Canadian military culture."
12229,12,true_false,exercise,12227,The Snowbirds are officially the 431 Air Demonstration Squadron.,,true,,,"That's correct. They operate as the 431 Air Demonstration Squadron, giving them their official designation."
12230,12,select_blank,exercise,12227,The Snowbirds are part of the Canadian ___.,Forces|Senate|Cabinet|Judiciary,0,,,"They are actually part of the Canadian Forces, which is the umbrella organization for Canada's military branches."
12231,12,multiple_choice,exercise,12227,What kind of team are the Snowbirds?,Demo squadron|Hockey team|Coast guard|Parliamentary committee,0,,,"The Snowbirds are a famous demonstration squadron that performs aerial acrobatics, not any kind of sports or political team."
12232,12,image_choice,exercise,12227,Which image shows the Snowbirds in formation?,Jet formation:airplane-outline|Harbour ships:boat-outline|Parade horses:paw-outline,0,p38-snowbirds.jpeg,,"Since they fly jets for demonstrations, the image showing the jet formation is the correct representation."
13001,13,multiple_choice,main,,What remains the engine of Canada's economic growth?,Commerce|Farming alone|Foreign aid|Tourism alone,0,,,Canada has always been a trading nation and commerce remains the engine of economic growth.
13002,13,true_false,preview,13001,Commerce is the engine of Canada's economic growth.,,true,,,"This is accurate because trade and commercial activity are fundamental to generating wealth, creating jobs, and fueling overall economic expansion in any modern nation like Canada."
13003,13,true_false,exercise,13001,Canadians could keep their standard of living without trade.,,false,,,As Canadians we could not maintain our standard of living without engaging in trade with other nations.
13004,13,multiple_choice,exercise,13001,What could Canadians not maintain without trade?,Living standard|Time zones|Weather|Population count,0,,,"Trade allows us access to goods and resources we can't produce ourselves, which directly maintains our quality of life or 'living standard.' Time zones, weather, and population counts are natural realities that trade doesn't affect."
13005,13,select_blank,exercise,13001,Canada has always been a ___ nation.,trading|farming|closed|neutral,0,,,"Historically, Canada relied heavily on its natural resources and location to engage with other nations through commerce, making it fundamentally a trading nation."
13006,13,multiple_choice,exercise,13001,What has Canada always been?,Trading nation|Isolated nation|Neutral nation|Landlocked nation,0,,,"Due to its geography and need for diverse resources, Canada has always been deeply involved in international commerce rather than remaining isolated or landlocked."
13007,13,multiple_choice,main,,When did Canada enact free trade with the U.S.A.?,1988|1867|1994|2001,0,,,"In 1988, Canada enacted free trade with the United States."
13008,13,true_false,preview,13007,Canada enacted free trade with the U.S.A. in 1988.,,true,,,"This is correct; the period around 1988 marked a significant shift toward deeper economic integration and free trade with the U.S., which has been crucial to modern Canadian commerce."
13009,13,true_false,exercise,13007,Canada's free trade deal with the U.S.A. began in 1994.,,false,,,"This statement is false; while NAFTA was signed around that time, Canada's major free trade agreements with the U.S. actually began earlier than 1994."
13010,13,multiple_choice,exercise,13007,Who did Canada enact free trade with in 1988?,United States|Mexico|Japan|Germany,0,,,Canada first enacted significant free trade agreements with the United States in 1988. Mexico joined this framework later through NAFTA.
13011,13,select_blank,exercise,13007,Canada enacted free trade with the U.S.A. in ___.,1988|1994|1867|1931,0,,,"The initial major free trade agreement between Canada and the U.S. was established in 1988, predating the implementation of NAFTA."
13012,13,multiple_choice,main,,When did Mexico join NAFTA?,1994|1988|1867|2008,0,,,Mexico became a partner in 1994 in the broader North American Free Trade Agreement (NAFTA).
13013,13,true_false,preview,13012,Mexico joined NAFTA in 1994.,,true,,,"That is correct; Mexico officially became a founding member of NAFTA, solidifying its participation with Canada and the U.S. in 1994."
13014,13,true_false,exercise,13012,NAFTA stands for the North American Free Trade Agreement.,,true,,,
13015,13,multiple_choice,exercise,13012,What does NAFTA stand for?,North-American-Free-Trade-Agreement|National-Farming-Trade-Alliance|North-Atlantic-Fair-Trade-Act|Northern-American-Fiscal-Trade-Agency,0,,,
13016,13,select_blank,exercise,13012,Mexico became a NAFTA partner in ___.,1994|1988|1867|2008,0,,,
13017,13,multiple_choice,exercise,13012,Which three countries make up NAFTA?,Canada/U.S.A./Mexico|Canada/U.K./France|U.S.A./Mexico/Brazil|Canada/Japan/Mexico,0,,,
13018,13,multiple_choice,main,,How many people did NAFTA cover?,444 million|100 million|1 billion|50 million,0,,,"NAFTA covers over 444 million people, with over $1 trillion in merchandise trade in 2008."
13019,13,true_false,preview,13018,NAFTA covers over 444 million people.,,true,,,
13020,13,true_false,exercise,13018,NAFTA had over $1 trillion in merchandise trade in 2008.,,true,,,"In 2008, NAFTA saw massive trade volumes exceeding $1 trillion in merchandise goods. Saying it was less than that would significantly underestimate the scale of North American commerce at the time."
13021,13,multiple_choice,exercise,13018,About how much trade did NAFTA have?,$1 trillion|$1 million|$1 billion|$10 billion,0,,,"The total merchandise trade for NAFTA around that time was massive, reaching over a trillion dollars. Options like $1 billion or $10 billion are far too small to represent the combined commerce of three major economies."
13022,13,select_blank,exercise,13018,NAFTA's merchandise trade topped ___ in 2008.,$1 trillion|$1 million|$500 million|$10 billion,0,,,"The combined merchandise trade for the region was enormous, surpassing the one-trillion dollar mark in 2008. This figure demonstrates the immense economic integration of North America."
13023,13,multiple_choice,main,,Canada is one of how many top economies?,Ten largest|Three largest|Fifty largest|Twenty largest,0,,,Today Canada has one of the ten largest economies in the world.
13024,13,true_false,preview,13023,Canada has one of the ten largest world economies.,,true,,,"Yes, due to its size and resources, Canada consistently ranks among the top ten global economies. It maintains a significant place in international economic rankings."
13025,13,true_false,exercise,13023,Canada's economy ranks among the world's ten largest.,,true,,,This statement is accurate; Canada has a substantial and stable economy that places it within the top tier of global economies. It is recognized for its economic stability and size.
13026,13,multiple_choice,exercise,13023,Which best describes Canada's economy today?,Ten largest|Smallest economy|Hundredth ranked|Not ranked,0,,,"Canada is consistently ranked among the top ten largest economies globally, placing it alongside other major developed nations."
13027,13,select_blank,exercise,13023,Canada has one of the ___ world economies.,ten largest|ten smallest|three largest|twenty smallest,0,,,"Canada's economy is substantial enough to be counted among the top ten global economies, making it a major player worldwide."
13028,13,multiple_choice,main,,Which group of industrialized nations does Canada belong to?,G8|G20|NATO|OECD only,0,,,Canada is part of the G8 group of leading industrialized countries.
13029,13,true_false,preview,13028,Canada is part of the G8 group of industrialized countries.,,true,,,"Yes, Canada has historically been a member of the G8 forum, which brings together leaders from major developed economies."
13030,13,multi_select,exercise,13028,Which countries also belong to the G8 with Canada?,United States|Germany|Japan|Brazil,0|1|2,,,"The G8 includes Canada, the United States, Germany, the United Kingdom, Italy, France, Japan and Russia."
13031,13,true_false,exercise,13028,Russia was listed among the G8 members with Canada.,,true,,,That's right; Russia was part of this group alongside other nations like Canada within the G8 structure.
13032,13,multiple_choice,exercise,13028,What does the G8 group consist of?,Industrialized countries|Island nations|European nations|Trade unions,0,,,"The G8 is an informal forum designed to bring together leaders from highly industrialized, advanced economies for global policy discussions."
13033,13,select_blank,exercise,13028,Canada belongs to the ___ group of industrialized countries.,G8|G20|G7|NATO,0,,,"Historically and in this context, Canada was a prominent member of the G8 group, which represents major developed economies."
13034,13,multiple_choice,main,,Canada's economy includes how many main types of industries?,Three|Two|Five|Four,0,,,Canada's economy includes three main types of industries.
13035,13,true_false,preview,13034,Canada's economy includes three main types of industries.,,true,,,That's right; Canada's economy is generally categorized into three major industry types.
13036,13,multi_select,exercise,13034,Which are Canada's three main industry types?,Service industries|Manufacturing industries|Natural-resources industries|Entertainment industries,0|1|2,,,"The three main pillars of the Canadian economy are service industries, manufacturing, and those related to natural resources."
13037,13,categorize,exercise,13034,Sort each example by its industry type.,Banking↔Service industries|Automobiles↔Manufacturing industries|Forestry↔Natural resources industries,,,,"Banking falls under services because it provides financial support, while automobiles are manufactured goods. Forestry is a direct extraction from nature, making it a natural resource."
13038,13,true_false,exercise,13034,Canada's economy has only one main type of industry.,,false,,,"No, the economy is quite diverse and includes multiple main types of industries, not just one."
13039,13,multiple_choice,main,,Which industries provide jobs like banking and health care?,Service industries|Manufacturing industries|Natural-resources industries|Agricultural industries,0,p42-toronto-financial-district.jpeg,,"Service industries provide thousands of different jobs in areas like transportation, education, health care, construction, banking, communications, retail services, tourism and government."
13040,13,true_false,preview,13039,Service industries include jobs like banking and health care.,,true,p42-toronto-financial-district.jpeg,,"Exactly. Service industries cover all non-physical production, which includes essential services like healthcare and financial institutions."
13041,13,multi_select,exercise,13039,Which are examples of service industry jobs?,Banking|Health care|Tourism|Mining,0|1|2,,,"Service industries involve providing services rather than extracting raw materials; banking, health care, and tourism all fall into this category. Mining, by contrast, is a resource extraction industry."
13042,13,true_false,exercise,13039,Construction jobs fall under service industries.,,true,,,"Yes, because building and maintaining structures is considered a service provided to clients, not the creation of raw materials or goods."
13043,13,select_blank,exercise,13039,Service industries include jobs like ___ and communications.,banking|forestry|mining|farming,0,,,"Banking provides financial services, which fits perfectly with the definition of a service industry. Forestry, mining, and farming are all related to resource extraction or primary production."
13044,13,multiple_choice,exercise,13039,Which job area belongs to service industries?,Government|Forestry|Mining|Fishing,0,,,"Government jobs provide essential public services like administration and law enforcement, making them a core part of the service economy. The other options relate to natural resource industries."
13045,13,multiple_choice,main,,What share of working Canadians have service industry jobs?,Over 75%|About 25%|About 50%|Under 10%,0,p42-toronto-financial-district.jpeg,,More than 75% of working Canadians now have jobs in service industries.
13046,13,true_false,preview,13045,More than 75% of working Canadians have service industry jobs.,,true,,,"That's right; modern economies are heavily reliant on providing services, which is why the service sector dominates employment in Canada."
13047,13,true_false,exercise,13045,Most working Canadians have service industry jobs.,,true,,,"Yes, the vast majority of jobs in Canada are now concentrated in service sectors rather than traditional industries like manufacturing or resource extraction."
13048,13,multiple_choice,exercise,13045,About what fraction of Canadian jobs are in services?,Over three-quarters|About tenth|About third|Exactly half,0,,,The overwhelming majority of Canadian jobs fall into services; 'Over three-quarters' is the most accurate description of this trend.
13049,13,select_blank,exercise,13045,More than ___ of working Canadians have service jobs.,75%|25%|50%|10%,0,,,"More than 75% of working Canadians are employed in service jobs, which accounts for the largest share of the labor market."
13050,13,multiple_choice,main,,Which industries make products like automobiles and machinery?,Manufacturing industries|Service industries|Natural-resources industries|Government industries,0,p43-car-assembly-oakville.jpeg,,"Manufacturing industries make products to sell in Canada and around the world, including paper, high technology equipment, aerospace technology, automobiles, machinery, food and clothing."
13051,13,true_false,preview,13050,Manufacturing industries make products like automobiles.,,true,p43-car-assembly-oakville.jpeg,,"That's correct; manufacturing is defined by the process of making physical goods, such as cars or appliances."
13052,13,multi_select,exercise,13050,Which are manufactured products named in the guide?,Automobiles|Aerospace technology|Clothing|Fish,0|1|2,,,"Automobiles, aerospace technology, and clothing all require complex manufacturing processes to be created. Fish is a natural resource or food product, not a manufactured good."
13053,13,true_false,exercise,13050,Manufacturing industries sell products only inside Canada.,,false,,,Manufacturing industries make products to sell in Canada and around the world.
13054,13,select_blank,exercise,13050,Manufacturing industries sell products in Canada and ___.,worldwide|only Ontario|only Quebec|nowhere else,0,,,"Since manufacturing is an international industry, these products are sold globally, not just within Canada's borders. They reach markets worldwide."
13055,13,multiple_choice,exercise,13050,Which is a manufactured product named in the guide?,Machinery|Lobster|Timber|Iron ore,0,,,"Machinery is a complex product that must be assembled and manufactured. Lobster, timber, and iron ore are all natural commodities sold in their raw state."
13056,13,multiple_choice,main,,What is Canada's largest trading partner for manufactured goods?,United States|Mexico|United Kingdom|China,0,,,Our largest international trading partner is the United States.
13057,13,true_false,preview,13056,The United States is Canada's largest international trading partner.,,true,,,That's right; the United States represents Canada's most significant and consistent source of international trade.
13058,13,true_false,exercise,13056,Mexico is named as Canada's largest trading partner.,,false,,,"This is false because while Mexico is a key partner, the United States remains Canada's largest overall trading destination by far."
13059,13,multiple_choice,exercise,13056,Which country is Canada's top international trading partner?,United States|Japan|France|Germany,0,,,The United States is overwhelmingly Canada's largest and most crucial trade partner due to geographical proximity and deep economic integration.
13060,13,select_blank,exercise,13056,Canada's largest international trading partner is the ___.,United States|United Kingdom|European Union|Mexico,0,,,"Due to shared borders and deep economic ties, the United States is overwhelmingly Canada's largest and most consistent trading partner."
13061,13,multiple_choice,main,,Manufacturing includes research into what type of products?,High-tech equipment|Farm crops|Ocean fisheries|Hydro power,0,p43-research-laboratory.jpeg,,Manufactured products include high technology equipment and aerospace technology among many other goods.
13062,13,true_false,preview,13061,High technology equipment is a manufactured product.,,true,p43-research-laboratory.jpeg,,"High-technology equipment requires complex design, assembly, and production processes, which defines it as a manufactured product."
13063,13,true_false,exercise,13061,Aerospace technology is named as a manufactured product.,,true,,,Aerospace technology involves building sophisticated aircraft components that require advanced engineering and manufacturing techniques to be completed.
13064,13,multiple_choice,exercise,13061,Which is a high-technology manufactured product area?,Aerospace technology|Deep-sea fishing|Wheat farming|Coal mining,0,,,"Aerospace technology is inherently high-tech because it requires complex design, material science, and manufacturing processes, unlike the natural extraction or farming listed in the other options."
13065,13,multiple_choice,main,,"Which industries include forestry, fishing, agriculture, mining and energy?",Natural-resources industries|Service industries|Manufacturing industries|Trade industries,0,,,"Natural resources industries include forestry, fishing, agriculture, mining and energy."
13066,13,true_false,preview,13065,Natural resources industries include forestry and fishing.,,true,,,Both forestry (harvesting wood) and fishing (catching aquatic life) are industries that rely on extracting raw materials directly from nature.
13067,13,multi_select,exercise,13065,Which are natural resources industries?,Forestry|Mining|Energy|Banking,0|1|2,,,"These industries rely directly on materials found in nature—like timber from forests, minerals from the earth, or power sources like fossil fuels. Banking is a service industry that doesn't extract raw materials."
13068,13,categorize,exercise,13065,Sort each industry as resource or not.,Fishing↔Natural resource industry|Agriculture↔Natural resource industry|Retail services↔Not a natural resource industry,,,,"Fishing and agriculture use natural elements (water, land) to produce goods, making them resource industries. Retail services, however, are purely commercial transactions that don't rely on extracting raw materials."
13069,13,select_blank,exercise,13065,"Resources include forestry, fishing, agriculture, mining, ___.",energy|banking|tourism|government,0,,,"Energy production, whether from coal or hydro, is derived directly from natural sources and thus falls under natural resource industries alongside mining and forestry. Banking deals with money and services, not raw materials."
13070,13,multiple_choice,exercise,13065,Which of these is a natural resources industry?,Mining|Banking|Tourism|Retail services,0,,,"Mining involves extracting raw materials like minerals and metals directly from the earth, which defines a natural resource industry. Banking and retail are service sectors, while tourism is an activity sector."
13071,13,multiple_choice,main,,What have natural resources played an important part in?,Canada's history|City planning|Foreign diplomacy|Sports development,0,,,Natural resources industries have played an important part in the country's history and development.
13072,13,true_false,preview,13071,Natural resources have played a key part in Canada's history.,,true,,,Absolutely; Canada’s economy and development—from fur trading to resource extraction—have historically been built upon its vast natural endowments.
13073,13,true_false,exercise,13071,Many areas of Canada's economy still depend on natural resources.,,true,,,"Today, the economy of many areas of the country still depends on developing natural resources."
13074,13,multiple_choice,exercise,13071,What do many Canadian exports consist of?,Resource commodities|Movie tickets|Government bonds|Foreign currency,0,,,A large percentage of Canada's exports are natural resources commodities.
13075,13,select_blank,exercise,13071,Canada's exports are mostly natural resource ___.,commodities|patents|currencies|services,0,,,"Commodities are raw materials like lumber or oil that Canada exports in huge volumes, making them the core focus of its natural resource economy."
13076,13,multiple_choice,main,,Which forestry product does a lumber truck haul?,Logs|Lobster|Wheat|Iron ore,0,p42-lumber-truck.jpeg,,Forestry is one of Canada's natural resources industries; logging trucks haul timber from Canada's forests.
13077,13,true_false,preview,13076,A lumber truck hauls logs from Canada's forests.,,true,p42-lumber-truck.jpeg,,This is accurate; the logging and transport of wood products are fundamental parts of Canada's massive resource sector.
13078,13,true_false,exercise,13076,Forestry is one of Canada's natural resources industries.,,true,,,"Yes, forestry is a major industry that relies directly on Canada's vast natural timber resources to fuel its economy."
13079,13,multiple_choice,exercise,13076,What does forestry harvest for Canada's economy?,Timber|Coal|Grain|Shellfish,0,,,"Forestry primarily harvests timber, which serves as the raw material used for countless products and fuels across Canada’s economy."
13080,13,multiple_choice,main,,Oil pump jacks in Alberta represent which industry?,Energy|Fishing|Forestry|Agriculture,0,p42-oil-pump-jacks-alberta.jpeg,,Energy is one of Canada's natural resources industries; oil pump jacks in southern Alberta draw oil from the ground.
13081,13,true_false,preview,13080,Oil pump jacks represent Canada's energy industry.,,true,p42-oil-pump-jacks-alberta.jpeg,,"That is correct; pump jacks are essential machinery used in the extraction of oil and other fossil fuels, defining the energy industry."
13082,13,true_false,exercise,13080,Alberta is shown in the guide with oil pump jacks.,,true,,,"Yes, the guide specifically points out Alberta as a major hub for oil production, which is why it features those pump jacks."
13083,13,multiple_choice,exercise,13080,Which province has oil pump jacks in the guide?,Alberta|Nova Scotia|Ontario|Manitoba,0,,,"The guide highlights Alberta because it is Canada's primary source of oil and natural gas, making it the location shown with pump jacks."
13084,13,multiple_choice,main,,The Saguenay River hydro-electric dam is in which province?,Quebec|Alberta|Ontario|British Columbia,0,p42-hydro-dam-saguenay.jpeg,,"The guide pictures a hydro-electric dam on the Saguenay River, Quebec, an example of Canada's energy industry."
13085,13,true_false,preview,13084,The Saguenay River hydro-electric dam is in Quebec.,,true,p42-hydro-dam-saguenay.jpeg,,That's correct; the massive hydroelectric power generated by the Saguenay Dam is located within the province of Quebec.
13086,13,true_false,exercise,13084,A hydro-electric dam is an example of the energy industry.,,true,,,"Absolutely, because dams are structures built specifically to harness and generate electrical power, they fall directly under the umbrella of the energy sector."
13087,13,multiple_choice,exercise,13084,What kind of power does a hydro-electric dam generate?,Water electricity|Coal electricity|Wind electricity|Oil electricity,0,,,
13088,13,multiple_choice,main,,Atlantic lobster exemplifies which natural resources industry?,Fishing|Forestry|Mining|Agriculture,0,p42-atlantic-lobster.jpeg,,Fishing is one of Canada's natural resources industries; Atlantic lobster is one of its well-known catches.
13089,13,true_false,preview,13088,Atlantic lobster is an example of Canada's fishing industry.,,true,p42-atlantic-lobster.jpeg,,"Yes, since it involves catching and commercially selling marine life, it is a core part of Canada's fishing sector."
13090,13,true_false,exercise,13088,Fishing is listed among Canada's natural resources industries.,,true,,,Absolutely; utilizing marine life like fish and shellfish falls under the category of exploiting natural resources.
13091,13,multiple_choice,exercise,13088,Which coast is Atlantic lobster fished from?,Atlantic coast|Pacific coast|Arctic coast|Great Lakes,0,,,"Atlantic lobster thrives in the cold waters of the Atlantic Ocean, which is why it is primarily fished from the Atlantic coast. The other coasts have different marine ecosystems."
13092,13,multiple_choice,main,,Niagara ice wine grapes exemplify which industry?,Agriculture|Forestry|Fishing|Mining,0,p43-ice-wine-grapes-niagara.jpeg,,"Agriculture is one of Canada's natural resources industries; ice wine grapes from the Niagara Region, Ontario are one example."
13093,13,true_false,preview,13092,Ice wine grapes from Niagara are an agriculture example.,,true,p43-ice-wine-grapes-niagara.jpeg,,"Correct, because agriculture encompasses the cultivation of specific crops, and making ice wine requires careful grape farming."
13094,13,true_false,exercise,13092,The Niagara Region is in the province of Ontario.,,true,,,"That's right; the Niagara region, famous for its vineyards and wine industry, is located within the boundaries of Ontario."
13095,13,multiple_choice,exercise,13092,Which Ontario region is pictured growing ice wine grapes?,Niagara Region|Muskoka Region|Ottawa Valley|Georgian Bay,0,,,
13096,13,multiple_choice,main,,Canada's largest trading partner is which country?,United States|Mexico|United Kingdom|Japan,0,,,Canada enjoys close relations with the United States and each is the other's largest trading partner.
13097,13,true_false,preview,13096,Canada and the U.S.A. are each other's largest trading partner.,,true,,,
13098,13,true_false,exercise,13096,Canada's largest trading partner is the United States.,,true,,,
13099,13,multiple_choice,exercise,13096,Which two countries are each other's largest trading partner?,Canada/U.S.A.|Canada/Mexico|Canada/Japan|Canada/France,0,,,
13100,13,select_blank,exercise,13096,Canada and the U.S.A. are each other's ___ partner.,largest|smallest|newest|only,0,,,"Because they share such extensive borders and deep economic ties, Canada and the U.S.A. are considered each other's largest trading partners."
13101,13,multiple_choice,main,,What share of Canadian exports go to the U.S.A.?,Over three-quarters|About half|About quarter|Under 10%,0,,,Over three-quarters of Canadian exports are destined for the U.S.A.
13102,13,true_false,preview,13101,Over three-quarters of Canadian exports go to the U.S.A.,,true,,,"It is accurate to say that a significant majority of Canadian exports are directed to the U.S., making this relationship crucial for Canada's economy."
13103,13,true_false,exercise,13101,Most Canadian exports are destined for the United States.,,true,,,"The United States is overwhelmingly the largest market for Canadian goods, meaning most of what Canada sells abroad ends up there."
13104,13,multiple_choice,exercise,13101,How much of Canada's exports go to the U.S.A.?,Over three-quarters|About one-tenth|Exactly half|About one-third,0,,,"The U.S. accounts for a massive share of Canada's trade, with exports going to over three-quarters of the total value."
13105,13,select_blank,exercise,13101,Over three-quarters of Canadian exports go to the ___.,U.S.A.|United Kingdom|European Union|Mexico,0,,,"The overwhelming majority of Canadian goods are exported to the United States, which is its primary and most important trading partner."
13106,13,multiple_choice,main,,Canada and the U.S.A. share the biggest what?,Trading relationship|Border wall|Military force|Shared currency,0,,,In fact we have the biggest bilateral trading relationship in the world.
13107,13,true_false,preview,13106,Canada and the U.S.A. share the world's biggest trading relationship.,,true,,,"Due to geographic proximity and deep economic ties, the trade relationship between Canada and the U.S. rivals any other in the world."
13108,13,true_false,exercise,13106,Canada-U.S.A. trade is called the world's biggest trading relationship.,,true,,,Because the sheer volume of goods and services exchanged between Canada and the U.S. makes it a massive global economic connection.
13109,13,multiple_choice,exercise,13106,How is the Canada-U.S.A. trading relationship described?,Biggest relationship|Smallest relationship|Minor link|One-way relationship,0,,,The relationship is widely recognized as the world's largest trading partnership due to its immense scale and consistent trade flow.
13110,13,multiple_choice,main,,Integrated Canada-U.S.A. supply chains compete with what?,Everyone else|Each other|No one|Only Mexico,0,,,Integrated Canada-U.S.A. supply chains compete with the rest of the world.
13111,13,true_false,preview,13110,Canada-U.S.A. supply chains compete with the rest of the world.,,true,,,"Their supply chains are so deeply intertwined that they often function as a single unit, making them unique compared to other global markets."
13112,13,true_false,exercise,13110,Canada-U.S.A. supply chains are described as integrated.,,true,,,"The constant movement of goods and labor means the two countries' economies are highly integrated, not separate or independent."
13113,13,multiple_choice,exercise,13110,How are Canada-U.S.A. supply chains described?,Integrated|Separate|Unrelated|Competing rivals,0,,,"They are described as 'integrated' because their supply chains operate together seamlessly, unlike those that might be separated or competing."
13114,13,multiple_choice,main,,Which goods does Canada export yearly in billions?,Energy goods|Tourism services|Foreign currency|Government bonds,0,p43-port-of-vancouver.jpeg,,"Canada exports billions of dollars worth of energy products, industrial goods, machinery, equipment, automotive, agricultural, fishing and forestry products, and consumer goods every year."
13115,13,true_false,preview,13114,Canada exports billions of dollars in energy goods yearly.,,true,p43-port-of-vancouver.jpeg,,"Yes, Canada is a major global supplier of energy resources like oil and natural gas, making this statement accurate."
13116,13,multi_select,exercise,13114,Which goods are named among Canada's yearly exports?,Energy products|Automotive goods|Consumer goods|Movie scripts,0|1|2,,,"The key export categories include energy, vehicles, and general consumer items; movie scripts are not typically listed as primary trade exports."
13117,13,true_false,exercise,13114,Forestry products are named among Canada's yearly exports.,,true,,,"Absolutely, timber and other wood-based materials from the forestry industry are significant parts of Canada's export portfolio."
13118,13,select_blank,exercise,13114,"Canada's yearly exports include energy, industrial and ___ goods.",consumer|foreign|imaginary|unlisted,0,,,"The major categories of Canadian exports are generally grouped into energy, industrial products, and everyday consumer goods."
13119,13,multiple_choice,exercise,13114,Which is named among Canada's yearly export categories?,Machinery|Software licences|Real estate|Livestock feed,0,,,"Machinery falls under the industrial goods category, which represents manufactured equipment and durable products that Canada exports in large volumes."
13120,13,multiple_choice,main,,What is the Canada-U.S.A. border traditionally known as?,World's-longest-undefended-border|World's-busiest-border|World's-oldest-border|World's-shortest-border,0,,,Millions of Canadians and Americans cross every year in safety what is traditionally known as the world's longest undefended border.
13121,13,true_false,preview,13120,The Canada-U.S.A. border is called the world's longest undefended border.,,true,,,"This is a common historical and cultural description of the border, emphasizing its open nature rather than military fortification."
13122,13,true_false,exercise,13120,Millions of people cross the Canada-U.S.A. border safely every year.,,true,,,"Because it's so well-established and integrated into global trade, crossing is routine and highly managed by customs agencies."
13123,13,multiple_choice,exercise,13120,How is the Canada-U.S.A. border traditionally described?,World's-longest-undefended-border|World's-most-guarded-border|World's-newest-border|World's-shortest-border,0,,,It is almost universally referred to this way due to its long history of peaceful cooperation between the two nations.
13124,13,select_blank,exercise,13120,The Canada-U.S.A. border is the world's longest ___ border.,undefended|guarded|disputed|closed,0,,,"The term 'undefended' highlights that it lacks significant military fortifications, which distinguishes it from other international borders."
13125,13,multiple_choice,main,,Where is the Peace Arch that symbolizes Canada-U.S.A. ties?,"Blaine, Washington|Niagara-Falls, Ontario|Windsor, Ontario|Ottawa, Ontario",0,p43-peace-arch-blaine.jpeg,,"At Blaine in the State of Washington, the Peace Arch symbolizes our close ties and common interests with the United States."
13126,13,true_false,preview,13125,"The Peace Arch stands at Blaine, Washington.",,true,p43-peace-arch-blaine.jpeg,,"Yes, this specific landmark is located in Blaine, Washington, marking a key crossing point between the two countries."
13127,13,true_false,exercise,13125,The Peace Arch symbolizes Canada-U.S.A. close ties.,,true,,,"Yes, it was erected to symbolize the enduring friendly relationship and close ties between Canada and the United States."
13128,13,multiple_choice,exercise,13125,What does the Peace Arch symbolize?,Close ties|Trade dispute|Military victory|Sports rivalry,0,,,"The arch specifically represents peaceful friendship and strong bilateral relations, not any form of conflict or competition like a trade dispute."
13129,13,select_blank,exercise,13125,The Peace Arch stands in the State of ___.,Washington|Oregon|New York|Michigan,0,,,"It is located near Blaine, which is situated in Washington state on the Canadian border."
13130,13,multiple_choice,main,,Which phrase is inscribed on the Peace Arch?,"Children-of-a-common-mother|Neighbours-by-chance,-friends-by-choice|United-we-stand,-divided-we-fall|Land-of-the-free",0,p43-peace-arch-blaine.jpeg,,"The Peace Arch is inscribed with the words ""children of a common mother"" and ""brethren dwelling together in unity."""
13131,13,true_false,preview,13130,"The Peace Arch reads ""children of a common mother.""",,true,,,"That's correct; the arch bears the phrase 'children of a common mother,' emphasizing shared heritage and connection between the peoples."
13132,13,true_false,exercise,13130,"The Peace Arch reads ""brethren dwelling together in unity.""",,true,,,"Yes, this inscription reflects the ideal of peaceful coexistence and brotherhood between Canada and the U.S."
13133,13,multiple_choice,exercise,13130,Which words also appear inscribed on the Peace Arch?,Brethren-dwelling-together-in-unity|Justice-for-all|E-pluribus-unum|Peace-in-our-time,0,,,"The specific phrase 'Brethren dwelling together in unity' is a direct quote found on the arch, while the other options are general concepts or different phrases."
13134,13,match_pairs,exercise,13130,Match each Peace Arch phrase to its meaning.,Children of a common mother↔Shared origin|Brethren dwelling together in unity↔Living together in peace,,,,These pairings accurately translate the symbolic language of the arch: shared ancestry and peaceful coexistence as brothers.
13135,13,select_blank,exercise,13061,Manufactured products include high technology equipment and ___ technology.,aerospace|farming|fishing|mining,0,,,"Aerospace technology involves complex manufacturing of aircraft, fitting perfectly alongside high-tech equipment; farming or fishing are primary resource industries."
13136,13,multiple_choice,exercise,13076,Which industry does a lumber truck represent?,Forestry|Fishing|Mining|Agriculture,0,,,"Lumber is derived from trees and wood, which places it squarely within the scope of the forestry industry. Mining deals with minerals, while agriculture focuses on crops."
13137,13,select_blank,exercise,13080,Oil pump jacks are pictured in southern ___.,Alberta|Ontario|Quebec|Manitoba,0,,,"The oil industry, particularly the resource extraction represented by pump jacks, is historically and geographically centered in southern Alberta."
13138,13,select_blank,exercise,13084,The hydro-electric dam pictured stands on the ___ River.,Saguenay|Fraser|Ottawa|Bow,0,,,"The dam pictured is located on the Saguenay River, which is a major waterway in Quebec known for its powerful flow."
13139,13,select_blank,exercise,13088,Atlantic lobster illustrates Canada's ___ industry.,fishing|mining|forestry|agriculture,0,,,"Since lobster is caught from the ocean, it directly represents Canada's fishing industry rather than any of the other sectors listed."
13140,13,multiple_choice,exercise,13092,What wine are Niagara's ice wine grapes used for?,Ice wine|Table wine|Sparkling cider|Beer,0,,,These grapes are specifically harvested in winter and pressed to create a premium dessert wine known as ice wine.
13141,13,select_blank,exercise,13106,Canada and the U.S.A. share the biggest ___ relationship.,bilateral|regional|colonial|wartime,0,,,"Because Canada and the U.S.A. share a border and trade relationship involving only two countries, it is considered a bilateral relationship."
13142,13,multiple_choice,exercise,13110,What best describes Canada-U.S.A. supply chains?,Integrated|Separate|Closed|Unregulated,0,,,"The economies are deeply interconnected, meaning that supply chains flow seamlessly across the border in an integrated manner."
14001,14,multiple_choice,main,,What is Newfoundland and Labrador known for geographically?,Farthest east|Farthest north|Largest area|Warmest climate,0,,,Newfoundland and Labrador is the most easterly point in North America and has its own time zone.
14002,14,true_false,preview,14001,Newfoundland and Labrador has its own time zone.,,true,,,"Yes, it operates on Atlantic Time, which is distinct from the rest of mainland Canada."
14003,14,true_false,exercise,14001,Newfoundland and Labrador is North America's most easterly point.,,true,,,It is correct; its location makes it the most easterly point of North America's mainland coastlines.
14004,14,multiple_choice,exercise,14001,Which province is North America's most easterly point?,Newfoundland/Labrador|Nova Scotia|P.E.I.|New Brunswick,0,,,"Newfoundland and Labrador holds that title because of its extreme eastern geographic position, far out into the Atlantic Ocean."
14005,14,select_blank,exercise,14001,Newfoundland and Labrador has its own ___.,time zone|capital city|flag|anthem,0,,,"It has its own time zone (Atlantic Time), which is a key geographical distinction from other provinces."
14006,14,multiple_choice,exercise,14001,What makes Newfoundland and Labrador's time unique?,Unique zone|No zone|Pacific time|UK time,0,,,"Its unique status comes from operating on Atlantic Time, which keeps it distinct from the standard time zones used elsewhere in Canada."
14007,14,multiple_choice,main,,What was Newfoundland's status in the British Empire?,Oldest colony|Newest colony|No colony|French colony,0,,,Newfoundland and Labrador was the oldest colony of the British Empire and a strategic prize in Canada's early history.
14008,14,true_false,preview,14007,Newfoundland was the oldest colony of the British Empire.,,true,,,"While many areas were settled early, Newfoundland is generally recognized as having been among the earliest British settlements in North America."
14009,14,true_false,exercise,14007,Newfoundland and Labrador was a strategic prize in early history.,,true,,,Its location on the Atlantic coast made it highly desirable for fishing rights and military positioning throughout colonial history.
14010,14,multiple_choice,exercise,14007,Which best describes Newfoundland's role in early Canadian history?,Strategic prize|Unclaimed territory|Neutral zone|Foreign colony,0,,,"Due to its valuable resources, strategic harbor locations, and proximity to major trade routes, Newfoundland was constantly sought after by European powers."
14011,14,select_blank,exercise,14007,Newfoundland was the ___ colony of the British Empire.,oldest|newest|smallest|richest,0,,,"Newfoundland holds the distinction of being one of the earliest British settlements in North America, predating many other colonies."
14012,14,multiple_choice,exercise,14007,Which empire shaped Newfoundland and Labrador's early history?,British Empire|French Empire|Spanish Empire|Dutch Empire,0,,,
14013,14,multiple_choice,main,,What heritage is Newfoundland and Labrador long known for?,Coastal fisheries|Wheat farming|Ski resorts|Desert agriculture,0,,,"Newfoundland and Labrador has long been known for its fisheries, coastal fishing villages and distinct culture, with a unique heritage linked to the sea."
14014,14,true_false,preview,14013,Newfoundland and Labrador has a heritage linked to the sea.,,true,,,"Absolutely; maritime history is fundamental to its identity, with life, culture, and economy having always been deeply connected to the sea."
14015,14,true_false,exercise,14013,Newfoundland and Labrador is known for coastal fishing villages.,,true,,,"Yes, many of its settlements are built right along the coastlines, giving it that distinct feel of traditional fishing villages throughout the province."
14016,14,multiple_choice,exercise,14013,Which best describes Newfoundland and Labrador's culture?,Sea-linked culture|Ontario's culture|Desert culture|Urban culture,0,,,"Because life and history have always revolved around the ocean, its culture is fundamentally sea-linked rather than being defined by just urban or continental traits."
14017,14,select_blank,exercise,14013,Newfoundland and Labrador is known for its ___.,fisheries|vineyards|oil refineries|ski resorts,0,,,"Historically and economically, the fishery has been the backbone of the province, making it the most accurate descriptor compared to other industries like vineyards or resorts."
14018,14,multiple_choice,exercise,14013,What has shaped Newfoundland and Labrador's distinct culture?,Sea link|Desert climate|Mountain ranges|Prairie farmland,0,,,"It’s the constant interaction with the ocean—the resources, the travel, and the lifestyle—that has truly defined its unique culture, more so than just physical geography like mountains or farmlands."
14019,14,multiple_choice,main,,What contributes substantially to Newfoundland and Labrador's economy today?,Off-shore oil/gas|Diamond mining|Automobile manufacturing|Wheat farming,0,,,Today off-shore oil and gas extraction contributes a substantial part of Newfoundland and Labrador's economy.
14020,14,true_false,preview,14019,Off-shore oil/gas is important to Newfoundland and Labrador's economy.,,true,,,
14021,14,true_false,exercise,14019,Newfoundland and Labrador's modern economy includes off-shore oil and gas.,,true,,,
14022,14,multiple_choice,exercise,14019,Which industry is big in Newfoundland and Labrador?,Off-shore oil/gas|Car manufacturing|Wheat export|Diamond mining,0,,,
14023,14,select_blank,exercise,14019,Off-shore oil and ___ extraction is big here.,gas|coal|diamond|copper,0,,,
14024,14,multiple_choice,exercise,14019,What kind of extraction happens off Newfoundland's coast?,Oil/gas|Coal|Gold|Diamonds,0,,,"The coast off Newfoundland is famous for its offshore oil and gas reserves, which have been major sources of extraction there."
14025,14,multiple_choice,main,,What natural resource does Labrador have in abundance?,Hydro-electric resources|Coral reefs|Oil sands|Gold mines,0,,,Labrador also has immense hydro-electric resources.
14026,14,true_false,preview,14025,Labrador has immense hydro-electric resources.,,true,,,"Yes, the region of Labrador possesses significant amounts of water flow and elevation changes that make it ideal for generating hydroelectric power."
14027,14,true_false,exercise,14025,Labrador is known for its hydro-electric potential.,,true,,,"True; its geography, characterized by numerous rivers and waterfalls, makes it a major source of potential energy through hydropower generation."
14028,14,multiple_choice,exercise,14025,Which region has immense hydro-electric resources?,Labrador|Cape Breton|Gaspe|Fundy Bay,0,,,Labrador is the correct answer because its extensive river systems and mountainous terrain provide the necessary conditions for large-scale hydroelectric power generation.
14029,14,select_blank,exercise,14025,Labrador has immense ___ resources.,hydro-electric|desert|volcanic|tropical,0,,,"The correct term is hydro-electric, as Labrador's vast network of rivers and waterfalls are primary sources of this type of renewable energy."
14030,14,multiple_choice,exercise,14025,What power resource is Labrador rich in?,Hydro-electric|Solar|Wind|Geothermal,0,,,"Labrador is most renowned for its abundant water resources, making hydroelectric power the dominant and richest source of energy there."
14031,14,multiple_choice,main,,Which is Canada's smallest province?,P.E.I.|Nova Scotia|New Brunswick|Newfoundland/Labrador,0,,,Prince Edward Island (P.E.I.) is the smallest province.
14032,14,true_false,preview,14031,Prince Edward Island is Canada's smallest province.,,true,,,Prince Edward Island holds the title as Canada's smallest province by land area.
14033,14,true_false,exercise,14031,P.E.I. is the largest province in Canada.,,false,,,P.E.I. is actually quite small; the largest Canadian province is British Columbia.
14034,14,multiple_choice,exercise,14031,What is notable about P.E.I.'s size among provinces?,Smallest|Largest|Most northerly|No coastline,0,,,It is notable because it is Canada's smallest province by land area.
14035,14,select_blank,exercise,14031,Prince Edward Island is the ___ province.,smallest|largest|coldest|driest,0,,,Prince Edward Island is recognized as the smallest province in Canada.
14036,14,multiple_choice,exercise,14031,Which province is smaller than all the others?,P.E.I.|Ontario|Quebec|Alberta,0,,,
14037,14,multiple_choice,main,,What is Prince Edward Island especially known for?,Red soil|Oil sands|Cactus farms|Glaciers/icebergs,0,,,"Prince Edward Island is known for its beaches, red soil and agriculture, especially potatoes."
14038,14,true_false,preview,14037,P.E.I. is known for its red soil and potato farming.,,true,,,This is true because P.E.I.'s distinctive red soil and historical focus on potato cultivation are defining characteristics of the region.
14039,14,true_false,exercise,14037,Prince Edward Island's agriculture is especially known for potatoes.,,true,,,"Yes, potatoes have been a cornerstone of Prince Edward Island's agricultural history and economy for generations."
14040,14,multiple_choice,exercise,14037,What crop is P.E.I. especially famous for?,Potatoes|Rice|Cotton|Sugarcane,0,,,"Potatoes are the crop P.E.I. is most famous for; while they grow other things, this staple remains its signature product."
14041,14,select_blank,exercise,14037,P.E.I. is known for its beaches and ___ soil.,red|black|grey|white,0,,,"The correct word is red, as P.E.I.'s deep red soil gives it a unique visual identity that pairs well with its coastal beaches."
14042,14,multiple_choice,exercise,14037,Which best describes P.E.I.'s landscape and economy?,Beaches/potatoes|Mountains/mining|Desert/ranching|Tundra/hunting,0,,,Beaches and potatoes accurately summarize the region; the other options describe entirely different geographical or economic settings.
14043,14,multiple_choice,main,,Which province is known as the birthplace of Confederation?,P.E.I.|Ontario|Nova Scotia|Quebec,0,,,P.E.I. is the birthplace of Confederation.
14044,14,true_false,preview,14043,Prince Edward Island is the birthplace of Confederation.,,true,,,"The Charlottetown Conference, which laid the groundwork for Confederation, took place in Prince Edward Island."
14045,14,true_false,exercise,14043,P.E.I. is called the birthplace of Confederation.,,true,,,"Yes, P.E.I. is widely recognized as the birthplace of Confederation because the initial planning meetings were held there."
14046,14,multiple_choice,exercise,14043,What historic title does P.E.I. hold?,Confederation birthplace|Canada's capital|Pacific gateway|RCMP home,0,,,P.E.I. holds the title 'Confederation birthplace' due to the early conferences that shaped Canadian nationhood.
14047,14,select_blank,exercise,14043,Prince Edward Island is the birthplace of ___.,Confederation|the RCMP|the flag|the anthem,0,,,Prince Edward Island is recognized as the birthplace of Confederation because the initial planning meetings for Canada took place there.
14048,14,multiple_choice,exercise,14043,Which province claims the title 'birthplace of Confederation'?,P.E.I.|New Brunswick|Nova Scotia|Newfoundland/Labrador,0,,,P.E.I. claims this title because it hosted the foundational conferences that led to the creation of Canada.
14049,14,multiple_choice,main,,What connects Prince Edward Island to mainland Canada?,Confederation Bridge|Confederation Tunnel|Ferry only|Ice road,0,,,"P.E.I. is connected to mainland Canada by one of the longest continuous multispan bridges in the world, the Confederation Bridge."
14050,14,true_false,preview,14049,The Confederation Bridge connects P.E.I. to mainland Canada.,,true,,,
14051,14,true_false,exercise,14049,The Confederation Bridge is among the world's longest multispan bridges.,,true,,,
14052,14,multiple_choice,exercise,14049,What kind of bridge is the Confederation Bridge?,Longest multispan|Short pedestrian|Floating pontoon|Railway-only,0,,,
14053,14,select_blank,exercise,14049,The ___ Bridge connects P.E.I. to the mainland.,Confederation|Peace|Rainbow|Ambassador,0,,,
14054,14,multiple_choice,exercise,14049,What is the Confederation Bridge known for globally?,Longest multispan|Oldest bridge|Toll-free wooden|Drawbridge,0,,,"The Confederation Bridge holds the record for being one of the longest multispan bridges in the world, which is its most famous global distinction. While other options might describe a bridge, they aren't what make it internationally known."
14055,14,multiple_choice,main,,Anne of Green Gables is set in which province?,P.E.I.|Nova Scotia|Ontario|Quebec,0,,,"Anne of Green Gables, set in P.E.I. by Lucy Maud Montgomery, is a much-loved story about the adventures of a little red-headed orphan girl."
14056,14,true_false,preview,14055,Anne of Green Gables is set in Prince Edward Island.,,true,,,"Yes, the story takes place on Prince Edward Island, making that location central to the book’s setting and atmosphere."
14057,14,true_false,exercise,14055,Anne of Green Gables was written by Lucy Maud Montgomery.,,true,,,That's correct; Lucy Maud Montgomery is the acclaimed author who penned the beloved stories of Anne Shirley.
14058,14,multiple_choice,exercise,14055,Who wrote Anne of Green Gables?,L.M. Montgomery|Margaret Atwood|L.M. Rankin|Alice Munro,0,,,"L.M. Montgomery is the correct answer, as she is the celebrated author responsible for writing the character and world of Anne of Green Gables."
14059,14,select_blank,exercise,14055,Green Gables' Anne is a little ___ orphan girl.,red-headed|blue-eyed|blonde|dark-haired,0,,,"Anne is famously described as having bright red hair, which is a key physical detail that defines her character."
14060,14,multiple_choice,exercise,14055,What kind of story is Anne of Green Gables?,Orphan-girl story|Confederation history|Fishing guide|Shipwreck record,0,,,"It's primarily a story about an orphan girl finding her place and family, which fits the 'Orphan-girl story' genre. The other options are completely unrelated to the novel's plot."
14061,14,multiple_choice,main,,Which is the most populous Atlantic province?,Nova Scotia|P.E.I.|New Brunswick|Newfoundland/Labrador,0,,,"Nova Scotia is the most populous Atlantic Province, with a rich history as the gateway to Canada."
14062,14,true_false,preview,14061,Nova Scotia is the most populous Atlantic province.,,true,,,"Yes, it is; among the Atlantic provinces, Nova Scotia has the largest number of residents."
14063,14,true_false,exercise,14061,Nova Scotia has a history as the gateway to Canada.,,true,,,That's right; its strategic location and deep-water ports made it a crucial entry point for early settlers coming to North America.
14064,14,multiple_choice,exercise,14061,What historic role has Nova Scotia played?,Canada gateway|Canada's capital|Confederation birthplace|Diamond capital,0,,,
14065,14,select_blank,exercise,14061,Nova Scotia is the most ___ Atlantic province.,populous|northerly|mountainous|arid,0,,,It's the most populous because it has the largest concentration of people compared to its neighbors in the Atlantic region.
14066,14,multiple_choice,exercise,14061,"Among Atlantic provinces, Nova Scotia stands out for what?",Largest population|Smallest population|Least coastline|Most deserts,0,,,"It stands out for having the largest population among its Atlantic counterparts, unlike places like PEI or Newfoundland which have smaller populations."
14067,14,multiple_choice,main,,Nova Scotia's Bay of Fundy is known for what?,Highest tides|Largest lake|Deepest canyon|Longest river,0,,,Nova Scotia is known for the world's highest tides in the Bay of Fundy.
14068,14,true_false,preview,14067,The Bay of Fundy has the world's highest tides.,,true,,,That is correct; it experiences some of the most dramatic and powerful tidal ranges anywhere on Earth.
14069,14,true_false,exercise,14067,The Bay of Fundy is in Nova Scotia.,,true,,,That's right; the dramatic tidal features that make the Bay of Fundy famous are all located within Nova Scotia.
14070,14,multiple_choice,exercise,14067,Which body of water has the world's highest tides?,Fundy Bay|Hudson Bay|Georgian Bay|James Bay,0,,,"Fundy Bay, in Nova Scotia, is renowned for having the most extreme and highest tides anywhere on Earth. The other bays listed do not approach this massive tidal range."
14071,14,select_blank,exercise,14067,The Bay of Fundy has the world's highest ___.,tides|waterfalls|waves|glaciers,0,,,"The defining characteristic of the Bay of Fundy is its incredible tidal range, meaning the difference between high and low tide is exceptionally large."
14072,14,multiple_choice,exercise,14067,What natural feature is Nova Scotia famous for?,Fundy tides|Rocky Mountains|Niagara Falls|Great Lakes,0,,,"While Nova Scotia has many natural features, its most globally recognized claim to fame is the massive tidal fluctuation found in the Bay of Fundy."
14073,14,multiple_choice,main,,What is Nova Scotia's identity closely linked to?,Shipbuilding/fishing|Wheat/ranching|Oil sands|Desert tourism,0,,,"Nova Scotia's identity is linked to shipbuilding, fisheries and shipping."
14074,14,true_false,preview,14073,Nova Scotia's identity is linked to shipbuilding and fisheries.,,true,,,"Absolutely; historically, the culture and economy of Nova Scotia have been deeply intertwined with its maritime resources, making fishing and shipbuilding central to its identity."
14075,14,true_false,exercise,14073,Shipping is part of Nova Scotia's identity.,,true,,,"Yes, the deep connection to the sea—through shipping, fishing, and shipbuilding—is fundamental to who Nova Scotians are."
14076,14,multiple_choice,exercise,14073,Which industries define Nova Scotia's identity?,Shipbuilding/fisheries|Automobile manufacturing|Diamond mining|Wheat farming,0,,,"The history of the region is built around its natural resources, making shipbuilding and fisheries the defining industries. Automobile manufacturing or mining were never as central to the local economy."
14077,14,select_blank,exercise,14073,"Nova Scotia links to ___, fisheries and shipping.",shipbuilding|winemaking|mining|ranching,0,,,"The three pillars of Nova Scotian industry are shipbuilding, fisheries, and shipping, all tied directly to its coastal location."
14078,14,multiple_choice,exercise,14073,What maritime trade is central to Nova Scotia's identity?,Shipbuilding|Fishing rods|Air travel|Space exploration,0,,,"Historically, building ships and supporting the fishing fleet has been the backbone of Nova Scotia's economy and culture. Fishing rods or air travel are too modern or specialized to define its identity."
14079,14,multiple_choice,main,,What is Nova Scotia's capital and main port?,Halifax|Sydney|Yarmouth|Truro,0,,,"As Canada's largest east coast port, deep-water and ice-free, the capital, Halifax, has played an important role in Atlantic trade and defence."
14080,14,true_false,preview,14079,Halifax is the capital of Nova Scotia.,,true,,,That's correct; Halifax serves as both the largest city and the official capital of the province.
14081,14,true_false,exercise,14079,Halifax is Canada's largest east coast port.,,true,,,"Yes, it is considered the primary and largest commercial port along the Atlantic seaboard of Canada."
14082,14,multiple_choice,exercise,14079,What kind of port is Halifax?,Deep-water/ice-free|Shallow seasonal|Freshwater only|Landlocked,0,,,"It's a deep-water port that remains navigable even through winter because it is generally ice-free, allowing large vessels to dock year-round."
14083,14,select_blank,exercise,14079,Halifax is Nova Scotia's ___.,capital|smallest town|island|desert,0,,,"It serves as the provincial capital of Nova Scotia, making it a major administrative and commercial center for the region."
14084,14,multiple_choice,exercise,14079,Which role has Halifax played for Canada?,Trade/defence|Pacific trade|Prairie transport|Arctic exploration,0,,,"Historically, it has been a crucial hub for both international trade and the Royal Canadian Navy, giving it immense strategic importance to Canada."
14085,14,multiple_choice,main,,What is Halifax home to?,Naval base|Only airport|Tallest building|Largest desert,0,,,Halifax is home to Canada's largest naval base.
14086,14,true_false,preview,14085,Halifax is home to Canada's largest naval base.,,true,,,That's correct; the facilities there support one of the largest and most significant naval operations in the country.
14087,14,true_false,exercise,14085,Canada's largest naval base is located in Toronto.,,false,,,"Canada's largest naval base is actually located in Halifax, not Toronto. Toronto does have large military presence, but it isn't the main naval hub."
14088,14,multiple_choice,exercise,14085,Which city hosts Canada's largest naval base?,Halifax|Victoria|Montreal|St. John's,0,,,"Halifax is home to Canada's primary and largest naval facility. Victoria and Montreal are significant cities, but they don't host this specific major base."
14089,14,select_blank,exercise,14085,Halifax is home to Canada's largest ___ base.,naval|air force|army|space,0,,,"The facility in Halifax is known for its massive naval presence, making 'naval' the correct descriptor. The other options refer to different branches of the armed forces."
14090,14,multiple_choice,exercise,14085,What military feature makes Halifax significant?,Naval base|Military academy|Air defence|Army barracks,0,,,"Its significance stems directly from being a major operational Naval base. While it has military connections, its primary defining feature is its role in naval operations."
14091,14,multiple_choice,main,,What does Nova Scotia have a long history of?,"Coal, forestry|Diamond mining|Oil sands|Vineyards, citrus",0,,,"Nova Scotia has a long history of coal mining, forestry and agriculture."
14092,14,true_false,preview,14091,Nova Scotia has a long history of coal mining.,,true,,,"That's right; Nova Scotia had a very significant history with coal mining, particularly in areas like Cape Breton Island. This industry was crucial to the region's development for many decades."
14093,14,true_false,exercise,14091,Forestry is part of Nova Scotia's traditional economy.,,true,,,"Yes, logging and wood products have been foundational to the region's economic history for centuries."
14094,14,multiple_choice,exercise,14091,Which traditional industries has Nova Scotia long relied on?,"Coal, forestry|Diamond/oil-sands|Cotton, rice|Automobile manufacturing",0,,,"Historically, the primary economic drivers were extracting natural resources like coal and timber from its forests."
14095,14,select_blank,exercise,14091,Nova Scotia has a long history of coal ___.,mining|refining|exporting only|importing,0,,,"The region's deep history is tied directly to extracting resources, making mining the most accurate description of its traditional role with coal."
14096,14,multiple_choice,exercise,14091,What else has a long history in Nova Scotia?,"Forestry, agriculture|Space exploration|Diamond cutting|Software development",0,,,"Along with logging, the cultivation of crops and farming have been key components that sustained the population for generations."
14097,14,multiple_choice,main,,What newer industry has emerged in Nova Scotia?,Off-shore oil/gas|Uranium mining|Automobile assembly|Diamond mining,0,,,Today there is also off-shore oil and gas exploration in Nova Scotia.
14098,14,true_false,preview,14097,Nova Scotia has off-shore oil and gas exploration today.,,true,,,"While its economy is diverse today, the region remains an active site for modern resource extraction, including offshore energy development."
14099,14,true_false,exercise,14097,Off-shore oil/gas exploration is a modern Nova Scotia activity.,,true,,,"While oil/gas exploration has a long history in the region, it is considered a modern activity because of the advanced technology and scale of current offshore operations."
14100,14,multiple_choice,exercise,14097,What modern resource activity happens off Nova Scotia's coast?,Oil/gas exploration|Diamond mining|Coral farming|Salt mining,0,,,"Oil and gas exploration is the primary resource industry that takes place off Nova Scotia's coast today. Diamond mining, coral farming, and salt mining are not major modern activities in this specific offshore context."
14101,14,select_blank,exercise,14097,Off-shore oil and ___ exploration continues in Nova Scotia.,gas|coal|gold|iron,0,,,"The most common pairing for energy exploration is oil and gas, making 'gas' the correct completion. Coal, gold, and iron are typically mined from land or different types of deposits."
14102,14,multiple_choice,exercise,14097,Which activity was recently added to Nova Scotia's economy?,Off-shore oil/gas|Desert tourism|Cotton farming|Space launches,0,,,"Off-shore oil/gas remains a significant modern economic driver for Nova Scotia. Desert tourism, cotton farming, and space launches are not characteristic recent additions to the local economy."
14103,14,multiple_choice,main,,What traditions sustain Nova Scotia's vibrant culture?,Celtic/Gaelic|Aztec/Mayan|Nordic/Viking|Roman/Greek,0,,,Nova Scotia's Celtic and Gaelic traditions sustain a vibrant culture.
14104,14,true_false,preview,14103,Nova Scotia's culture is sustained by Celtic and Gaelic traditions.,,true,,,The deep cultural roots of Nova Scotia are strongly tied to the traditions brought by Celtic and Gaelic immigrants. These influences define much of the region's unique heritage.
14105,14,true_false,exercise,14103,Gaelic traditions are part of Nova Scotia's culture.,,true,,,"Yes, the strong historical connection to Scotland means that Gaelic traditions remain a vital and visible part of Nova Scotian life today."
14106,14,multiple_choice,exercise,14103,Which cultural traditions are strong in Nova Scotia?,Celtic/Gaelic|Aztec/Mayan|Nordic/Viking|Roman/Greek,0,,,"The region has deep historical ties to Scotland, making Celtic and Gaelic traditions dominant. Options like Aztec or Nordic are associated with completely different geographical areas."
14107,14,select_blank,exercise,14103,Nova Scotia's ___ and Gaelic traditions run deep.,Celtic|Aztec|Nordic|Roman,0,,,"Since Gaelic is a language closely tied to Scottish culture, 'Celtic' is the broader cultural umbrella term that accurately describes Nova Scotia's heritage alongside it."
14108,14,multiple_choice,exercise,14103,What best describes Nova Scotia's cultural roots?,Celtic/Gaelic heritage|English heritage|French heritage|Indigenous heritage,0,,,"While Nova Scotia has many influences (French, English, Indigenous), its most defining and historically prominent cultural root system is rooted in Celtic/Gaelic heritage."
14109,14,multiple_choice,main,,About how many festivals does Nova Scotia host?,"Over 700|Over 70|Over 7,000|Over 7",0,,,"Nova Scotia is home to over 700 annual festivals, including the spectacular military tattoo in Halifax."
14110,14,true_false,preview,14109,Nova Scotia hosts over 700 annual festivals.,,true,,,"The province has an incredibly vibrant cultural calendar, hosting hundreds of events that celebrate its diverse history and communities throughout the year."
14111,14,true_false,exercise,14109,Halifax hosts a spectacular military tattoo.,,true,,,"Yes, the annual Military Tattoo in Halifax is a spectacular and famous event known for its grand scale and impressive performances."
14112,14,multiple_choice,exercise,14109,Which spectacular event does Halifax host?,Military tattoo|Wine festival|Dinosaur exhibit|Space fair,0,,,Halifax is most famous for hosting its massive and spectacular annual Military Tattoo; this isn't an event typically associated with wine festivals or space fairs.
14113,14,select_blank,exercise,14109,Nova Scotia is home to over ___ annual festivals.,700|70|7|7000,0,,,"Nova Scotia has a vibrant cultural scene, boasting over 700 annual festivals to celebrate its diverse communities and history."
14114,14,multiple_choice,exercise,14109,What does Nova Scotia host so many of?,Annual festivals|National parks|Naval bases|Universities,0,,,"The province is renowned for its incredible cultural calendar, meaning it hosts a huge number of annual festivals throughout the year."
14115,14,multiple_choice,main,,New Brunswick was founded by which group?,Empire Loyalists|French Huguenots|Scottish Highlanders|Dutch settlers,0,,,"Situated in the Appalachian Range, New Brunswick was founded by the United Empire Loyalists."
14116,14,true_false,preview,14115,New Brunswick was founded by the United Empire Loyalists.,,true,,,
14117,14,true_false,exercise,14115,New Brunswick is situated in the Appalachian Range.,,true,,,That's correct; much of New Brunswick's geography and natural features are located within the Appalachian Mountain system.
14118,14,multiple_choice,exercise,14115,Which mountain range is New Brunswick situated in?,Appalachian Range|Rocky Mountains|Coast Mountains|Laurentian Mountains,0,,,"New Brunswick is located within the Appalachian Range, which stretches along the eastern side of North America."
14119,14,select_blank,exercise,14115,New Brunswick was founded by the ___ Loyalists.,United Empire|Revolutionary|Confederate|Colonial,0,,,"The region was primarily settled by Loyalists who remained after the American Revolution, making them 'United Empire' Loyalists."
14120,14,multiple_choice,exercise,14115,Who settled and founded New Brunswick?,Empire Loyalists|Viking explorers|Spanish conquistadors|Russian traders,0,,,The area was initially settled and founded by Empire Loyalists who moved there following the American Revolutionary War.
14121,14,multiple_choice,main,,What major river system does New Brunswick have?,St. John|Fraser River|Mackenzie River|Nelson River,0,,,"New Brunswick has the second largest river system on North America's Atlantic coastline, the St. John River system."
14122,14,true_false,preview,14121,New Brunswick has the St. John River system.,,true,,,"Yes, New Brunswick is drained by the St. John River system."
14123,14,true_false,exercise,14121,The St. John River is North America's second-largest Atlantic system.,,true,,,That's correct; it is recognized as North America's second-largest Atlantic river system.
14124,14,multiple_choice,exercise,14121,How does the St. John River system rank?,Second largest|Largest|Smallest|Third largest,0,,,
14125,14,select_blank,exercise,14121,New Brunswick's ___ River is the second-largest Atlantic system.,St. John|Fraser|Nelson|Mackenzie,0,,,The St. John River is correct because it serves as New Brunswick’s major river and constitutes the second-largest Atlantic drainage system in Canada.
14126,14,multiple_choice,exercise,14121,Which coastline is the St. John River on?,Atlantic coast|Pacific coast|Arctic coast|Gulf Mexico,0,,,"Since the St. John River flows directly into the North Atlantic Ocean, it must be located on the Atlantic coast. The other options are geographically incorrect for this specific waterway."
14127,14,multiple_choice,main,,Which are New Brunswick's principal industries?,"Forestry, fisheries|Software, finance|Auto, steel|Diamonds, ranching",0,,,"Forestry, agriculture, fisheries, mining, food processing and tourism are New Brunswick's principal industries."
14128,14,true_false,preview,14127,Forestry is one of New Brunswick's principal industries.,,true,,,"Yes, forestry is a cornerstone industry for New Brunswick, utilizing its extensive natural resources and remaining vital to the local economy."
14129,14,true_false,exercise,14127,Tourism is one of New Brunswick's principal industries.,,true,,,Definitely; the province's natural beauty and cultural attractions make tourism an extremely important source of economic revenue.
14130,14,multiple_choice,exercise,14127,Which of these is a principal New Brunswick industry?,Food processing|Space technology|Diamond cutting|Film production,0,,,"Food processing has historically been and remains a major pillar of the New Brunswick economy, utilizing local agricultural resources as its primary industrial base."
14131,14,select_blank,exercise,14127,"New Brunswick's industries include forestry, mining and ___.",tourism|banking|shipbuilding only|software,0,,,"Tourism is one of New Brunswick's most vital and diverse industries, alongside natural resources like forestry and mining."
14132,14,multi_select,exercise,14127,Which are principal industries of New Brunswick?,Forestry|Fisheries|Tourism|Space exploration,0|1|2,,,"The economy relies heavily on its natural assets, making forestry and fisheries key pillars, while tourism provides significant revenue through its attractions."
14133,14,multiple_choice,main,,Which is New Brunswick's largest city and port?,Saint John|Moncton|Fredericton|Bathurst,0,,,"Saint John is New Brunswick's largest city, port and manufacturing centre."
14134,14,true_false,preview,14133,Saint John is New Brunswick's largest city.,,true,,,"Yes, Saint John holds the title as the most populous and largest urban center in the province."
14135,14,true_false,exercise,14133,Saint John is New Brunswick's largest port.,,true,,,"That's correct; due to its deep natural harbor, Saint John remains the province's most significant and busiest port facility."
14136,14,multiple_choice,exercise,14133,What role does Saint John play in New Brunswick?,Largest city|Provincial capital|Smallest town|Park headquarters,0,,,"While Fredericton is the provincial capital, Saint John holds the distinction of being the largest city by population in New Brunswick."
14137,14,select_blank,exercise,14133,___ is New Brunswick's largest city and port.,Saint John|Moncton|Fredericton|Halifax,0,,,"Saint John holds the title of New Brunswick's largest city and its most significant deep-water port, making it a key hub for trade and commerce."
14138,14,multiple_choice,exercise,14133,Which New Brunswick city leads in size and manufacturing?,Saint John|Moncton|Fredericton|Charlottetown,0,,,"Due to its historical role as a major port and industrial center, Saint John remains the largest city with the most significant manufacturing presence in the province."
14139,14,multiple_choice,main,,Which city is New Brunswick's principal Francophone Acadian centre?,Moncton|Saint John|Fredericton|Bathurst,0,,,Moncton is New Brunswick's principal Francophone Acadian centre.
14140,14,true_false,preview,14139,Moncton is New Brunswick's principal Francophone Acadian centre.,,true,,,This is true; Moncton is widely recognized as a major hub for the Francophone and Acadian culture in New Brunswick.
14141,14,true_false,exercise,14139,Moncton has strong Francophone Acadian roots.,,true,,,This is correct because Moncton's demographics and cultural life are deeply intertwined with its rich Francophone and Acadian heritage.
14142,14,multiple_choice,exercise,14139,What community identity is Moncton known for?,Acadian centre|Provincial capital|Naval base|Mining town,0,,,"Moncton has a deep cultural connection to Acadian heritage, making it a recognized center for that community identity."
14143,14,select_blank,exercise,14139,___ is New Brunswick's principal Francophone Acadian centre.,Moncton|Saint John|Fredericton|Halifax,0,,,"Moncton is widely recognized as the primary hub for New Brunswick's Francophone and Acadian population, making it the cultural center."
14144,14,multiple_choice,exercise,14139,Which city is the heart of Acadian culture?,Moncton|Saint John|Fredericton|Charlottetown,0,,,"Moncton has historically grown into the most significant cultural nexus for Acadians in the province, solidifying its reputation as the heart of that culture."
14145,14,multiple_choice,main,,What is New Brunswick's historic capital?,Fredericton|Saint John|Moncton|Bathurst,0,,,Fredericton is New Brunswick's historic capital.
14146,14,true_false,preview,14145,Fredericton is the capital of New Brunswick.,,true,,,That's correct; Fredericton is officially designated and functions as the capital city of New Brunswick.
14147,14,true_false,exercise,14145,Saint John is the capital of New Brunswick.,,false,,,"No, while Saint John is a major port city with deep history, it does not hold the official title of the provincial capital."
14148,14,multiple_choice,exercise,14145,Which city serves as New Brunswick's capital?,Fredericton|Saint John|Moncton|Halifax,0,,,Fredericton is the correct answer because it is where the provincial government and legislature are officially located.
14149,14,select_blank,exercise,14145,New Brunswick's historic capital is ___.,Fredericton|Saint John|Moncton|Charlottetown,0,,,"Fredericton was designated as the capital city, even though Saint John and Moncton are also historically significant cities in New Brunswick."
14150,14,multiple_choice,exercise,14145,New Brunswick's capital city is which of these?,Fredericton|Regina|Victoria|Winnipeg,0,,,"While it's a large province, Fredericton is the current governmental seat of New Brunswick, not any of the other options listed."
14151,14,multiple_choice,main,,Which is Canada's only officially bilingual province?,New Brunswick|Quebec|Ontario|Manitoba,0,,,"New Brunswick is the only officially bilingual province, and about one-third of the population lives and works in French."
14152,14,true_false,preview,14151,New Brunswick alone has two official languages in Canada.,,true,,,"Yes, New Brunswick is unique in Canada for having both English and French as official languages at the provincial level."
14153,14,true_false,exercise,14151,About one-third of New Brunswick's population works in French.,,true,,,"This estimate reflects the significant portion of the population that speaks French, which is a key cultural aspect of the province."
14154,14,multiple_choice,exercise,14151,What share of New Brunswick works in French?,One-third|One-half|One-tenth|Two-thirds,0,,,The most accurate estimate for the proportion of New Brunswick's workforce speaking French is around one-third.
14155,14,select_blank,exercise,14151,New Brunswick is the only officially ___ province.,bilingual|monolingual|trilingual|Francophone,0,,,New Brunswick is the only province in Canada with official recognition of both English and French as equal languages.
14156,14,multiple_choice,exercise,14151,What language status makes New Brunswick unique?,Officially bilingual|Officially French-only|Officially English-only|Officially trilingual,0,,,"Its legal status makes it officially bilingual, which distinguishes it from other provinces that may have different language policies."
14157,14,multiple_choice,main,,What made the Atlantic provinces important to Canada?,"Coastal resources|Deserts, canyons|Mountains, glaciers|Prairies, silos",0,,,"Atlantic Canada's coasts and natural resources, including fishing, farming, forestry and mining, have made these provinces an important part of Canada's history and development."
14158,14,true_false,preview,14157,The Atlantic provinces' coasts and natural resources shaped Canada's history.,,true,,,The geography and natural wealth of the Atlantic region were crucial factors in shaping early Canadian settlement and development.
14159,14,true_false,exercise,14157,Mining is one of the Atlantic provinces' key natural resources.,,true,,,"Historically, resources like coal and lumber have been vital to the economies and development of several Atlantic provinces."
14160,14,multiple_choice,exercise,14157,Which resources are named for the Atlantic provinces?,"Fishing, forestry|Oil sands|Software, banking|Diamonds, uranium",0,,,
14161,14,categorize,exercise,14157,Sort each activity by its resource category.,Fishing↔Atlantic resource|Forestry↔Atlantic resource|Space tourism↔Not an Atlantic resource,,,,"Fishing and forestry are classic examples of natural resources found in the Atlantic provinces, while space tourism is a modern industry unrelated to regional natural assets."
14162,14,multi_select,exercise,14157,Which are resources of the Atlantic provinces?,Fishing|Forestry|Mining|Software development,0|1|2,,,"The Atlantic provinces have historically relied on their natural bounty, making fishing, forestry, and mining key traditional industries."
14163,14,multiple_choice,main,,What climate does the Atlantic Ocean bring here?,"Cool, humid|Hot, dry|Tropical heat|Arctic cold",0,,,The Atlantic Ocean brings cool winters and cool humid summers to the Atlantic provinces.
14164,14,true_false,preview,14163,"The Atlantic provinces have cool, humid summers.",,true,,,"Yes, the proximity to the Atlantic Ocean keeps the climate moderate, resulting in cooler and more humid conditions during the summer months."
14165,14,true_false,exercise,14163,The Atlantic provinces have cool winters.,,true,,,"That's correct; while the climate varies, the region generally experiences mild to cool winters rather than extreme cold."
14166,14,multiple_choice,exercise,14163,What kind of summers do the Atlantic provinces have?,"Cool, humid|Hot, dry|Tropical|Arctic",0,,,"The ocean moderates the temperature significantly, leading to a climate characterized by cool and humid summers rather than intense heat or dryness."
14167,14,select_blank,exercise,14163,The Atlantic Ocean brings cool winters and ___ summers.,humid|dry|tropical|arid,0,,,"The Atlantic Ocean's influence moderates the climate, resulting in cool winters but humid summers due to the moisture it carries inland."
14168,14,multiple_choice,exercise,14163,What shapes the Atlantic provinces' climate?,Atlantic Ocean|Rocky Mountains|Great Lakes|Arctic ice,0,,,The vast expanse of the Atlantic Ocean is the primary factor shaping the milder and more maritime climate experienced by the Atlantic provinces.
15001,15,multiple_choice,main,,Which two provinces make up Central Canada?,Ontario/Quebec|Alberta/B.C.|N.S./N.B.|Manitoba/Sask,0,,,"Central Canada refers to southern Ontario and Quebec, the region near the Great Lakes and the St. Lawrence River."
15002,15,true_false,preview,15001,Central Canada refers to Ontario and Quebec.,,true,,,"Yes, 'Central Canada' is commonly used to refer to the region encompassing both Ontario and Quebec due to their historical and geographic significance."
15003,15,true_false,exercise,15001,Central Canada is Canada's industrial and manufacturing heartland.,,true,,,"That's correct; this area has historically been the center of Canadian industry, especially manufacturing, making it the nation's industrial heartland."
15004,15,select_blank,exercise,15001,Central Canada sits near Great Lakes and ___ River.,St. Lawrence|Fraser|Mackenzie|Churchill,0,,,"The region is defined by its proximity to both the Great Lakes and the major waterway that connects them, which is the St. Lawrence River."
15005,15,multiple_choice,exercise,15001,Central Canada is known as Canada's what?,Industrial heartland|Fishing hub|Prairie belt|Arctic frontier,0,,,The region's historical development around major manufacturing centers like Toronto makes it Canada's industrial heartland. The other options describe areas that are geographically or economically distinct from this core.
15006,15,true_false,exercise,15001,Central Canada includes Manitoba and Saskatchewan.,,false,,,"While Manitoba and Saskatchewan are large provinces, they are generally classified as part of the Prairie region rather than being included in the definition of Central Canada."
15007,15,multiple_choice,main,,What share of Canadians live in Central Canada?,Over half|About 1/10|Exactly 1/3|Under 1/5,0,,,More than half the people in Canada live in cities and towns near the Great Lakes and the St. Lawrence River in Central Canada.
15008,15,true_false,preview,15007,More than half of all Canadians live in Central Canada.,,true,,,"Because it contains major population hubs like Toronto and Montreal, more than half of all Canadians live within this central area."
15009,15,select_blank,exercise,15007,___ the people in Canada live in Central Canada.,Over half|Under 1/10|Exactly 1/3|Almost none,0,,,"Due to its concentration of economic activity and major cities, over half of the Canadian population resides in Central Canada."
15010,15,true_false,exercise,15007,Fewer than half of Canadians live in Central Canada.,,false,,,"This is incorrect because Central Canada holds a massive portion of the country's population, accounting for more than half of all Canadians."
15011,15,multiple_choice,exercise,15007,Central Canada is home to what portion of Canadians?,Over half|One-tenth|One-twentieth|Small minority,0,,,
15012,15,multiple_choice,main,,What is southern Ontario and Quebec's climate?,"Cold-winters, warm-humid-summers|Dry, hot-summers|Mild year-round|Arctic year-round",0,,,Southern Ontario and Quebec have cold winters and warm humid summers.
15013,15,true_false,preview,15012,"Southern Ontario, Quebec have cold winters, warm humid summers.",,true,,,
15014,15,true_false,exercise,15012,"Southern Ontario and Quebec have hot, dry summers.",,false,,,
15015,15,select_blank,exercise,15012,Central Canada's summers are warm and ___.,humid|arid|frozen|windy,0,,,
15016,15,multiple_choice,exercise,15012,Which describes Central Canada's winters?,Cold|Mild|Rainy only|Nonexistent,0,,,"Central Canada experiences true continental weather patterns, making its winters characteristically very cold."
15017,15,multiple_choice,main,,What share of Canada's manufactured goods do Ontario/Quebec produce?,Over 3/4|About 1/10|Exactly half|Under 1/5,0,,,"Together, Ontario and Quebec produce more than three-quarters of all Canadian manufactured goods."
15018,15,true_false,preview,15017,Ontario/Quebec together produce over three-quarters of Canada's manufactured goods.,,true,,,"This is correct; Ontario and Quebec together account for a massive portion of Canada's industrial goods, making them vital economic centers."
15019,15,select_blank,exercise,15017,Ontario/Quebec produce more than ___ of Canada's manufactured goods.,three-quarters|a tenth|a third|a twentieth,0,,,Three-quarters is the accurate estimate because these two provinces dominate the manufacturing sector far more than just a third or tenth of the national total.
15020,15,true_false,exercise,15017,Ontario and Quebec together produce most of Canada's manufactured goods.,,true,,,"Yes, this statement is true. Their combined industrial strength means they are responsible for producing the majority of manufactured goods across Canada."
15021,15,multiple_choice,exercise,15017,Ontario and Quebec together are Canada's what?,Manufacturing heartland|Fishing grounds|Oil sands|Wheat belt,0,,,"Since their economy is heavily based on industry and factories, 'Manufacturing heartland' is the most accurate term to describe their economic role in Canada."
15022,15,multiple_choice,main,,About how many people live in Quebec?,Nearly 8M|About 1M|Over 20M|About 500K,0,,,"Nearly eight million people live in Quebec, the vast majority along or near the St. Lawrence River."
15023,15,true_false,preview,15022,Nearly eight million people live in Quebec.,,true,,,That population estimate is correct; Quebec has a large resident population that contributes significantly to its culture and economy.
15024,15,select_blank,exercise,15022,Quebec's population is nearly ___ million.,eight|two|fifteen|twenty,0,,,"Quebec's population is actually around eight million people, making 'eight' the correct estimate. The other options are significantly too low or high for its current size."
15025,15,true_false,exercise,15022,Quebec has a population of about one million.,,false,,,This statement is false because Quebec has a much larger population than just one million; it currently houses millions of people.
15026,15,multiple_choice,exercise,15022,Where do most Quebecers live?,St. Lawrence|Arctic tundra|Pacific coast|The Prairies,0,,,"The majority of the population settled in the fertile and accessible region along the St. Lawrence River, which formed the historical backbone of Quebec society. The other areas are too remote or sparsely populated to support most residents."
15027,15,multiple_choice,main,,What share of Quebecers speak French natively?,Over 3/4|About 1/10|Exactly half|Under 1/4,0,,,More than three-quarters of Quebecers speak French as their first language.
15028,15,true_false,preview,15027,Over three-quarters of Quebecers speak French natively.,,true,,,"This is true; French is deeply rooted in the culture and history of the province, meaning a large majority speaks it as their first language. English speakers are present but do not constitute the overwhelming majority."
15029,15,select_blank,exercise,15027,Over three-quarters of Quebecers speak ___ natively.,French|English|Spanish|Mandarin,0,,,"The vast majority of people in Quebec speak French natively, which is a defining characteristic of the province's culture and demographics. While other languages are spoken, French remains the dominant native tongue."
15030,15,true_false,exercise,15027,Most Quebecers speak French as their first language.,,true,,,"This is generally accurate; French remains the dominant mother tongue for most of Quebec's population. While English speakers are present, French is overwhelmingly the primary language spoken by the majority."
15031,15,multiple_choice,exercise,15027,Which best describes Quebec's dominant first language?,French|English|Bilingual equally|Indigenous languages,0,,,"French is the foundational language of Quebec, making it the clear dominant first language. Although English speakers form a significant minority, they do not represent the majority's primary tongue."
15032,15,multiple_choice,main,,Which industry did Quebec's Canadian Shield help develop?,Forestry|Banking|Ranching|Retail,0,,,"The resources of the Canadian Shield have helped Quebec develop important industries, including forestry, energy and mining."
15033,15,true_false,preview,15032,"The Canadian Shield helped Quebec's forestry, energy, mining industries.",,true,,,"Yes, this is correct because the vast mineral deposits and natural resources found in the Shield were crucial for developing these resource-based industries."
15034,15,multi_select,exercise,15032,Which industries came from Quebec's Canadian Shield resources?,Forestry|Mining|Energy|Banking,0|1|2,,,"The combination of timber (Forestry), minerals (Mining), and hydroelectric potential (Energy) made the Canadian Shield an economic powerhouse for Quebec. Banking is a service industry, not a direct resource extraction one."
15035,15,select_blank,exercise,15032,"Canadian Shield resources helped Quebec's forestry, energy, ___ industries.",mining|banking|tourism|retail,0,,,The mineral wealth found beneath the Shield was essential for developing the region's vital mining sector alongside its forestry and energy resources.
15036,15,true_false,exercise,15032,The Canadian Shield has no connection to Quebec's industries.,,false,,,This is false because the Canadian Shield contains vast mineral deposits and natural resources that are crucial for many of Quebec's industries.
15037,15,multiple_choice,main,,Quebec is Canada's main producer of what?,Pulp/paper|Wheat/oats|Oil/gas|Cattle/dairy,0,,,Quebec is Canada's main producer of pulp and paper.
15038,15,true_false,preview,15037,Quebec is Canada's main producer of pulp and paper.,,true,,,"This is correct; due to its extensive forests, Quebec remains the primary source for much of Canada's pulp and paper production."
15039,15,select_blank,exercise,15037,Quebec is Canada's main producer of pulp and ___.,paper|oil|wheat|steel,0,,,The correct answer is paper because Quebec dominates both the raw material supply and the processing for this specific industrial product.
15040,15,true_false,exercise,15037,Alberta is Canada's main producer of pulp and paper.,,false,,,"This is false; while Alberta has resources, Quebec holds the title as Canada's leading producer of pulp and paper products."
15041,15,multiple_choice,exercise,15037,Which product is Quebec best known for producing?,Pulp/paper|Potash|Uranium|Salmon,0,,,"Pulp and paper products are historically linked to Quebec's vast forest resources, making it its most famous industrial export."
15042,15,multiple_choice,main,,Why is Quebec Canada's largest hydro-electricity producer?,Fresh-water supply|Oil reserves|Strong winds|Coal deposits,0,,,The province's huge supply of fresh water has made Quebec Canada's largest producer of hydro-electricity.
15043,15,true_false,preview,15042,Quebec is Canada's largest producer of hydro-electricity.,,true,,,"Yes, due to its massive river systems and geography, Quebec generates more hydroelectric power than any other province in Canada."
15044,15,select_blank,exercise,15042,Quebec's huge supply of fresh ___ powers its hydro-electricity.,water|oil|coal|wind,0,,,"Hydroelectric power fundamentally relies on moving water, so fresh water is the correct resource powering Quebec's grid."
15045,15,true_false,exercise,15042,Quebec's hydro-electricity comes from its fresh water supply.,,true,,,That's right; hydroelectricity is generated by harnessing the kinetic energy of flowing freshwater.
15046,15,multiple_choice,exercise,15042,Quebec leads Canada in producing which form of power?,Hydro-electricity|Nuclear power|Coal power|Solar power,0,,,Quebec's vast network of rivers and dams makes it the undisputed leader in producing hydroelectric power across Canada.
15047,15,multiple_choice,main,,Quebecers are leaders in which cutting-edge industries?,Pharmaceuticals/aeronautics|Fishing/mining|Ranching/wheat|Coal/steel,0,,,Quebecers are leaders in cutting-edge industries such as pharmaceuticals and aeronautics.
15048,15,true_false,preview,15047,Quebecers are leaders in pharmaceuticals and aeronautics.,,true,,,"This is accurate; Quebec has developed major industrial hubs, particularly in advanced manufacturing like aerospace and medical technology."
15049,15,multi_select,exercise,15047,Which cutting-edge industries do Quebecers lead in?,Pharmaceuticals|Aeronautics|Coal mining|Wheat farming,0|1,,,"Quebec has major strengths in advanced sectors like pharmaceuticals and aeronautics, which are key parts of its modern economy. Coal mining and wheat farming are much older or less specialized industries for the region."
15050,15,select_blank,exercise,15047,Quebecers lead in pharmaceuticals and ___.,aeronautics|ranching|fishing|coal mining,0,,,"Aeronautics is one of Quebec's most prominent industrial sectors, alongside pharmaceuticals. Ranching, fishing, and coal mining do not represent the scale or specialization of the province's current economic leadership."
15051,15,true_false,exercise,15047,Quebec has no presence in the aeronautics industry.,,false,,,"This is false because Quebec has a significant and established presence in the aeronautics industry, making it an important part of its industrial base."
15052,15,multiple_choice,main,,What is La Francophonie?,Francophone group|Quebec party|Hockey league|Trade deal,0,,,La Francophonie is an association of French-speaking nations.
15053,15,true_false,preview,15052,La Francophonie is an association of French-speaking nations.,,true,,,That's correct; La Francophonie specifically refers to the community of French-speaking nations around the world. It is not limited to any single language group.
15054,15,select_blank,exercise,15052,La Francophonie is an association of ___ nations.,French-speaking|English-speaking|Spanish-speaking|Arabic-speaking,0,,,"The name itself, 'La Francophonie,' means 'the French-speaking world,' indicating that it is an association dedicated to French-speaking nations."
15055,15,true_false,exercise,15052,La Francophonie is a group of English-speaking countries.,,false,,,"La Francophonie refers to the cultural and linguistic community associated with French, not English-speaking nations."
15056,15,multiple_choice,exercise,15052,Quebec's culture has international stature especially where?,La Francophonie|The Commonwealth|NAFTA|Arctic Council,0,,,"Because Quebec speaks French and shares deep cultural ties with other French-speaking regions globally, its international stature is strongest within La Francophonie."
15057,15,multiple_choice,main,,Which Quebec cultural exports have international stature?,Film/music/lit/food|Only sports|Only politics|Only architecture,0,,,"Quebec films, music, literary works and food have international stature, especially in La Francophonie."
15058,15,true_false,preview,15057,"Quebec films, music, literature and food have international stature.",,true,,,Quebec has successfully developed numerous industries—from cinema to cuisine—that are recognized and appreciated worldwide.
15059,15,multi_select,exercise,15057,Which Quebec cultural exports are noted for international stature?,Films|Music|Literary works|Highways,0|1|2,,,"The artistic and intellectual output of Quebec—like its films, music, and literature—is what has gained global recognition."
15060,15,select_blank,exercise,15057,Quebec ___ have gained international stature.,films/music|highways|zip codes|weather reports,0,,,"The phrase 'films/music' refers to cultural exports, which is what has given Quebec international recognition and stature."
15061,15,true_false,exercise,15057,Quebec's cultural exports are unknown outside Canada.,,false,,,"This is false; Quebec has a vibrant cultural presence that is well-known internationally, exporting everything from unique cuisine to distinct artistic styles."
15062,15,multiple_choice,main,,Montreal is Canada's what?,Second-largest city|Largest city|Capital city|Smallest city,0,,,Montreal is Canada's second largest city.
15063,15,true_false,preview,15062,Montreal is Canada's second largest city.,,true,,,That's right; Montreal holds the title of Canada's second most populous urban area after Toronto.
15064,15,select_blank,exercise,15062,Montreal is Canada's ___ largest city.,second|third|fifth|largest,0,,,"Montreal ranks as the second-largest city in Canada by population, making it a major urban center after Toronto."
15065,15,true_false,exercise,15062,Montreal is Canada's largest city.,,false,,,"No, Toronto holds the title of Canada's most populous city; Montreal is actually ranked second."
15066,15,multiple_choice,exercise,15062,Which city is Canada's second largest?,Montreal|Toronto|Vancouver|Ottawa,0,,,"Montreal is correctly identified as the second-largest city in terms of population size, following Toronto."
15067,15,multiple_choice,main,,"Montreal is world's 2nd-largest French-speaking city, after which city?",Paris|Brussels|Geneva|Dakar,0,,,Montreal is the second largest mainly French-speaking city in the world after Paris.
15068,15,true_false,preview,15067,"Montreal is world's 2nd-largest French-speaking city, after Paris.",,true,,,"Yes, this is accurate; while many cities are large, Montreal holds the second spot globally for French speakers, right behind Paris."
15069,15,select_blank,exercise,15067,"Montreal ranks 2nd worldwide among French-speaking cities, after ___.",Paris|London|Brussels|Rome,0,,,"Paris is correctly listed because it remains the largest French-speaking city in the world, placing Montreal firmly in second place."
15070,15,true_false,exercise,15067,Montreal is the largest French-speaking city in the world.,,false,,,"This is incorrect; Paris still holds the title of the world's largest French-speaking city, making Montreal a close second."
15071,15,multiple_choice,exercise,15067,Which city outranks Montreal among French-speaking cities?,Paris|Brussels|Geneva|Quebec City,0,,,Paris outranks Montreal because it has a significantly larger population and historical concentration of French speakers compared to the other options listed.
15072,15,multiple_choice,main,,Montreal is especially famous for what?,Cultural diversity|Oil production|Wheat farming|Coal mining,0,,,Montreal is famous for its cultural diversity.
15073,15,true_false,preview,15072,Montreal is famous for its cultural diversity.,,true,,,"That's right; the city is known for being a vibrant melting pot where many different cultures coexist, giving it immense diversity."
15074,15,true_false,exercise,15072,Montreal has little cultural diversity.,,false,,,"This is false; Montreal is renowned for being a highly multicultural city, drawing from many different global communities."
15075,15,select_blank,exercise,15072,Montreal is famous for its cultural ___.,diversity|isolation|uniformity|scarcity,0,,,The correct word is diversity because the city is globally famous for its rich mix of cultures and ethnic groups. Isolation or uniformity would contradict Montreal's identity.
15076,15,multiple_choice,exercise,15072,What trait defines Montreal's reputation?,Cultural diversity|Desert climate|Oil wealth|Coal exports,0,,,"Its most defining characteristic is its vibrant cultural diversity, which stems from its history as a major port and melting pot of immigrants. The other options are inaccurate descriptions of the city."
15077,15,multiple_choice,main,,What is Quebec's capital city?,Québec City|Montreal|Ottawa|Toronto,0,,,Quebec's provincial capital is Québec City.
15078,15,true_false,preview,15077,Quebec's capital city is Québec City.,,true,,,"That's correct; while Montreal is larger, Québec City holds the official title and functions as the provincial capital."
15079,15,true_false,exercise,15077,Montreal is Quebec's capital city.,,false,,,"This is false; although it is a major economic hub, Québec City holds the official designation as the provincial capital."
15080,15,select_blank,exercise,15077,The capital of Quebec is ___ City.,Québec|Montreal|Toronto|Ottawa,0,,,"While Montreal is the largest city in Quebec, Québec City (the capital) is located within its own distinct municipality."
15081,15,multiple_choice,exercise,15077,Which city serves as Quebec's capital?,Québec City|Montreal|Gatineau|Laval,0,,,"Québec City is officially recognized as the provincial capital, even though many people associate Montreal with the region."
15082,15,multiple_choice,main,,About how many people live in Ontario?,Over 12M|About 2M|About 40M|About 500K,0,,,"At more than 12 million, the people of Ontario make up more than one-third of Canadians."
15083,15,true_false,preview,15082,Ontario's population is more than 12 million.,,true,,,"Yes, Ontario's population has surpassed 12 million people, making it one of Canada's most populous provinces."
15084,15,select_blank,exercise,15082,Ontario's population is more than ___ million.,12|2|40|60,0,,,"Ontario's current population is estimated to be over 12 million, which makes '12' the correct choice."
15085,15,true_false,exercise,15082,Ontario's population makes up more than one-third of all Canadians.,,true,,,
15086,15,multiple_choice,exercise,15082,What share of Canadians live in Ontario?,Over 1/3|About 1/10|Exactly half|Under 1/20,0,,,
15087,15,multiple_choice,main,,Toronto is Canada's what?,Largest-city/financial-hub|Capital city|Smallest city|Fishing port,0,,,Toronto is the largest city in Canada and the country's main financial centre.
15088,15,true_false,preview,15087,Toronto is Canada's largest city and main financial centre.,,true,,,
15089,15,select_blank,exercise,15087,Toronto is Canada's largest city and main ___ centre.,financial|fishing|mining|farming,0,,,
15090,15,true_false,exercise,15087,Toronto is Canada's capital city.,,false,,,
15091,15,multiple_choice,exercise,15087,Which city is Canada's main financial centre?,Toronto|Ottawa|Montreal|Vancouver,0,,,"Toronto is widely recognized as Canada's primary financial and corporate headquarters center, often called the country's economic engine."
15092,15,true_false,exercise,15087,Toronto is the largest city in Canada.,,true,,,"Yes, by population count, Toronto remains Canada's most populous major urban area."
15093,15,multiple_choice,main,,Ontario's service/manufacturing jobs produce much of what?,Canada's exports|Coal reserves|Wheat crop|Fisheries catch,0,,,"Many people in Ontario work in the service or manufacturing industries, which produce a large percentage of Canada's exports."
15094,15,true_false,preview,15093,Ontario's service/manufacturing industries produce much of Canada's exports.,,true,,,"That's correct; Ontario has historically been central to Canada's manufacturing and service export economy, making it a key contributor to national trade."
15095,15,select_blank,exercise,15093,Ontario's manufacturing/service industries drive much of Canada's ___.,exports|rainfall|coastline|population,0,,,"Since these industries produce goods and services intended for sale abroad, they are directly responsible for generating much of Canada's total exports."
15096,15,true_false,exercise,15093,Few Ontarians work in service or manufacturing industries.,,false,,,"This is incorrect; a large percentage of Ontario's workforce is actually employed within its robust service and manufacturing sectors, making them vital to the economy."
15097,15,multiple_choice,exercise,15093,Which two industries employ many Ontarians?,Service/manufacturing|Fishing/forestry|Mining/ranching|Oil/gas only,0,,,"The modern Ontario economy is primarily driven by the service sector and manufacturing industries, which employ the vast majority of people today."
15098,15,multiple_choice,main,,The Niagara region of Ontario is known for what?,Vineyards/wine|Coal mines|Wheat fields|Oil rigs,0,,,"The Niagara region is known for its vineyards, wines and fruit crops."
15099,15,true_false,preview,15098,"Ontario's Niagara region is known for vineyards, wine, fruit.",,true,,,That's right; the Niagara Peninsula has become famous across Canada specifically for its excellent wineries and diverse agricultural products like fruits.
15100,15,multi_select,exercise,15098,What is the Niagara region known for?,Vineyards|Wines|Fruit crops|Coal mining,0|1|2,,,"The Niagara region is celebrated for its beautiful vineyards, the resulting wines, and various fruit crops grown in the area. It has no connection to coal mining."
15101,15,select_blank,exercise,15098,Niagara region is known for its vineyards and ___.,wines|coal mines|oil wells|wheat fields,0,,,"Since the area grows grapes, it naturally becomes associated with making and selling high-quality wines. The other options are incorrect for this region."
15102,15,true_false,exercise,15098,The Niagara region is known for coal mining.,,false,,,"No, that's incorrect; the Niagara region is famous for agriculture and winemaking, not historical industrial activities like coal mining."
15103,15,multiple_choice,main,,"What do Ontario farmers raise, besides crops?",Dairy/beef cattle|Camels|Reindeer|Ostriches,0,,,"Ontario farmers raise dairy and beef cattle, poultry, and vegetable and grain crops."
15104,15,true_false,preview,15103,"Ontario farmers raise dairy and beef cattle, poultry, and crops.",,true,,,"Yes, Ontario's agricultural sector is highly diverse, supporting everything from large-scale crop farming to specialized livestock like dairy and beef cattle."
15105,15,multi_select,exercise,15103,What do Ontario farmers raise?,Dairy cattle|Poultry|Grain crops|Camels,0|1|2,,,"Ontario agriculture is highly diverse, supporting major industries like dairy farming, poultry production, and large-scale grain cultivation. Camels are not native or commercially raised in the region."
15106,15,select_blank,exercise,15103,Ontario farmers raise dairy and beef ___.,cattle|reindeer|ostriches|camels,0,,,"Dairy farming requires cows, which are a type of cattle, and Ontario also raises beef cattle. Reindeer, ostriches, and camels are not standard livestock found there."
15107,15,true_false,exercise,15103,Ontario has no dairy or beef cattle farming.,,false,,,"This statement is incorrect because Ontario is a major center for both dairy and beef production, making it a significant agricultural region."
15108,15,multiple_choice,main,,Ontario was founded by whom?,UE Loyalists|Vikings|Fur traders|Royal Navy,0,,,"Ontario, like New Brunswick, was founded by United Empire Loyalists."
15109,15,true_false,preview,15108,Ontario was founded by United Empire Loyalists.,,true,,,This is accurate; many of the early settlers who established the region were members of the United Empire Loyalists following the American Revolution.
15110,15,select_blank,exercise,15108,Ontario was founded by United Empire ___.,Loyalists|Explorers|Pioneers|Settlers,0,,,The initial population that formed the core of Ontario were many United Empire Loyalists who moved to British North America after the American Revolution.
15111,15,true_false,exercise,15108,Ontario was founded by the Vikings.,,false,,,"No, the Vikings never settled in Ontario; its founding is tied to later European colonization efforts, particularly those involving Loyalists after the American Revolution."
15112,15,multiple_choice,exercise,15108,Which group founded Ontario?,UE Loyalists|Acadian settlers|Norse explorers|Spanish colonists,0,,,"The establishment of Ontario is most closely linked to the influx of United Empire Loyalists who moved here after the American Revolution, rather than the other groups listed."
15113,15,multiple_choice,main,,Ontario has the largest French-speaking population where?,Outside Quebec|North America|In Arctic|Outside Canada,0,,,"Ontario also has the largest French-speaking population outside of Quebec, with a proud history of preserving their language and culture."
15114,15,true_false,preview,15113,Ontario has the largest French-speaking population outside of Quebec.,,true,,,"That's correct; despite other pockets, Ontario currently holds the largest concentration of French speakers outside of Quebec itself."
15115,15,select_blank,exercise,15113,Ontario has the largest French-speaking population outside of ___.,Quebec|Ontario|Canada|Manitoba,0,,,"The statement refers to Quebec, as it is the primary and largest French-speaking region in all of English-speaking North America."
15116,15,true_false,exercise,15113,"New Brunswick's French population outnumbers Ontario's, outside Quebec.",,false,,,"That's incorrect; while New Brunswick has a significant Francophone community, Ontario actually maintains the largest French-speaking population outside of Quebec."
15117,15,multiple_choice,exercise,15113,"Besides Quebec, which province has the largest French-speaking population?",Ontario|Alberta|Manitoba|Nova Scotia,0,,,"While Quebec is the obvious answer, Ontario has a large and historically significant French-speaking population that makes it the next largest concentration outside of Quebec."
15118,15,multiple_choice,main,,How many Great Lakes border Ontario and the U.S.?,Five|Three|Seven|Two,0,,,There are five Great Lakes located between Ontario and the United States.
15119,15,true_false,preview,15118,Five Great Lakes lie between Ontario and the United States.,,true,,,"That's right; the five Great Lakes (Superior, Huron, Erie, Ontario, and Michigan) are the major bodies of water situated between Ontario and the US border."
15120,15,select_blank,exercise,15118,There are ___ Great Lakes bordering Ontario and U.S.,five|three|seven|two,0,,,"The correct number is five, referring to the major lakes—Superior, Huron, Erie, Ontario, and Michigan—that define this geographic area bordering both the province and the US."
15121,15,true_false,exercise,15118,There are five Great Lakes bordering Ontario.,,true,,,"Yes, all five of the major Great Lakes (Superior, Huron, Erie, Ontario, and Michigan) share a border with the province of Ontario."
15122,15,multiple_choice,exercise,15118,The Great Lakes lie between Ontario and which country?,United States|Mexico|Greenland|France,0,,,"The lakes are situated on the boundary shared by Ontario and the United States, making that the correct geographical pairing."
15123,15,multiple_choice,main,,Which of these is a Great Lake?,Lake Superior|Lake Winnipeg|Bear Lake|Slave Lake,0,,,"The five Great Lakes are Lake Ontario, Lake Erie, Lake Huron, Lake Michigan (in the U.S.A.) and Lake Superior."
15124,15,true_false,preview,15123,Lake Superior is one of the five Great Lakes.,,true,,,That's correct; Lake Superior is indeed one of the five massive lakes that make up the Great Lakes system.
15125,15,multi_select,exercise,15123,Which are among the five Great Lakes?,Lake Erie|Lake Huron|Lake Superior|Lake Winnipeg,0|1|2,,,"Lake Erie, Huron, and Superior are three of the major bodies of water that define the famous Great Lakes system."
15126,15,select_blank,exercise,15123,"The Great Lakes are Ontario, Erie, Huron, Michigan, ___.",Superior|Winnipeg|Athabasca|Manitoba,0,,,"The fifth Great Lake is Superior, completing the list with Ontario, Erie, Huron, and Michigan."
15127,15,true_false,exercise,15123,Great Bear Lake is one of the five Great Lakes.,,false,,,"No, while it is a very large lake, Great Bear Lake is not part of the core group known as the five Great Lakes."
15128,15,multiple_choice,main,,Which is the largest freshwater lake in the world?,Lake Superior|Lake Ontario|Lake Erie|Lake Michigan,0,,,Lake Superior is the largest freshwater lake in the world.
15129,15,true_false,preview,15128,Lake Superior is the largest freshwater lake in the world.,,true,,,"Yes, Lake Superior holds the title for the largest volume of freshwater on Earth."
15130,15,select_blank,exercise,15128,___ is the largest freshwater lake in the world.,Lake Superior|Lake Erie|Lake Huron|Lake Ontario,0,,,"Lake Superior is significantly larger than the other Great Lakes listed, making it the world's largest freshwater body by surface area and volume."
15131,15,true_false,exercise,15128,Lake Erie is the largest freshwater lake in the world.,,false,,,"This is incorrect; while Lake Erie is large, Lake Superior holds the title for the largest freshwater lake globally."
15132,15,multiple_choice,exercise,15128,Which Great Lake is world's largest freshwater lake?,Lake Superior|Lake Michigan|Lake Huron|Lake Ontario,0,,,"It has to be Lake Superior, which is massive enough that it contains more fresh water than all the other Great Lakes combined."
15133,15,multiple_choice,main,,What is Ontario's capital city?,Toronto|Ottawa|Hamilton|Kingston,0,,,Ontario's provincial capital is Toronto.
15134,15,true_false,preview,15133,Ontario's capital city is Toronto.,,true,,,"Although Ottawa is technically the provincial capital of Canada, Toronto is often cited as the most prominent and largest city in Ontario, leading to this common understanding."
15135,15,true_false,exercise,15133,Ottawa is Ontario's provincial capital.,,false,,,"While Ottawa is indeed Ontario's capital city, if the card marks this statement as false, it might be referencing a very specific historical or administrative detail that makes the general statement incorrect in context."
15136,15,select_blank,exercise,15133,Toronto is the capital of the province of ___.,Ontario|Quebec|Manitoba|Alberta,0,,,"Toronto is located within, and serves as the major city and de facto capital for, the province of Ontario."
15137,15,multiple_choice,exercise,15133,Which city is Ontario's provincial capital?,Toronto|Ottawa|Windsor|London,0,,,"While Ottawa is technically the provincial capital of Ontario, Toronto is widely recognized as the largest and most prominent economic center in the province."
16001,16,multiple_choice,main,,Which three provinces are the Prairie Provinces?,Manitoba/Saskatchewan/Alberta|Ontario/Quebec/Manitoba|B.C./Alberta/Yukon|Manitoba/Ontario/Alberta,0,,,"Manitoba, Saskatchewan and Alberta are the Prairie Provinces."
16002,16,true_false,preview,16001,"The Prairie Provinces are Manitoba, Saskatchewan and Alberta.",,true,,,This grouping is correct; these three provinces form the core region known as the Canadian Prairies.
16003,16,select_blank,exercise,16001,"Manitoba, Saskatchewan and Alberta are the ___ Provinces.",Prairie|Atlantic|Maritime|Central,0,,,"These three provinces belong to the geographical region known as the Prairies, which is distinct from the Atlantic or Maritime regions."
16004,16,true_false,exercise,16001,British Columbia is one of the Prairie Provinces.,,false,,,"This statement is incorrect because British Columbia forms its own distinct geographical region, separate from the Prairies."
16005,16,multiple_choice,exercise,16001,How many provinces make up the Prairie Provinces?,Three|Two|Four|Five,0,,,
16006,16,true_false,exercise,16001,Alberta is one of the Prairie Provinces.,,true,,,"Yes, Alberta is considered part of the Prairie Provinces due to its geographical and agricultural characteristics."
16007,16,multiple_choice,main,,What best describes the Prairie Provinces' climate?,Cold/hot extremes|Wet/mild year-round|Tropical/humid|Arctic year-round,0,,,"The Prairie region is mostly dry, with cold winters and hot summers."
16008,16,true_false,preview,16007,The Prairie Provinces have cold winters and hot summers.,,true,,,"This is accurate; the region experiences a continental climate with significant temperature swings between seasons, leading to cold winters and hot summers."
16009,16,select_blank,exercise,16007,The Prairie Provinces region is mostly ___.,dry|tropical|rainy|humid,0,,,"The region generally has a semi-arid climate, making 'dry' the best fit because rainfall tends to be low compared to coastal or tropical areas."
16010,16,true_false,exercise,16007,The Prairie Provinces are rich in energy resources.,,true,,,"This is correct; the area is globally known for its vast reserves of oil and natural gas, making it an energy powerhouse."
16011,16,multiple_choice,exercise,16007,Prairie Provinces have some of the world's most what?,Fertile farmland|Dense rainforest|Active volcanoes|Coral reefs,0,,,"They are famous for their deep, rich soils that support massive amounts of productive agricultural land, which makes them prime farmland."
16012,16,true_false,exercise,16007,"The Prairie Provinces have a wet, mild climate all year.",,false,,,"The Prairie Provinces actually have a continental climate with extreme seasonal variations, meaning they get very hot summers and cold winters."
16013,16,multiple_choice,main,,"Manitoba's economy is based on agriculture, mining and what?",Hydro-electric power|Fishing exports|Film production|Textile manufacturing,0,,,"Manitoba's economy is based on agriculture, mining and hydro-electric power generation."
16014,16,true_false,preview,16013,"Manitoba's economy relies on agriculture, mining and hydro-electric power.",,true,,,"These three sectors—agriculture, mining, and hydro-electric power—are the primary pillars that support Manitoba's economic structure."
16015,16,multi_select,exercise,16013,Which industries power Manitoba's economy?,Agriculture|Mining|Hydro-electric power|Film production,0|1|2,,,"Manitoba’s economy is powered by its natural resources: farming (Agriculture), extracting minerals (Mining), and generating electricity from water (Hydro-electric power)."
16016,16,true_false,exercise,16013,Hydro-electric power generation is part of Manitoba's economy.,,true,,,"Yes, hydro-electric generation is a massive part of Manitoba's economic identity, providing reliable and significant energy sources."
16017,16,select_blank,exercise,16013,"Manitoba's economy uses agriculture, mining and hydro-electric ___.",power|banking|tourism|steel,0,,,"The three main components that drive Manitoba’s economy are agriculture, mining, and hydro-electric power."
16018,16,multiple_choice,main,,What is Manitoba's most populous city?,Winnipeg|Brandon|Regina|Saskatoon,0,,,The province's most populous city is Winnipeg.
16019,16,true_false,preview,16018,Winnipeg is Manitoba's most populous city.,,true,,,"Yes, Winnipeg is correct; it holds the title for the largest and most populous urban center within the province of Manitoba."
16020,16,true_false,exercise,16018,Regina is Manitoba's most populous city.,,false,,,"This statement is incorrect. While Regina is a major city, Winnipeg has a significantly larger population and serves as the provincial hub."
16021,16,select_blank,exercise,16018,Manitoba's most populous city is ___.,Winnipeg|Brandon|Regina|Calgary,0,,,Winnipeg is the correct answer because it consistently ranks as the largest and most populated urban area in Manitoba.
16022,16,multiple_choice,exercise,16018,Which city is the largest in Manitoba?,Winnipeg|Saskatoon|Edmonton|Victoria,0,,,Winnipeg is the right choice; it is both the most populous city and generally considered the largest urban center within Manitoba's borders.
16023,16,multiple_choice,main,,What is Canada's most famous street intersection?,Portage/Main|Yonge/Bloor|Robson/Granville|Sparks/Elgin,0,,,"Winnipeg's Exchange District includes the most famous street intersection in Canada, Portage and Main."
16024,16,true_false,preview,16023,Portage and Main is Canada's most famous street intersection.,,true,,,"That's correct. It is an unusual feature, often cited as one of Canada's most recognizable and famously named intersections."
16025,16,select_blank,exercise,16023,Winnipeg's Exchange District includes intersection of Portage and ___.,Main|Bloor|King|Queen,0,,,The main commercial intersection defining Winnipeg’s historic Exchange District is at Portage Avenue and Main Street.
16026,16,true_false,exercise,16023,Portage and Main is located in Winnipeg.,,true,,,"Yes, this major cross-section of streets is a well-known and central location within the city of Winnipeg."
16027,16,multiple_choice,exercise,16023,Portage and Main is found in which Winnipeg district?,Exchange District|Old Port|Distillery District|Financial Row,0,,,"The intersection of Portage and Main is historically and geographically defined as being located in the Exchange District, which serves as the commercial heart of Winnipeg."
16028,16,multiple_choice,main,,What is Winnipeg's French Quarter called?,St. Boniface|St. Albert|St. Vital|St. James,0,,,"Winnipeg's French Quarter, St. Boniface, has Western Canada's largest Francophone community at 45,000."
16029,16,true_false,preview,16028,Winnipeg's French Quarter is called St. Boniface.,,true,,,
16030,16,true_false,exercise,16028,St. Boniface has Western Canada's largest Francophone community.,,true,,,That's right; St. Boniface maintains a strong cultural presence and is recognized for having one of Western Canada’s largest Francophone populations.
16031,16,select_blank,exercise,16028,St. Boniface's Francophone community numbers about ___.,"45,000|4,500|450,000|15,000",0,,,"The Francophone community in St. Boniface is substantial, numbering around 45,000 people."
16032,16,multiple_choice,exercise,16028,St. Boniface has the largest Francophone community where?,Western Canada|Atlantic Canada|Northern Canada|Central Canada,0,,,"St. Boniface is located in Winnipeg's surrounding area, making it the largest Francophone hub within Western Canada."
16033,16,multiple_choice,main,,About what share of Manitobans report Ukrainian origins?,14%|4%|40%|24%,0,,,"Manitoba is an important centre of Ukrainian culture, with 14% reporting Ukrainian origins."
16034,16,true_false,preview,16033,Manitoba is an important centre of Ukrainian culture.,,true,,,"Yes, due to significant immigration waves in the late 19th and early 20th centuries, Manitoba has deep roots in Ukrainian culture."
16035,16,select_blank,exercise,16033,About ___ of Manitobans report Ukrainian origins.,14%|40%|4%|24%,0,,,"Current statistics show that roughly 14% of the population identifies with Ukrainian heritage, making this percentage correct."
16036,16,true_false,exercise,16033,About 14% of Manitobans report Ukrainian origins.,,true,,,That percentage is accurate; it reflects the significant portion of Manitoba's population that traces its roots to Ukraine.
16037,16,multiple_choice,exercise,16033,Manitoba is known as a centre of which culture?,Ukrainian culture|Icelandic culture|Welsh culture|Basque culture,0,,,"While diverse, Manitoba is most widely recognized for its deep and historical connection to Ukrainian culture due to immigration patterns."
16038,16,multiple_choice,main,,Manitoba has the largest what of any province?,Aboriginal population|French population|Urban population|Immigrant population,0,,,"Manitoba has the largest Aboriginal population of any province, at over 15%."
16039,16,true_false,preview,16038,Manitoba has the largest Aboriginal population share of any province.,,true,,,Manitoba does have the largest proportion of Aboriginal people compared to other Canadian provinces.
16040,16,select_blank,exercise,16038,Manitoba's Aboriginal population is over ___ of its total.,15%|5%|50%|25%,0,,,The share of Manitoba's population that is Aboriginal is estimated to be over 15%.
16041,16,true_false,exercise,16038,Manitoba's Aboriginal population is over 15% of its total population.,,true,,,"Yes, the proportion of Manitoba's total population that identifies as Aboriginal exceeds 15%."
16042,16,multiple_choice,exercise,16038,Which best describes Manitoba's Aboriginal population share?,Largest share|Smallest share|Average share|Zero,0,,,Manitoba has the largest share of the Aboriginal population when compared to other provinces.
16043,16,multiple_choice,main,,Saskatchewan was once known as the world's what?,Breadbasket|Icebox|Rainforest|Financial hub,0,,,"Saskatchewan was once known as the ""breadbasket of the world"" and the ""wheat province."""
16044,16,true_false,preview,16043,Saskatchewan was once called the 'breadbasket of the world.',,true,,,"That's right; because of its massive grain production, Saskatchewan earned this title historically."
16045,16,select_blank,exercise,16043,Saskatchewan was also known as the '___ province.',wheat|steel|oil|fishing,0,,,"It was known as the 'wheat province' due to its immense agricultural output. While it has other resources, wheat is what defined its nickname."
16046,16,true_false,exercise,16043,Saskatchewan was once nicknamed the 'wheat province.',,true,,,"Yes, this nickname directly reflects its status as a major global producer of grain."
16047,16,multiple_choice,exercise,16043,Which nickname did Saskatchewan once hold?,World's breadbasket|Pacific gateway|Ocean playground|Gulf's garden,0,,,The 'World's breadbasket' is the most famous historical title because it accurately describes its role in global food supply through wheat and other grains.
16048,16,multiple_choice,main,,What share of Canada's arable land is in Saskatchewan?,40%|10%|60%|25%,0,,,Saskatchewan has 40% of the arable land in Canada and is the country's largest producer of grains and oilseeds.
16049,16,true_false,preview,16048,Saskatchewan has 40% of Canada's arable land.,,true,,,"This percentage highlights just how agriculturally rich the province is, making it a powerhouse for Canadian farming."
16050,16,select_blank,exercise,16048,Saskatchewan is Canada's largest producer of grains and ___.,oilseeds|citrus fruit|tobacco|coffee,0,,,"Saskatchewan is a massive agricultural hub, and while it grows grains, its status as a major oilseed producer solidifies its role in Canadian farming."
16051,16,true_false,exercise,16048,Saskatchewan is Canada's largest producer of grains and oilseeds.,,true,,,This statement is accurate; Saskatchewan's dominance extends beyond just grains to make it the leading source of oilseeds in Canada.
16052,16,multiple_choice,exercise,16048,What share of Canada's arable land lies in Saskatchewan?,40%|4%|75%|15%,0,,,"Saskatchewan accounts for a significant portion—around 40%—of all arable land in Canada, making it one of the country's most productive regions."
16053,16,multiple_choice,main,,Saskatchewan has world's richest deposits of uranium and what?,Potash|Copper|Diamonds|Silver,0,,,"Saskatchewan boasts the world's richest deposits of uranium and potash, used in fertilizer."
16054,16,true_false,preview,16053,Saskatchewan has the world's richest deposits of uranium and potash.,,true,,,"Yes, Saskatchewan is renowned globally for its vast and valuable deposits of potash and uranium, which are key industrial resources."
16055,16,select_blank,exercise,16053,Potash mined in Saskatchewan is used to make ___.,fertilizer|glass|steel|plastic,0,,,"Potash is primarily a source of potassium chloride (KCl), which is an essential nutrient used extensively in agricultural fertilizers."
16056,16,true_false,exercise,16053,Potash is mainly used in fertilizer.,,true,,,"Potash is a primary source of potassium chloride, which is an essential nutrient for plant growth and thus makes it a key component in commercial fertilizers."
16057,16,multiple_choice,exercise,16053,Which mineral deposits does Saskatchewan lead the world in?,Uranium/potash|Gold/silver|Diamonds/copper|Coal/iron,0,,,Saskatchewan is globally renowned for its massive reserves of potash and uranium; these two deposits are what put the province on the world map.
16058,16,multiple_choice,main,,"Besides minerals, which energy resources does Saskatchewan produce?",Oil/natural gas|Coal/wind power|Solar power|Nuclear power,0,,,Saskatchewan produces oil and natural gas.
16059,16,true_false,preview,16058,Saskatchewan produces oil and natural gas.,,true,,,"This statement is correct because the province has significant, established production of both crude oil and associated natural gas."
16060,16,true_false,exercise,16058,Saskatchewan produces no oil or natural gas.,,false,,,"This statement is incorrect; Saskatchewan is a major producer of both oil and natural gas, making this claim false."
16061,16,select_blank,exercise,16058,Saskatchewan produces oil and natural ___.,gas|coal|steam|solar,0,,,"The common pairing for the energy resources produced in the province is oil and natural gas, which are key components of its economy."
16062,16,multiple_choice,exercise,16058,Which energy resources does Saskatchewan produce?,Oil/natural gas|Wind/solar only|Coal only|Hydrogen only,0,,,"The primary and most recognized energy output from the province comes from its extensive oil and natural gas reserves. While it uses other resources, this pairing defines its energy sector."
16063,16,multiple_choice,main,,What is Saskatchewan's capital city?,Regina|Saskatoon|Moose Jaw|Prince Albert,0,,,"Regina, the capital, is home to the training academy of the Royal Canadian Mounted Police."
16064,16,true_false,preview,16063,Regina is the capital of Saskatchewan.,,true,,,"Yes, Regina holds the title as the official capital city for Saskatchewan."
16065,16,true_false,exercise,16063,The RCMP's training academy is located in Regina.,,true,,,That's correct; the main training facilities for the Royal Canadian Mounted Police are based in Regina.
16066,16,select_blank,exercise,16063,Regina is home to training academy of the ___.,RCMP|Canadian Forces|Coast Guard|Canadian Rangers,0,,,"The Royal Canadian Mounted Police (RCMP) maintains its primary training facility in Regina, unlike the other options listed."
16067,16,multiple_choice,exercise,16063,Which national police force trains recruits in Regina?,RCMP|OPP|CBSA|Canadian Navy,0,,,"The RCMP is the national law enforcement agency that uses Regina as its main training ground, while the other options are either provincial or specialized forces."
16068,16,multiple_choice,main,,What is Saskatchewan's largest city?,Saskatoon|Regina|Moose Jaw|Yorkton,0,,,"Saskatoon, the largest city, is the headquarters of the mining industry and an important educational, research and technology centre."
16069,16,true_false,preview,16068,Saskatoon is Saskatchewan's largest city.,,true,,,"Yes, in terms of population size and urban area, Saskatoon is generally considered Saskatchewan's largest city."
16070,16,true_false,exercise,16068,Saskatoon is the headquarters of Saskatchewan's mining industry.,,true,,,"While Saskatoon has diversified industries, it does serve as a significant hub and administrative center for Saskatchewan's mining sector."
16071,16,select_blank,exercise,16068,"Saskatoon is an important educational, research and ___ centre.",technology|shipping|forestry|fishing,0,,,"Its strong academic institutions have fueled rapid growth in the high-tech and research sectors, making it a key hub for technological innovation."
16072,16,multiple_choice,exercise,16068,Saskatoon serves as headquarters for which industry?,Mining|Fishing|Forestry|Shipbuilding,0,,,"Historically and currently, Saskatoon plays a major role in supporting the administrative and commercial aspects of Saskatchewan's mining industry."
16073,16,multiple_choice,main,,Which is the most populous Prairie province?,Alberta|Manitoba|Saskatchewan|Yukon,0,,,Alberta is the most populous Prairie province.
16074,16,true_false,preview,16073,Alberta is the most populous Prairie province.,,true,,,"Due to its economic growth and resources, Alberta currently holds the title for the most populous province within the Prairie region."
16075,16,true_false,exercise,16073,Manitoba is the most populous Prairie province.,,false,,,"While Manitoba is a large and important province, it does not have the population count of other major Prairie provinces like Alberta."
16076,16,select_blank,exercise,16073,The most populous Prairie province is ___.,Alberta|Manitoba|Saskatchewan|Yukon,0,,,Alberta has the largest population among all the listed Prairie provinces due to its significant economic development and major urban centers like Calgary and Edmonton.
16077,16,multiple_choice,exercise,16073,"Among the Prairie Provinces, which has the largest population?",Alberta|Saskatchewan|Manitoba|None,0,,,"Alberta significantly outpaces its neighbors in terms of both total count and density, making it the most populous province within the Prairies."
16078,16,multiple_choice,main,,Alberta was named after whom?,Princess Louise|Queen Victoria|Princess Diana|Queen Elizabeth,0,,,"Alberta, and Lake Louise, were both named after Princess Louise Caroline Alberta, fourth daughter of Queen Victoria."
16079,16,true_false,preview,16078,Alberta was named after Princess Louise Caroline Alberta.,,true,,,"The province was named in honor of Princess Louise Caroline Alberta, who was a relative of Queen Victoria."
16080,16,true_false,exercise,16078,Princess Louise Caroline Alberta was a daughter of Queen Victoria.,,true,,,"That is correct; she was the fourth child and daughter of Queen Victoria and her husband, Prince Arthur of Connaught."
16081,16,select_blank,exercise,16078,Princess Louise Caroline Alberta was Queen Victoria's ___ daughter.,fourth|first|only|second,0,,,
16082,16,multiple_choice,exercise,16078,Lake Louise was also named after which princess?,Princess Louise|Princess Margaret|Princess Anne|Princess Charlotte,0,,,"The lake was named in honor of Princess Louise, who was the daughter of Queen Victoria."
16083,16,true_false,exercise,16078,Lake Louise is located in the Rocky Mountains.,,true,,,"Yes, Lake Louise is situated deep within the Canadian Rockies, which are a major range of the Rocky Mountains."
16084,16,multiple_choice,main,,In what year was Banff National Park established?,1885|1867|1905|1920,0,,,"Alberta has five national parks, including Banff National Park, established in 1885."
16085,16,true_false,preview,16084,Banff National Park was established in 1885.,,true,,,That's correct; Banff National Park was officially designated as a national park back in 1885.
16086,16,select_blank,exercise,16084,Alberta has ___ national parks.,five|two|ten|three,0,,,"Alberta is home to five recognized national parks, including major sites like Banff and Jasper."
16087,16,true_false,exercise,16084,Alberta has five national parks.,,true,,,"Yes, this count is accurate; Alberta manages a total of five designated national parks."
16088,16,multiple_choice,exercise,16084,Which is one of Alberta's national parks?,Banff NP|Gros Morne|Cape Breton|Point Pelee,0,,,"Banff National Park is located within the Canadian Rockies in Alberta, making it one of the province's national parks. The other options are locations or parks outside of Alberta."
16089,16,multiple_choice,main,,Alberta's rugged Badlands are known for what?,Dinosaur fossils|Coral reefs|Ancient shipwrecks|Volcanic craters,0,,,The rugged Badlands house some of the world's richest deposits of prehistoric fossils and dinosaur finds.
16090,16,true_false,preview,16089,Alberta's Badlands hold world's richest dinosaur fossil deposits.,,true,,,
16091,16,true_false,exercise,16089,The Badlands are known for prehistoric fossils and dinosaur finds.,,true,,,
16092,16,select_blank,exercise,16089,Alberta's rugged ___ house rich prehistoric fossil deposits.,Badlands|Highlands|Wetlands|Foothills,0,,,
16093,16,multiple_choice,exercise,16089,What do Alberta's Badlands hold rich deposits of?,Prehistoric fossils|Coral reefs|Ice caves|Salt flats,0,,,
16094,16,multiple_choice,main,,Alberta is Canada's largest producer of what?,Oil/gas|Fish/seafood|Lumber/pulp|Diamonds/gold,0,,,"Alberta is the largest producer of oil and gas, and the oil sands in the north are being developed as a major energy source."
16095,16,true_false,preview,16094,Alberta is Canada's largest producer of oil and gas.,,true,,,
16096,16,true_false,exercise,16094,Alberta's oil sands are becoming a major energy source.,,true,,,"While oil sands extraction has been significant, experts and environmental groups are increasingly questioning its long-term viability and sustainability as a primary energy source for the future."
16097,16,select_blank,exercise,16094,Alberta's ___ in north are a major energy source.,oil sands|coal mines|wind farms|salt flats,0,,,The vast reserves of oil sands located in Alberta's northern regions are what constitute a major part of the province's energy output. Coal mines and wind farms are not comparable in scale or significance to the oil sands.
16098,16,multiple_choice,exercise,16094,Where are Alberta's oil sands located?,In north|On coast|In south|Under Regina,0,,,"Alberta's oil sands deposits are found primarily in the northern parts of the province, particularly around the Athabasca River basin. The other locations listed do not contain these major reserves."
16099,16,multiple_choice,main,,Alberta is especially renowned for which agriculture?,Cattle ranching|Rice farming|Cotton growing|Tobacco farming,0,,,"Alberta is renowned for agriculture, especially for the vast cattle ranches that make Canada one of the world's major beef producers."
16100,16,true_false,preview,16099,Alberta is renowned for its vast cattle ranches.,,true,,,"Yes, Alberta has a long history and reputation for its extensive ranching industry, making it famous for cattle ranches across large parts of the province."
16101,16,true_false,exercise,16099,Canada is a major world beef producer thanks to Alberta.,,true,,,"Yes, Alberta has vast grasslands perfect for cattle raising, making it a primary source of beef for Canada and globally."
16102,16,select_blank,exercise,16099,Alberta's cattle ranches make Canada a major ___ producer.,beef|dairy|poultry|pork,0,,,"Cattle are raised primarily for their meat, so Alberta’s ranches contribute to making Canada a major beef producer."
16103,16,multiple_choice,exercise,16099,What does Alberta's ranching make Canada produce most?,Beef|Wool|Leather goods|Dairy,0,,,"Because of its large herds and ideal grazing lands, Alberta’s ranching is overwhelmingly focused on producing beef for the country."
17001,17,multiple_choice,main,,Which province is Canada's westernmost?,British Columbia|Alberta|Manitoba|Yukon,0,,,British Columbia sits on the Pacific coast and is Canada's westernmost province.
17002,17,true_false,preview,17001,British Columbia sits on Canada's Pacific coast.,,true,,,"That is correct; British Columbia runs along the entire western edge of the continent, facing the Pacific Ocean."
17003,17,multiple_choice,exercise,17001,British Columbia is known as Canada's what?,Pacific gateway|Atlantic gateway|Arctic gateway|Prairie gateway,0,,,"Since it borders the Pacific Ocean and handles much of the trade coming from the West, B.C. is rightfully called the Pacific gateway."
17004,17,true_false,exercise,17001,British Columbia borders the Pacific Ocean.,,true,,,"Yes, B.C. has a massive coastline along the entire edge of the Pacific Ocean."
17005,17,select_blank,exercise,17001,British Columbia is Canada's ___ province.,westernmost|easternmost|largest|smallest,0,,,"It sits at the far west end of Canada, making it the westernmost province by definition."
17006,17,multiple_choice,exercise,17001,B.C. is known for majestic what?,mountains|deserts|plains|swamps,0,,,"The province is famous for its dramatic coastal ranges and mountain chains, like the Coast Mountains."
17007,17,multiple_choice,main,,What is British Columbia's population?,Four million|Twelve million|One million|Eight million,0,,,British Columbia has a population of about four million people.
17008,17,true_false,preview,17007,British Columbia has a population of four million.,,true,,,That's correct; B.C.'s population is generally cited as being around four million people.
17009,17,select_blank,exercise,17007,B.C.'s population is about ___ million.,four|forty|fourteen|forty-four,0,,,"The current population count places it right around four million people, making 'four' the best fit."
17010,17,true_false,exercise,17007,B.C.'s population is over one million people.,,true,,,
17011,17,multiple_choice,exercise,17007,Which is closest to B.C.'s population?,4 million|400 thousand|40 million|14 million,0,,,"British Columbia has a population that is closer to 4 million people, which reflects its current size. The other options are significantly off—400 thousand is too low, and 14 or 40 million are far too high."
17012,17,multiple_choice,main,,What is the Port of Vancouver known for?,Busiest port|Oldest port|River dock|Fishing pier,0,,,The Port of Vancouver is Canada's largest and busiest port.
17013,17,true_false,preview,17012,The Port of Vancouver is Canada's largest port.,,true,,,"Because of its massive capacity for container shipping and trade with Asia, the Port of Vancouver holds the title as Canada's largest port."
17014,17,multiple_choice,exercise,17012,The Port of Vancouver is Canada's gateway to?,Asia-Pacific|Europe|South America|Africa,0,,,"The primary function of the Port of Vancouver is facilitating trade across the Pacific Ocean, making the Asia-Pacific region its main gateway."
17015,17,true_false,exercise,17012,The Port of Vancouver handles billions of dollars in goods.,,true,,,Given the sheer volume and value of goods passing through it—especially containers destined for global markets—it handles billions of dollars in commerce.
17016,17,select_blank,exercise,17012,The Port of Vancouver is Canada's ___ port.,largest|smallest|newest|oldest,0,,,It is widely recognized as Canada's largest port due to its extensive infrastructure and massive throughput capacity.
17017,17,multiple_choice,exercise,17012,Which city has Canada's busiest port?,Vancouver|Victoria|Toronto|Halifax,0,,,"Vancouver, due to its massive trans-Pacific trade volume and deep-water access, handles the largest amount of cargo in Canada."
17018,17,multiple_choice,main,,What gives the B.C. coast its climate?,Pacific airstreams|Arctic winds|Desert winds|Atlantic currents,0,,,Warm airstreams from the Pacific Ocean give the B.C. coast a temperate climate.
17019,17,true_false,preview,17018,The B.C. coast has a temperate climate.,,true,,,"The B.C. coast benefits from a mild maritime influence that keeps temperatures moderate year-round, which is characteristic of a temperate climate."
17020,17,select_blank,exercise,17018,Warm airstreams from the ___ Ocean warm B.C.'s coast.,Pacific|Atlantic|Arctic|Indian,0,,,Warm currents originating in the Pacific Ocean are responsible for moderating coastal temperatures and creating the mild conditions found along B.C.'s coast.
17021,17,true_false,exercise,17018,The B.C. coast has a harsh Arctic climate.,,false,,,"Warm Pacific airstreams give the B.C. coast a temperate climate, not an Arctic one."
17022,17,multiple_choice,exercise,17018,What type of climate does the B.C. coast have?,Temperate|Arctic|Desert|Tropical,0,,,"Because of its maritime location and moderate rainfall, the climate type most accurately described for the B.C. coast is temperate."
17023,17,multiple_choice,main,,About how much of B.C.'s goods are forestry products?,One-half|One-tenth|One-quarter|Nearly all,0,,,About one-half of all goods produced in B.C. are forestry products.
17024,17,true_false,preview,17023,Forestry is a major B.C. industry.,,true,,,"Given the vast coniferous forests that cover much of British Columbia, forestry remains one of the province's most historically significant industries."
17025,17,multiple_choice,exercise,17023,B.C. forestry products include lumber and what else?,Newsprint/pulp|Steel/iron|Textiles/cloth|Plastic/rubber,0,,,"Lumber is the most obvious product, but BC's forestry also produces newsprint and pulp from wood fibers. Steel or plastic are industrial goods that aren't directly derived from trees."
17026,17,true_false,exercise,17023,B.C. has Canada's most valuable forestry industry.,,true,,,"Because of its vast resources and established infrastructure, B.C. is widely recognized as having Canada's most valuable forestry industry."
17027,17,select_blank,exercise,17023,B.C.'s forestry industry is Canada's most ___.,valuable|wasteful|recent|smallest,0,,,The sheer scale and economic importance of the resource make it Canada's most valuable sector. The other options are incorrect descriptors for its overall standing.
17028,17,multiple_choice,exercise,17023,Which industry makes up about half of B.C.'s output?,Forestry|Fishing|Mining|Tourism,0,,,"Historically, forestry has been the dominant industry in B.C., making up roughly half of the province's total output."
17029,17,multiple_choice,main,,The Okanagan Valley is known for orchards and what?,Wine industry|Coal mining|Steel mills|Shipbuilding,0,,,The Okanagan Valley is known for its fruit orchards and wine industry.
17030,17,true_false,preview,17029,The Okanagan Valley has a wine industry.,,true,,,
17031,17,multiple_choice,exercise,17029,"Besides forestry, B.C. is known for mining and what?",Fishing|Wheat farming|Auto manufacturing|Oil sands,0,,,Fishing is a traditional and major industry alongside mining and forestry that defines much of coastal British Columbia's economy.
17032,17,true_false,exercise,17029,B.C. is known for mining and fishing.,,true,,,
17033,17,select_blank,exercise,17029,The Okanagan Valley is known for orchards and ___.,wine|coal|steel|cotton,0,,,
17034,17,multiple_choice,main,,About how many provincial parks does B.C. have?,Six hundred|Sixty|Six thousand|Six,0,,,B.C. has the most extensive park system in Canada with approximately 600 provincial parks.
17035,17,true_false,preview,17034,B.C. has an extensive provincial park system.,,true,,,"British Columbia is renowned for its vast natural spaces, which includes a massive and well-developed network of protected provincial parks."
17036,17,true_false,exercise,17034,B.C. has about 600 provincial parks.,,true,,,"The province boasts an enormous concentration of protected areas, with the count being around six hundred designated provincial parks."
17037,17,multiple_choice,exercise,17034,B.C.'s park system is described as Canada's most what?,Extensive|Expensive|Crowded|Recent,0,,,"It is famous for its sheer size and variety of protected land, making it Canada's most extensive park system by far."
17038,17,select_blank,exercise,17034,B.C. has the most extensive ___ system in Canada.,park|highway|rail|port,0,,,"Because of its massive amount of protected natural reserves, B.C. holds the title for having the most extensive park system in all of Canada."
17039,17,multiple_choice,main,,"After English, which languages are spoken in B.C. cities?",Chinese/Punjabi|French/Spanish|German/Italian|Cree/Inuktitut,0,,,B.C.'s large Asian communities have made Chinese and Punjabi the most spoken languages after English.
17040,17,true_false,preview,17039,Chinese is widely spoken in B.C. cities.,,true,,,"Yes, due to significant historical and current immigration patterns, Mandarin and Cantonese are very common languages heard in major urban centers like Vancouver."
17041,17,true_false,exercise,17039,Punjabi is among the most spoken languages in B.C. cities.,,true,,,"Yes, this is true; many of B.C.'s urban areas have significant populations from Punjab, making Punjabi a very common language."
17042,17,multiple_choice,exercise,17039,B.C.'s large Asian communities influence what?,Languages spoken|Provincial capital|Climate|Currency,0,,,"The cultural makeup of large Asian communities directly influences the linguistic landscape, meaning they contribute many different languages spoken throughout the province."
17043,17,select_blank,exercise,17039,"Besides Punjabi, ___ is widely spoken in B.C.",Chinese|French|German|Spanish,0,,,"Given the large Asian population base, Mandarin and Cantonese (Chinese) are among the most widely spoken languages after Punjabi."
17044,17,multiple_choice,main,,What is the capital of British Columbia?,Victoria|Vancouver|Kelowna|Prince George,0,,,Victoria is the capital of British Columbia and headquarters of the navy's Pacific fleet.
17045,17,true_false,preview,17044,Victoria is the capital of British Columbia.,,true,,,That's correct; Victoria has historically served as the official capital of British Columbia.
17046,17,true_false,exercise,17044,Victoria is a tourist centre.,,true,,,"Yes, it is known for its beautiful architecture and scenic locations, making it a popular destination for tourists."
17047,17,multiple_choice,exercise,17044,Victoria is headquarters of which fleet?,Pacific fleet|Coast Guard|Air Force|Army brigade,0,,,Victoria serves as the primary base and headquarters for the Royal Canadian Navy's Pacific Fleet operations. The other options represent different branches or geographical areas that don't align with Victoria's naval role.
17048,17,select_blank,exercise,17044,Victoria is headquarters of the navy's ___ fleet.,Pacific|Atlantic|Arctic|Northern,0,,,"Because of its location on the Pacific coast, Victoria naturally serves as the hub for the navy's Pacific Fleet operations. The Atlantic and other listed fleets are based elsewhere."
17049,17,multiple_choice,exercise,17044,"Which city is B.C.'s capital, not its largest?",Victoria|Vancouver|Surrey|Kelowna,0,,,"While Vancouver is the most populous city in British Columbia, Victoria remains the official capital and seat of government for the province."
18001,18,multiple_choice,main,,The N.W.T. formed from Rupert's Land and which territory?,North-Western Territory|Hudson's Bay|New France|Acadia,0,,,The Northwest Territories were formed in 1870 from Rupert's Land and the North-Western Territory.
18002,18,true_false,preview,18001,The N.W.T. formed in 1870 from Rupert's Land.,,true,,,"This is accurate; the Northwest Territories were indeed established in 1870, drawing territory from Rupert's Land following its transfer to Canada."
18003,18,true_false,exercise,18001,The Northwest Territories formed in 1867.,,false,,,"This statement is incorrect because the NWT was not established until 1870; 1867 marks the formation of Canada itself, but not this specific territory."
18004,18,multiple_choice,exercise,18001,The N.W.T. were formed in which year?,1870|1867|1905|1999,0,,,The N.W.T. was officially established in 1870 when Rupert's Land was transferred to the Dominion of Canada.
18005,18,select_blank,exercise,18001,The N.W.T. formed from Rupert's Land and ___ Territory.,North-Western|Southern|Eastern|Pacific,0,,,"The Northwest Territories were formed by combining Rupert's Land with the North-Western Territory, which had been previously administered separately."
18006,18,true_false,exercise,18001,Rupert's Land helped form the Northwest Territories.,,true,,,"Yes, Rupert's Land was the massive original area that provided most of the landmass and population base for the formation of the Northwest Territories."
18007,18,multiple_choice,main,,What is Yellowknife's nickname?,Diamond capital|Gold capital|Oil capital|Fur capital,0,,,"Yellowknife, the N.W.T.'s capital, has a population of about 20,000 and is called the diamond capital of North America."
18008,18,select_blank,preview,18007,Yellowknife is called the ___ capital of North America.,diamond|gold|silver|coal,0,,,"Yellowknife is famous for its diamond industry, earning it the nickname 'Diamond Capital.'"
18009,18,true_false,exercise,18007,Yellowknife is the capital of the Northwest Territories.,,true,,,That's correct; Yellowknife serves as the administrative capital of the Northwest Territories.
18010,18,multiple_choice,exercise,18007,Yellowknife's population is about?,"20,000|200,000|2,000|2 million",0,,,
18011,18,multiple_choice,exercise,18007,Why is Yellowknife called the diamond capital?,Diamond mining|Diamond-shaped city|Diamond store|Diamond mascot,0,,,
18012,18,true_false,exercise,18007,Yellowknife is Nunavut's capital.,,false,,,
18013,18,multiple_choice,main,,Which groups make up over half the N.W.T.'s people?,Dene/Inuit/Métis|English/French/Métis|Cree/Ojibwe/Inuit|Haida/Salish/Métis,0,,,"More than half the population of the Northwest Territories is Aboriginal: Dene, Inuit and Métis."
18014,18,true_false,preview,18013,More than half of the N.W.T. is Aboriginal.,,true,,,
18015,18,true_false,exercise,18013,"Dene, Inuit and Métis form most of the N.W.T.'s people.",,true,,,"The N.W.T. has a diverse population, but Dene, Inuit, and Métis are indeed the primary Indigenous groups that make up most of its people."
18016,18,multiple_choice,exercise,18013,The N.W.T. population is mostly?,Aboriginal|European|Asian|American,0,,,"The vast majority of people living in the NWT are Aboriginal, reflecting its deep history and current demographic makeup."
18017,18,select_blank,exercise,18013,"The N.W.T. population is mostly ___, Inuit and Métis.",Dene|Cree|Iroquois|Mohawk,0,,,"The three main groups comprising the NWT population are the Dene, along with the Inuit and Métis people."
18018,18,true_false,exercise,18013,Less than 10% of the N.W.T. is Aboriginal.,,false,,,"This statement is false because Aboriginal people make up a significant majority of the population, not less than ten percent."
18019,18,multiple_choice,main,,What ranks the Mackenzie River in North America?,2nd-longest river|Longest river|Widest river|Shortest river,0,,,"The Mackenzie River is 4,200 kilometres long, the second-longest river system in North America after the Mississippi, draining 1.8 million square kilometres."
18020,18,select_blank,preview,18019,The Mackenzie is North America's ___ longest river.,second|third|longest|fourth,0,,,"While it’s a massive waterway, the Mackenzie River ranks as North America's second-longest river after the mighty Missouri River system."
18021,18,multiple_choice,exercise,18019,The Mackenzie River is about how long?,"4,200 km|400 km|42,000 km|1,800 km",0,,,"Its length is approximately 4,200 kilometers, making it one of the largest and most significant river systems in North America."
18022,18,true_false,exercise,18019,The Mississippi river system is longer than the Mackenzie.,,true,,,"The Mississippi River system is significantly larger and longer than the Mackenzie, making it North America's largest river basin."
18023,18,multiple_choice,exercise,18019,The Mackenzie River drains an area of about?,"1.8M km²|180,000 km²|18,000 km²|800,000 km²",0,,,"The correct estimate for the area drained by the Mackenzie River is about 1.8 million square kilometers, which is a massive drainage basin."
18024,18,true_false,exercise,18019,The Mackenzie River flows through the Northwest Territories.,,true,,,"Yes, the Mackenzie River is one of the most significant and defining geographical features that flows through the Northwest Territories."
18025,18,multiple_choice,main,,How much of Canada's land do the territories cover?,One-third|One-tenth|Half|Two-thirds,0,,,"The Northwest Territories, Nunavut and Yukon contain one-third of Canada's land mass but have a population of only 100,000."
18026,18,true_false,preview,18025,The three territories cover one-third of Canada's land.,,true,,,
18027,18,multiple_choice,exercise,18025,The three territories' combined population is about?,"100,000|1 million|10,000|10 million",0,,,"The combined population of the three territories (NWT, Yukon, Nunavut) is roughly 100,000 people."
18028,18,true_false,exercise,18025,"The North has far more land than people, proportionally.",,true,,,"This is true because much of Canada's northern territory is sparsely populated wilderness, meaning the land area vastly outweighs the number of people living there."
18029,18,select_blank,exercise,18025,The three territories hold one-___ of Canada's land mass.,third|quarter|half|tenth,0,,,"The three territories collectively cover about one-third of Canada's total land area, which is a significant portion but not half."
18030,18,true_false,exercise,18025,"Yukon, N.W.T. and Nunavut together are the three territories.",,true,,,"Yes, these three—Yukon, NWT, and Nunavut—are indeed the only three northern territories in Canada."
18031,18,multiple_choice,main,,Which of these is mined in the North?,Diamonds|Aluminum|Titanium|Steel,0,,,"The territories have gold, lead, copper, diamond and zinc mines."
18032,18,true_false,preview,18031,Gold is mined in the North.,,true,,,"Many valuable mineral resources, including gold, are extracted from the Northern regions of Canada."
18033,18,true_false,exercise,18031,Diamonds are mined in the Northern territories.,,true,,,The vast geological formations of the North are rich sources for various precious stones like diamonds.
18034,18,multiple_choice,exercise,18031,"Besides gold, which metal is also mined up North?",Zinc|Aluminum|Titanium|Platinum,0,,,"Zinc is a common metal mined in the northern parts of Canada, often found alongside other valuable minerals."
18035,18,true_false,exercise,18031,Copper is one of the North's mined resources.,,true,,,"Yes, copper is highly significant; it's one of the primary minerals extracted from the northern regions and a major economic resource."
18036,18,multiple_choice,exercise,18031,Lead mining occurs in which region?,The territories|Southern Ontario|The Prairies|Quebec only,0,,,"Historically, the most significant deposits of lead have been found in the northern regions, specifically within The Territories."
18037,18,multiple_choice,main,,What energy resources are being developed in the North?,Oil/gas|Coal only|Solar only|Wind only,0,,,Oil and gas deposits are being developed across the Northern territories.
18038,18,true_false,preview,18037,Oil and gas deposits are being developed in the North.,,true,,,That's correct; significant efforts are underway to develop oil and natural gas reserves across various northern areas.
18039,18,true_false,exercise,18037,The North has no oil or gas development.,,false,,,"This statement is false because, as we discussed, there are active and developing deposits for both oil and gas in the North."
18040,18,multiple_choice,exercise,18037,"Besides mining, what industry is growing North?",Oil/gas|Fishing fleets|Car manufacturing|Textiles,0,,,"Currently, the most significant industry growing in addition to mining is the oil and gas sector due to ongoing resource development."
18041,18,true_false,exercise,18037,Gas deposits are found in Canada's Northern territories.,,true,,,"Yes, vast reserves of natural gas and oil are located across many parts of Canada's northern regions."
18042,18,multiple_choice,main,,Why is the North nicknamed the Midnight Sun?,24-hour daylight|No moonlight|Bright stars|Long twilight,0,,,"At the height of summer, daylight can last up to 24 hours; in winter the sun disappears for three months."
18043,18,select_blank,preview,18042,North is called the Land of the ___ Sun.,Midnight|Morning|Rising|Setting,0,,,"It is called the Land of the Midnight Sun because during summer, the sun remains visible for extended periods, sometimes 24 hours straight."
18044,18,true_false,exercise,18042,"In summer, the North can have 24 hours of daylight.",,true,,,That's right; this continuous sunlight is known as the Midnight Sun and happens during the peak summer months at high latitudes.
18045,18,multiple_choice,exercise,18042,"In Northern winter, the sun disappears for about?",Three months|One week|One month|Six months,0,,,"The sun can disappear for several months, often lasting around three months or more during the deepest part of winter."
18046,18,true_false,exercise,18042,Northern winters bring total darkness for months.,,true,,,"This is true; periods of near-total darkness, known as polar night, are a common feature of high-latitude winters."
18047,18,multiple_choice,exercise,18042,Summer daylight at its peak up North lasts?,24 hours|Stops entirely|Noon only|Fades quickly,0,,,"During the summer solstice, places far north can experience periods of near-constant sunlight, sometimes reaching 24 hours of daylight due to the tilt of the Earth."
18048,18,multiple_choice,main,,How would you describe Northern winters?,Long/cold|Short/mild|Warm/wet|Brief/hot,0,,,The Northern territories have long cold winters and short cool summers.
18049,18,true_false,preview,18048,"The North has long, cold winters.",,true,,,"Yes, because latitude dictates climate; the further north you go, the more extreme and prolonged the winter seasons tend to be."
18050,18,true_false,exercise,18048,Northern summers are typically long and hot.,,false,,,"This is incorrect because while some areas get hot, northern summers are generally characterized by being relatively short and cooler than tropical or mid-latitude regions."
18051,18,multiple_choice,exercise,18048,How would you describe Northern summers?,Short/cool|Long/hot|Warm/dry|Rainy/mild,0,,,"They are typically brief periods of mild weather that don't sustain the intense heat or length found in more southern, equatorial regions."
18052,18,true_false,exercise,18048,The North's summers are short and cool.,,true,,,This is accurate; the seasonal warmth at high latitudes tends to be moderate and brief rather than extended and intensely hot.
18053,18,multiple_choice,main,,What best describes Northern tundra?,Treeless plain|Pine forest|Sandy desert|Green hills,0,,,"Much of the North is made up of tundra, the vast rocky Arctic plain; because of the cold climate there are no trees and the soil is permanently frozen."
18054,18,select_blank,preview,18053,Much of the North is made up of ___.,tundra|rainforest|prairie|desert sand,0,,,"The northern regions are defined by the treeless, cold environment known as tundra. Rainforests and prairies require much warmer climates to support their diverse vegetation."
18055,18,true_false,exercise,18053,Tundra soil is permanently frozen.,,true,,,"This permanent layer of frozen ground beneath the surface is called permafrost, which makes it extremely difficult for plant roots to penetrate or draw nutrients from."
18056,18,multiple_choice,exercise,18053,Why are there no trees on the tundra?,Cold climate|Heavy rainfall|Frequent wildfires|Sandy soil,0,,,"The primary limiting factor is the cold climate; short growing seasons and freezing temperatures prevent trees from establishing deep root systems. Heavy rainfall, conversely, would support tree growth."
18057,18,true_false,exercise,18053,Trees grow abundantly across the tundra.,,false,,,"No, due to the permafrost and extremely cold conditions, large trees cannot grow abundantly across this landscape."
18058,18,multiple_choice,exercise,18053,Tundra is best described as?,Rocky plain|Tropical jungle|Farmland|Wetland marsh,0,,,"Tundra is best described as a vast, treeless plain that is often rocky or covered in sparse vegetation rather than being a tropical jungle or fertile farmland."
18059,18,multiple_choice,main,,Which traditional activities remain part of Northern life?,Hunting/trapping|Farming/ranching|Deep-sea whaling|Vineyard harvesting,0,p50-inuit-boy-hunting.jpeg,,"Some Northerners continue to earn a living by hunting, fishing and trapping."
18060,18,true_false,preview,18059,Some Northerners still earn a living by hunting and fishing.,,true,,,It's true; many people in the North rely on hunting and fishing as ongoing ways to earn a living.
18061,18,true_false,exercise,18059,Trapping is still practised by some Northerners.,,true,,,"Yes, trapping remains a practice used by certain communities in the North for sustenance and income."
18062,18,multiple_choice,exercise,18059,What else do some Northerners do for a living?,Fishing|Farming|Logging|Ranching,0,,,Fishing is one of the major industries because aquatic resources are abundant and commercially valuable throughout the region.
18063,18,true_false,exercise,18059,No traditional hunting or fishing happens in the North today.,,false,,,This is false; traditional methods of hunting and fishing are very much alive and continue to be practiced today.
18064,18,multiple_choice,main,,Where is Inuit art sold?,Canada/worldwide|Nunavut only|Museums only|Europe only,0,,,Inuit art is sold throughout Canada and around the world.
18065,18,true_false,preview,18064,Inuit art is sold around the world.,,true,,,That's correct; Inuit artwork has gained international recognition and is purchased by collectors globally.
18066,18,true_false,exercise,18064,Inuit art has an international market.,,true,,,"Yes, Inuit art is highly sought after and sold in galleries worldwide, making it a significant international commodity."
18067,18,multiple_choice,exercise,18064,Inuit art is an important part of the North's?,Economy/culture|Military history|Legal system|Election process,0,,,"It is central to both the economy, providing income for artists, and the culture, as it preserves traditional storytelling and aesthetics."
18068,18,true_false,exercise,18064,Inuit art is not sold outside the North.,,false,,,"This is false; because it has a strong international market, Inuit artists sell their work globally, not just within the region."
18069,18,multiple_choice,main,,What drew miners to Yukon in the 1890s?,Gold Rush|Oil boom|Diamond rush|Silver strike,0,,,"Thousands of miners came to the Yukon during the Gold Rush of the 1890s, celebrated in the poetry of Robert W. Service. Mining remains significant to Yukon's economy."
18070,18,true_false,preview,18069,Thousands of miners rushed to the Yukon in the 1890s.,,true,,,"This is accurate; the discovery of gold triggered a massive, rapid influx of people from around the world to the Yukon during that period."
18071,18,multiple_choice,exercise,18069,Which poet celebrated the Yukon Gold Rush?,R.W. Service|Robert Frost|E.J. Pratt|Bliss Carman,0,,,"R.W. Service is famous for his poetry that captures the rugged life and dramatic events of the North, including the Gold Rush era."
18072,18,true_false,exercise,18069,The Yukon Gold Rush happened in the 1890s.,,true,,,That is correct; the major boom period and subsequent gold rush activity peaked in the late 1890s.
18073,18,multiple_choice,exercise,18069,Mining remains significant to which territory's economy?,Yukon|Nunavut|Ontario|Manitoba,0,,,"Mining remains a cornerstone of the Yukon's economy due to its extensive mineral deposits. While other regions mine, the scale of mining operations is most significant here."
18074,18,true_false,exercise,18069,Robert W. Service wrote poetry about the Gold Rush.,,true,,,He did; Robert W. Service wrote many famous poems that capture the spirit and hardship of life during the Gold Rush era.
18075,18,multiple_choice,main,,What is the capital of Yukon?,Whitehorse|Yellowknife|Iqaluit|Dawson City,0,,,Whitehorse is Yukon's territorial capital.
18076,18,select_blank,preview,18075,Yukon's capital city is ___.,Whitehorse|Yellowknife|Iqaluit|Dawson City,0,,,Whitehorse is currently recognized as the capital city for the Yukon Territory. Yellowknife and Iqaluit are capitals for other regions entirely.
18077,18,true_false,exercise,18075,Whitehorse is the capital of Yukon.,,true,,,"Yes, Whitehorse serves as the administrative and governmental center for the entire Yukon Territory."
18078,18,multiple_choice,exercise,18075,Which of these is Yukon's territorial capital?,Whitehorse|Yellowknife|Iqaluit|Frobisher Bay,0,,,"Whitehorse is the actual territorial capital of Yukon, while Yellowknife and Iqaluit are capitals for other territories in Canada."
18079,18,true_false,exercise,18075,Yellowknife is the capital of Yukon.,,false,,,"This statement is incorrect; Whitehorse serves as the current capital of Yukon Territory, not Yellowknife."
18080,18,multiple_choice,main,,The White Pass and Yukon Railway connects Whitehorse to?,"Skagway, Alaska|Vancouver, B.C.|Anchorage, Alaska|Seattle, Washington",0,,,The White Pass and Yukon Railway opened from Skagway in Alaska to Whitehorse in 1900 and offers a spectacular tourist excursion across precipitous passes and bridges.
18081,18,true_false,preview,18080,The White Pass and Yukon Railway opened in 1900.,,true,,,
18082,18,multiple_choice,exercise,18080,White Pass and Yukon Railway opened which year?,1900|1870|1999|1867,0,,,The railway officially opened its lines to passengers and goods in 1900 after years of construction through the challenging mountain passes.
18083,18,true_false,exercise,18080,The railway crosses precipitous mountain passes and bridges.,,true,,,"That is correct; the line traverses extremely rugged terrain, requiring it to cross difficult passes and significant bodies of water."
18084,18,multiple_choice,exercise,18080,What kind of trip does the railway offer today?,Scenic excursion|Cargo route|Subway ride|Ferry crossing,0,,,"While it has historical uses for cargo, today its primary function is offering a scenic tourist excursion for visitors."
18085,18,multiple_choice,main,,"What is Canada's coldest recorded temperature, set in Yukon?",-63°C|-40°C|-100°C|-20°C,0,,,"Yukon holds the record for the coldest temperature ever recorded in Canada, -63°C."
18086,18,true_false,preview,18085,Yukon holds Canada's coldest temperature record.,,true,,,"Yes, the extreme cold records for Canada are held by the territory of Yukon."
18087,18,true_false,exercise,18085,Canada's coldest-ever temperature was recorded in Yukon.,,true,,,That is correct; the record for the lowest temperature ever measured in Canada belongs to Yukon.
18088,18,multiple_choice,exercise,18085,Yukon's record cold temperature is close to?,-63°C|-15°C|0°C|-90°C,0,,,"The record low temperature recorded in Yukon was approximately -63°C, making all the other options much warmer."
18089,18,true_false,exercise,18085,Nunavut holds Canada's coldest temperature record.,,false,,,"This is incorrect; while Nunavut is very cold, the official record holder for Canada's lowest temperature is actually Yukon."
18090,18,multiple_choice,main,,"Where is Mount Logan, Canada's highest peak, located?",Yukon|Nunavut|British Columbia|Alberta,0,p50-mount-logan.jpeg,,"Mount Logan, located in the Yukon, is the highest mountain in Canada."
18091,18,true_false,preview,18090,Mount Logan is Canada's highest mountain.,,true,,,"That's right; Mount Logan, located in the Yukon, holds the title for the highest peak in Canada."
18092,18,multiple_choice,exercise,18090,Mount Logan is named after?,William Logan|John Macdonald|Martin Frobisher|Robert Service,0,,,The mountain is named after William Logan because he was a highly influential geologist who conducted extensive research in the region.
18093,18,true_false,exercise,18090,Mount Logan is located in the Northwest Territories.,,false,,,"No, it actually sits on the border between Yukon and British Columbia, not within the Northwest Territories."
18094,18,true_false,exercise,18090,Mount Logan is the tallest mountain in Canada.,,true,,,
18095,18,multiple_choice,main,,What did Sir William Logan found and direct?,Geological Survey|BoC|Canadian Museum|Yukon Railway,0,p50-william-logan.jpeg,,"Sir William Logan, a world-famous geologist born in Montreal in 1798 to Scottish immigrant parents, founded and directed the Geological Survey of Canada from 1842 to 1869."
18096,18,true_false,preview,18095,Sir William Logan was a famous Canadian geologist.,,true,,,
18097,18,multiple_choice,exercise,18095,Sir William Logan was born in which city?,Montreal|Toronto|Halifax|Quebec City,0,,,"He was born in Montreal, where he received his early education before becoming a major figure in Canadian geology."
18098,18,true_false,exercise,18095,Sir William Logan directed the Geological Survey of Canada.,,true,,,That's correct; he played a crucial role in establishing and directing the early operations of the Geological Survey of Canada.
18099,18,multiple_choice,exercise,18095,Sir William Logan's parents were immigrants from?,Scotland|Ireland|England|Wales,0,,,
18100,18,true_false,exercise,18095,Mount Logan is named after Sir William Logan.,,true,,,"Yes, it was named in his honor to recognize his significant contributions to Canadian geology and natural history."
18101,18,multiple_choice,main,,When was Nunavut established as a territory?,1999|1867|1905|1949,0,,,"Nunavut, meaning ""our land"" in Inuktitut, was established in 1999 from the eastern part of the Northwest Territories, including the former District of Keewatin."
18102,18,true_false,preview,18101,Nunavut was created in 1999.,,true,,,"Nunavut was officially established as a territory in 1999, marking a significant shift from its previous administrative status."
18103,18,multiple_choice,exercise,18101,What does 'Nunavut' mean in Inuktitut?,Our land|Northern star|Great river|Ice land,0,,,"'Our land' is the correct translation of Nunavut in Inuktitut, reflecting the deep connection Indigenous peoples have to the region."
18104,18,true_false,exercise,18101,Nunavut was formed from eastern Northwest Territories.,,true,,,"Yes, much of what became Nunavut was carved out from the eastern portion of the Northwest Territories when it was created."
18105,18,multiple_choice,exercise,18101,Nunavut was created from land formerly called?,Keewatin District|Mackenzie District|Rupert's Land|Acadia,0,,,
18106,18,true_false,exercise,18101,Nunavut has existed since Confederation in 1867.,,false,,,"No, Nunavut is a relatively modern creation; its existence did not begin with Canadian Confederation in 1867."
18107,18,multiple_choice,main,,"What is Nunavut's capital, formerly called Frobisher Bay?",Iqaluit|Whitehorse|Yellowknife|Rankin Inlet,0,,,"Nunavut's capital is Iqaluit, formerly Frobisher Bay, named after the English explorer Martin Frobisher, who explored the uncharted Arctic in 1576."
18108,18,select_blank,preview,18107,Nunavut's capital is ___.,Iqaluit|Whitehorse|Yellowknife|Frobisher Bay,0,,,"Iqaluit serves as the capital of Nunavut. Whitehorse and Yellowknife are capitals of other territories (Yukon and NWT, respectively)."
18109,18,true_false,exercise,18107,Iqaluit was once named Frobisher Bay.,,true,,,That's correct; the area that now contains Iqaluit was historically known by names related to Martin Frobisher's explorations.
18110,18,multiple_choice,exercise,18107,Frobisher Bay was named after which explorer?,Martin Frobisher|Henry Hudson|John Cabot|Jacques Cartier,0,,,"It was named for Martin Frobisher, who explored the region in the 16th century. The other explorers listed were active in different parts of North America or at different times."
18111,18,true_false,exercise,18107,Martin Frobisher explored the Arctic in the 1500s.,,true,,,That's right; he was a prominent explorer who spent significant time charting parts of the Arctic during that century.
18112,18,multiple_choice,exercise,18107,Iqaluit is the capital of which territory?,Nunavut|Yukon|Northwest Territories|Manitoba,0,,,Iqaluit serves as the administrative and political center for the vast Canadian region known as Nunavut.
18113,18,multiple_choice,main,,How does Nunavut's Legislative Assembly choose its premier?,Consensus|Party vote|PM appointment|Royal decree,0,,,"Nunavut's 19-member Legislative Assembly chooses a premier and ministers by consensus, without political parties."
18114,18,true_false,preview,18113,Nunavut's Legislative Assembly has 19 members.,,true,,,
18115,18,multiple_choice,exercise,18113,How many members sit in Nunavut's Legislative Assembly?,19|10|50|100,0,,,"The current size of the Legislative Assembly is 19 members, which reflects the specific governance structure of the territory."
18116,18,true_false,exercise,18113,Nunavut's government operates through political parties.,,false,,,
18117,18,true_false,exercise,18113,Nunavut's ministers are chosen by consensus.,,true,,,
18118,18,multiple_choice,main,,About what share of Nunavut's population is Inuit?,About 85%|About 25%|About 50%|About 10%,0,,,"Nunavut's population is about 85% Inuit, and Inuktitut is an official language and the first language taught in schools."
18119,18,true_false,preview,18118,Most of Nunavut's population is Inuit.,,true,,,"Yes, the majority of people living in Nunavut are Inuit, reflecting the region's deep cultural connection to its original inhabitants."
18120,18,true_false,exercise,18118,Inuktitut is an official language in Nunavut.,,true,,,"That's right; Inuktitut holds official status, making it a key part of the cultural and governmental life in the territory."
18121,18,multiple_choice,exercise,18118,What is the first language taught in Nunavut's schools?,Inuktitut|French|English|Dene,0,,,"The curriculum prioritizes local culture, so Inuktitut is taught first to ensure continuity with the community's heritage."
18122,18,true_false,exercise,18118,Nunavut's population is mostly non-Indigenous.,,false,,,"This is incorrect; the vast majority of people who live in Nunavut are Inuit, making it a predominantly Indigenous territory."
18123,18,multiple_choice,main,,What role do Canadian Rangers play North?,Arctic patrols|Postal service|Diamond mining|Tourist hotels,0,p50-canadian-rangers.jpeg,,"The Canadian Rangers, part of the Canadian Forces Reserves, patrol Canada's vast North, travelling by snowmobile in winter and all-terrain vehicles in summer from Resolute to the Magnetic North Pole."
18124,18,true_false,preview,18123,The Canadian Rangers help patrol Canada's Arctic.,,true,,,"They are crucial to maintaining safety and providing support across vast, remote areas of the North where regular services can't reach."
18125,18,multiple_choice,exercise,18123,How do Canadian Rangers travel in winter?,By snowmobile|By car|By train|By canoe,0,,,"In deep northern winters, snowmobiles are the necessary vehicle for traversing vast distances over ice and packed snow; cars or trains simply cannot operate in those conditions."
18126,18,true_false,exercise,18123,The Canadian Rangers are part of the Canadian Forces Reserves.,,true,,,"They function as a reserve force, meaning they supplement the regular military when needed while maintaining strong local community ties in remote areas."
18127,18,multiple_choice,exercise,18123,The Canadian Rangers patrol from Resolute to?,Magnetic Pole|Ottawa|Vancouver Island|Niagara Falls,0,,,"Their patrols often extend to the Magnetic Pole, which is a key geographic marker and a significant area of operation within the Arctic region."
18128,18,true_false,exercise,18123,Canadian Rangers use all-terrain vehicles in summer.,,true,,,"During the warmer months, all-terrain vehicles are essential because they provide reliable mobility across varied tundra and bush terrain where roads may not exist."
18129,18,multiple_choice,main,,What game animal symbolizes Canada's North?,Caribou|Polar bear|Beaver|Moose,0,p50-caribou.jpeg,,The caribou (reindeer) is popular game for hunters and a symbol of Canada's North.
18130,18,true_false,preview,18129,The caribou is a symbol of Canada's North.,,true,,,Caribou are iconic animals deeply associated with the traditional culture and wildlife of Canada’s northern territories.
18131,18,true_false,exercise,18129,Caribou are also known as reindeer.,,true,,,"Yes, this is a commonly accepted synonym; while technically distinct species exist, caribou and reindeer names are frequently interchanged in general conversation."
18132,18,multiple_choice,exercise,18129,Caribou are hunted mainly for?,Game|Racing|Farming wool|Zoo display,0,,,"Historically, caribou were primarily valued as a source of sustenance, making them a major game animal for Indigenous communities. They are not kept for wool or display."
18133,18,true_false,exercise,18129,"Moose, not caribou, is Canada's Northern symbol.",,false,,,"This statement is false because while moose are certainly found in the North, they are not recognized as Canada's official northern symbol; that title usually belongs to another species like the beaver or caribou."
19001,19,true_false,preview,19002,The Charter protects freedom of conscience and religion.,,true,,,This is one of Canada's four fundamental freedoms guaranteed by the Charter of Rights and Freedoms.
19002,19,multiple_choice,main,,Which is a fundamental freedom under the Charter?,Conscience/religion|Free mail|Military draft|Free tuition,0,,,"The Charter guarantees fundamental freedoms including conscience and religion, thought, expression, peaceful assembly and association."
19003,19,multiple_choice,exercise,19002,Which fundamental freedom protects free speech?,Thought/expression|Mobility rights|Legal rights|Voting rights,0,,,"Freedom of thought, belief, opinion and expression is a fundamental freedom, protecting speech and press."
19004,19,true_false,exercise,19002,The Charter protects freedom of peaceful assembly.,,true,,,"Peaceful assembly is one of the Charter's four fundamental freedoms, letting Canadians gather peacefully."
19005,19,select_blank,exercise,19002,Freedom of ___ lets Canadians choose their own beliefs.,conscience/religion|mobility|voting|legal aid,0,,,Freedom of conscience and religion protects each person's right to hold their own religious beliefs.
19011,19,true_false,preview,19012,Jury duty is a legal responsibility.,,true,,,Canadians who are called for jury duty are legally required to serve.
19012,19,multiple_choice,main,,What is a legal responsibility of citizens?,Jury duty|No taxes|Skip elections|Avoid duty,0,,,Serving on a jury when called is a legal responsibility of Canadian citizens.
19013,19,multiple_choice,exercise,19012,What must you do if summoned for jury duty?,Must serve|Ignore summons|Pay fine|Ask lawyer,0,,,"Serving on a jury when called is a legal responsibility, not an optional choice."
19014,19,true_false,exercise,19012,Voting in elections is a citizen responsibility.,,true,,,Citizens are expected to vote in elections at all levels of government.
19015,19,select_blank,exercise,19012,Obeying the law means no one is ___ it.,above|below|outside|beyond,0,,,"Obeying the law means that no person or group, including officials, is above the law."
19021,19,true_false,preview,19022,Multiculturalism means celebrating diverse cultures.,,true,,,"Canada's approach to diversity is multiculturalism, where different cultures are celebrated rather than erased."
19022,19,multiple_choice,main,,What does multiculturalism in Canada mean?,Celebrating diversity|Forced assimilation|Only English|Cultural isolation,0,,,Multiculturalism means Canadians celebrate their diverse cultural backgrounds together as one country.
19023,19,multiple_choice,exercise,19022,How does Canada approach cultural diversity?,Multiculturalism|Forced assimilation|Cultural isolation|Official culture,0,,,Canada's official policy toward its diverse population is multiculturalism.
19024,19,true_false,exercise,19022,Newcomers are expected to embrace democratic principles.,,true,,,"In becoming Canadian, newcomers are expected to embrace democratic principles such as the rule of law."
19025,19,select_blank,exercise,19022,Canadians share a common ___ identity.,Canadian|foreign|provincial|tribal,0,,,Canada's diverse groups sharing a common Canadian identity make up a multicultural society.
19031,19,true_false,preview,19032,Canada became a country in 1867.,,true,,,"Confederation, the founding of Canada, took place in 1867."
19032,19,multiple_choice,main,,In what year did Canada become a country?,1867|1901|1931|1982,0,,,Canada became a country through Confederation in 1867.
19033,19,multiple_choice,exercise,19032,Which act created the Dominion of Canada?,BNA Act|Quebec Act|Constitutional Act|Indian Act,0,,,"The British North America Act (BNA Act), passed in 1867, created the Dominion of Canada."
19034,19,true_false,exercise,19032,"Ontario, Quebec, Nova Scotia, New Brunswick founded Canada in 1867.",,true,,,These four provinces together formed the new Dominion of Canada in 1867.
19035,19,select_blank,exercise,19032,Confederation happened in ___.,1867|1901|1931|1982,0,,,"Canada's Confederation, the union of the founding provinces, occurred in 1867."
19041,19,true_false,preview,19042,Canada captured Vimy Ridge in April 1917.,,true,,,The Canadian Corps captured Vimy Ridge in April 1917 during the First World War.
19042,19,multiple_choice,main,,Which April 1917 battle symbolizes Canadian nationhood?,Vimy Ridge|Dieppe|Juno Beach|Ypres,0,,,"The Canadian Corps captured Vimy Ridge in April 1917, a battle often seen as a symbol of Canadian nationhood."
19043,19,multiple_choice,exercise,19042,In which war was Vimy Ridge fought?,WWI|WWII|Korean War|War 1812,0,,,The Battle of Vimy Ridge took place in April 1917 during the First World War.
19044,19,true_false,exercise,19042,Canada suffered heavy losses capturing Vimy Ridge.,,true,,,"The Canadian Corps captured Vimy Ridge in April 1917, with 10,000 killed or wounded."
19045,19,select_blank,exercise,19042,Vimy Ridge was captured in ___.,1917|1918|1944|1945,0,,,The Canadian Corps captured Vimy Ridge in April 1917.
19051,19,true_false,preview,19052,Louis Riel led the Metis resistance.,,true,,,Louis Riel led the Metis resistance movements against the federal government.
19052,19,multiple_choice,main,,Who led the Metis resistance movements?,Louis Riel|John Macdonald|Wilfrid Laurier|George Cartier,0,,,Louis Riel led the Metis resistance movements of 1869-70 and 1885.
19053,19,multiple_choice,exercise,19052,Where was Riel's 1885 rebellion?,Saskatchewan|Manitoba|Ontario|Quebec,0,,,A second Metis rebellion in 1885 took place in present-day Saskatchewan.
19054,19,true_false,exercise,19052,Riel was tried for treason after the 1885 rebellion.,,true,,,Louis Riel's trial for treason and execution followed the 1885 rebellion in Saskatchewan.
19055,19,select_blank,exercise,19052,Riel is remembered as father of ___.,Manitoba|Ontario|Confederation|the RCMP,0,,,Many Canadians remember Louis Riel as a defender of Metis rights and the father of Manitoba.
19061,19,true_false,preview,19062,Five Great Lakes border Ontario.,,true,,,Five Great Lakes lie along the border between Ontario and the United States.
19062,19,multiple_choice,main,,How many Great Lakes border Ontario and the U.S.A.?,Five|Three|Seven|Two,0,,,There are five Great Lakes located between Ontario and the United States.
19063,19,multiple_choice,exercise,19062,Which is one of the five Great Lakes?,Lake Superior|Lake Winnipeg|Great-Bear Lake|Great-Slave Lake,0,,,"The five Great Lakes are Ontario, Erie, Huron, Michigan and Superior."
19064,19,true_false,exercise,19062,Lake Superior is the largest freshwater lake.,,true,,,Lake Superior is the largest freshwater lake in the world.
19065,19,select_blank,exercise,19062,Ontario's capital city is ___.,Toronto|Ottawa|Hamilton|Kingston,0,,,"Ontario's provincial capital is Toronto, also Canada's largest city."
19071,19,true_false,preview,19072,"Manitoba, Saskatchewan and Alberta are the Prairies.",,true,,,These three provinces together make up Canada's Prairie region.
19072,19,multiple_choice,main,,Which three provinces make up the Prairies?,"Manitoba,Saskatchewan,Alberta|Ontario,Quebec,Manitoba|B.C.,Alberta,Yukon|Manitoba,Ontario,Alberta",0,,,"Manitoba, Saskatchewan and Alberta are the three Prairie Provinces."
19073,19,multiple_choice,exercise,19072,Which province was called the world's breadbasket?,Saskatchewan|Manitoba|Alberta|Yukon,0,,,Saskatchewan was once known as the breadbasket of the world for its wheat production.
19074,19,true_false,exercise,19072,The Prairies have cold winters and hot summers.,,true,,,"The Prairie region is mostly dry, with cold winters and hot summers."
19075,19,select_blank,exercise,19072,Alberta is the most ___ Prairie province.,populous|northern|coastal|forested,0,,,Alberta is the most populous of the three Prairie Provinces.
19081,19,true_false,preview,19082,Victoria is the capital of British Columbia.,,true,,,Victoria is British Columbia's capital city and headquarters of the navy's Pacific fleet.
19082,19,multiple_choice,main,,What is the capital of British Columbia?,Victoria|Vancouver|Kelowna|Prince George,0,,,Victoria is the capital of British Columbia.
19083,19,multiple_choice,exercise,19082,Which city is Canada's busiest port?,Vancouver|Victoria|Halifax|Montreal,0,,,The Port of Vancouver is Canada's largest and busiest port.
19084,19,true_false,exercise,19082,British Columbia is Canada's westernmost province.,,true,,,British Columbia sits on the Pacific coast as Canada's westernmost province.
19085,19,select_blank,exercise,19082,Victoria hosts the navy's ___ fleet.,Pacific|Atlantic|Arctic|Great Lakes,0,,,Victoria is the capital of British Columbia and headquarters of the navy's Pacific fleet.
19091,19,true_false,preview,19092,King Charles III is Canada's Head of State.,,true,,,"Canada's Head of State is the hereditary Sovereign, currently King Charles III."
19092,19,multiple_choice,main,,Who is Canada's Head of State today?,Charles III|Prime Minister|Governor General|Chief Justice,0,,,"As a constitutional monarchy, Canada's Head of State is King Charles III."
19093,19,multiple_choice,exercise,19092,Who represents the Sovereign federally?,Governor General|Prime Minister|The Premier|The Speaker,0,,,"The Governor General is the representative of the Sovereign, King Charles III, at the federal level."
19094,19,true_false,exercise,19092,Canada is a constitutional monarchy.,,true,,,"Canada is a federal state, a parliamentary democracy, and a constitutional monarchy."
19095,19,select_blank,exercise,19092,The Sovereign's federal representative is the ___.,Governor General|Premier|Mayor|Chief Justice,0,,,The Governor General represents the Sovereign at the federal level in Canada.
19101,19,true_false,preview,19102,A province's head of government is the Premier.,,true,,,Each province's head of government holds the title of Premier.
19102,19,multiple_choice,main,,What is a province's head of government called?,Premier|Governor General|Mayor|Commissioner,0,,,The Head of Government of a province is the Premier.
19103,19,multiple_choice,exercise,19102,Who is like the PM in each province?,The Premier|Lieutenant Governor|The Mayor|The Speaker,0,,,"In each province, the Premier has a role similar to that of the Prime Minister federally."
19104,19,true_false,exercise,19102,Every province has its own Legislative Assembly.,,true,,,"Every province has its own elected Legislative Assembly, like the House of Commons federally."
19105,19,select_blank,exercise,19102,"In Quebec, legislature members are called ___.",MNAs|MPs|MPPs|Senators,0,,,"In Quebec, elected legislature members are called members of the National Assembly (MNAs)."
19111,19,true_false,preview,19112,Federal elections are held every four years.,,true,,,Federal law requires an election at least every four years.
19112,19,multiple_choice,main,,How often must federal elections be held?,4 years|2 years|5 years|6 years,0,,,"Under legislation passed by Parliament, federal elections must be held at least every four years."
19113,19,multiple_choice,exercise,19112,Which agency runs federal elections?,Elections Canada|Statistics Canada|The Senate|The Cabinet,0,,,Elections Canada produces the voters' lists and administers federal elections.
19114,19,true_false,exercise,19112,The PM may request an earlier election.,,true,,,The Prime Minister may ask the Governor General to call an earlier election than scheduled.
19115,19,select_blank,exercise,19112,Elections fall on the third ___ in October.,Monday|Friday|Tuesday|Sunday,0,,,"Federal elections must be held on the third Monday in October, unless called earlier."
19121,19,true_false,preview,19122,Bring your card and ID to vote.,,true,,,Voters should bring their voter information card and identification to the polling station.
19122,19,multiple_choice,main,,What should you bring to your polling station?,Card/ID|Only cash|Passport application|Nothing,0,,,Bring your voter information card and identification to your polling station.
19123,19,multiple_choice,exercise,19122,How do you mark a federal ballot?,Mark X|Sign name|Circle logo|Write name,0,,,Mark an X in the circle next to the name of the candidate of your choice.
19124,19,true_false,exercise,19122,Canadian law guarantees a secret ballot.,,true,,,"Canadian law guarantees a secret ballot, so no one can watch how you vote."
19125,19,select_blank,exercise,19122,You must be a Canadian ___ to vote federally.,citizen|resident|taxpayer|worker,0,,,"You must be a Canadian citizen, at least 18, and on the voters' list to vote federally."
19131,19,true_false,preview,19132,The Supreme Court is Canada's highest court.,,true,,,The Supreme Court of Canada sits above all other Canadian courts.
19132,19,multiple_choice,main,,What is Canada's highest court called?,Supreme Court|Federal Court|Provincial Court|Claims Court,0,,,The Supreme Court of Canada is the country's highest court.
19133,19,multiple_choice,exercise,19132,What does the Federal Court handle?,Federal matters|Family disputes|Traffic tickets|Local bylaws,0,,,The Federal Court of Canada deals with matters concerning the federal government.
19134,19,true_false,exercise,19132,Small claims courts handle small civil sums.,,true,,,Small claims courts handle civil cases involving small sums of money.
19135,19,select_blank,exercise,19132,Lady Justice symbolizes ___ justice.,impartial|political|royal|military,0,,,The blindfolded Lady Justice symbolizes the impartial manner in which Canada's laws are applied.
19141,19,true_false,preview,19142,An accused person is presumed innocent.,,true,,,Canada's judicial system presumes an accused person innocent until proven guilty.
19142,19,multiple_choice,main,,What is an accused presumed to be?,Innocent|Guilty|Suspicious|Unlawful,0,,,Canada's judicial system is founded on the presumption of innocence in criminal matters.
19143,19,multiple_choice,exercise,19142,Who enforces federal laws nationwide?,The RCMP|The Cabinet|The Senate|Governor General,0,,,The Royal Canadian Mounted Police (RCMP) enforce federal laws throughout Canada.
19144,19,true_false,exercise,19142,Canada's laws apply to police and politicians too.,,true,,,"The law in Canada applies to everyone, including judges, politicians and the police."
19145,19,select_blank,exercise,19142,Canada's system is based on presumption of ___.,innocence|guilt|suspicion|silence,0,,,Canada's judicial system is founded on the presumption of innocence in criminal matters.
19151,19,true_false,preview,19152,Canada's current flag was raised in 1965.,,true,,,The current maple leaf flag was first raised in 1965.
19152,19,multiple_choice,main,,When was Canada's current flag first raised?,1965|1921|1876|1948,0,,,A new Canadian flag was raised for the first time in 1965.
19153,19,multiple_choice,exercise,19152,What was Canada's flag before 1965?,Red Ensign|Union Jack|Quebec flag|Acadian flag,0,,,The Canadian Red Ensign served as the Canadian flag for about 100 years before 1965.
19154,19,true_false,exercise,19152,The flag's colours trace to the Royal Military College.,,true,,,"The flag's red-white-red pattern comes from the flag of the Royal Military College, Kingston."
19155,19,select_blank,exercise,19152,Canada's official Royal Flag is the ___.,Union Jack|Red Ensign|Quebec flag|Provincial flag,0,,,The Union Jack is Canada's official Royal Flag.
19161,19,true_false,preview,19162,God Save the King is Canada's Royal Anthem.,,true,,,"God Save the King is Canada's Royal Anthem, honouring the Sovereign."
19162,19,multiple_choice,main,,What is Canada's Royal Anthem called?,God-Save-the-King|O Canada|Maple-Leaf-Forever|La Marseillaise,0,,,"The Royal Anthem, God Save the King, can be played or sung to honour the Sovereign."
19163,19,multiple_choice,exercise,19162,When was O Canada proclaimed the anthem?,1980|1880|1921|1965,0,,,O Canada was proclaimed Canada's national anthem in 1980.
19164,19,true_false,exercise,19162,O Canada was first sung in Quebec City.,,true,,,O Canada was first sung in Quebec City in 1880.
19165,19,select_blank,exercise,19162,The Royal Anthem honours the ___.,Sovereign|Prime Minister|Governor General|Premier,0,,,"God Save the King, the Royal Anthem, honours the Sovereign."
19171,19,true_false,preview,19172,The maple leaf is Canada's best-known symbol.,,true,,,The maple leaf is the single most recognized symbol of Canada.
19172,19,multiple_choice,main,,What is Canada's best-known symbol?,Maple leaf|The beaver|The fleur-de-lys|The mace,0,,,The maple leaf is Canada's best-known symbol.
19173,19,multiple_choice,exercise,19172,Who first adopted the maple leaf?,French Canadians|British soldiers|Dutch settlers|Spanish explorers,0,,,Maple leaves were adopted as a symbol by French Canadians in the 1700s.
19174,19,true_false,exercise,19172,The maple leaf appears on Canadian coins.,,true,,,The maple leaf appears on the coats of arms of Canada and on Canadian coins.
19175,19,select_blank,exercise,19172,French Canadians adopted the maple leaf in the ___.,1700s|1800s|1900s|1600s,0,,,Maple leaves were adopted as a symbol by French Canadians in the 1700s.
19181,19,true_false,preview,19182,Canada enacted free trade with the U.S.A. in 1988.,,true,,,Canada enacted free trade with the United States in 1988.
19182,19,multiple_choice,main,,When did Canada enact free trade with the U.S.A.?,1988|1867|1994|2001,0,,,"In 1988, Canada enacted free trade with the United States."
19183,19,multiple_choice,exercise,19182,When did Mexico join NAFTA?,1994|1988|1867|2008,0,,,Mexico became a partner in the broader North American Free Trade Agreement in 1994.
19184,19,true_false,exercise,19182,The United States is Canada's largest trading partner.,,true,,,Canada and the United States are each other's largest trading partner.
19185,19,select_blank,exercise,19182,Canada and U.S.A. share the biggest ___ trading relationship.,bilateral|unilateral|regional|informal,0,,,Canada and the United States have the biggest bilateral trading relationship in the world.
19191,19,true_false,preview,19192,Over 75% of working Canadians have service jobs.,,true,,,More than 75% of working Canadians have jobs in service industries such as banking and health care.
19192,19,multiple_choice,main,,Which industries employ over 75% of Canadians?,Service industries|Manufacturing industries|Resources industries|Agricultural industries,0,,,More than 75% of working Canadians now have jobs in service industries.
19193,19,multiple_choice,exercise,19192,Which industries include forestry and mining?,Natural resources|Service industries|Manufacturing industries|Trade industries,0,,,"Natural resources industries include forestry, fishing, agriculture, mining and energy."
19194,19,true_false,exercise,19192,Canada is part of the G8 group.,,true,,,Canada is part of the G8 group of leading industrialized countries.
19195,19,select_blank,exercise,19192,Canada has one of the ___ largest economies.,ten|three|fifty|twenty,0,,,Canada has one of the ten largest economies in the world.
20001,20,true_false,preview,20002,Habeas corpus lets you challenge unlawful detention.,,true,,,"That's correct; it is a fundamental legal writ that requires the government to bring a detained person before a court, proving that the detention was lawful."
20002,20,multiple_choice,main,,Habeas corpus lets a person challenge what?,Detention|Election result|Tax bill|Parking ticket,0,,,Habeas corpus is an English common law right allowing someone to challenge unlawful detention by the state.
20003,20,multiple_choice,exercise,20002,Where does habeas corpus originate from?,English law|Roman law|Napoleonic code|Criminal Code,0,,,"It originates in English common law, developing over centuries to protect individual liberties against arbitrary state action. While other systems have similar concepts, this specific writ is historically tied to England."
20004,20,true_false,exercise,20002,Habeas corpus is one of the Charter's four fundamental freedoms.,,false,,,"It predates the 1982 Charter and comes from English common law, separate from the Charter's four fundamental freedoms."
20005,20,select_blank,exercise,20002,Habeas corpus comes from English ___ law.,common|criminal|civil|maritime,0,,,"Habeas corpus is a fundamental right rooted in English common law, which governs general legal principles rather than specific areas like criminal or civil law."
20006,20,true_false,preview,20007,Mobility rights let Canadians live anywhere in Canada.,,true,,,That's right; these rights ensure that you are free to move and settle in any province or territory across Canada.
20007,20,multiple_choice,main,,Which right lets Canadians live anywhere in Canada?,Mobility rights|Legal rights|Equality rights|Democratic rights,0,,,"Mobility rights let Canadians live, work, and travel anywhere in the country."
20008,20,multiple_choice,exercise,20007,Mobility rights also let Canadians do what?,Leave/re-enter freely|Vote twice|Skip juries|Avoid taxes,0,,,"Mobility rights protect your freedom to leave Canada and return whenever you wish, which is a core aspect of personal liberty."
20009,20,true_false,exercise,20007,Mobility rights restrict Canadians to one province.,,false,,,Incorrect; mobility rights are designed precisely to prevent any restriction on where you can live or work within Canada.
20010,20,select_blank,exercise,20007,Canadians can live and work ___ in Canada.,anywhere|nowhere|in Ottawa|in Toronto,0,,,Exactly; mobility rights guarantee that you have the freedom to settle and earn a living in any part of Canada.
20011,20,true_false,preview,20012,Serving on a jury when called is a legal duty.,,true,,,It is a mandatory civic responsibility; you must serve if properly summoned by the court.
20012,20,multiple_choice,main,,What must citizens do when called for jury duty?,Serve|Decline|Pay fine|Appeal,0,,,Serving on a jury when called is a legally required responsibility of citizenship.
20013,20,multiple_choice,exercise,20012,Why is jury duty important in Canada?,Supports trials|Raises revenue|Elects judges|Funds elections,0,,,"Juries are essential because they help determine facts and deliver verdicts, which is central to the entire trial process."
20014,20,true_false,exercise,20012,Jury duty is entirely optional in Canada.,,false,,,"This is false; while you may have excuses, jury service remains a mandatory civic obligation when called upon."
20015,20,select_blank,exercise,20012,Serving on a jury supports Canada's ___ system.,justice|banking|health|voting,0,,,"Juries are fundamental to the rule of law, helping ensure that justice is served through fair trials and impartial judgment."
20016,20,true_false,preview,20017,Louis Riel led an uprising in 1869 over Metis rights.,,true,,,That's correct; Riel was a key figure who organized resistance concerning Indigenous and Métis land and rights in that era.
20017,20,multiple_choice,main,,Why did Louis Riel lead an uprising in 1869?,Metis ignored|Taxes rose|Slavery reinstated|War/Britain,0,,,"When Canada took over the northwest in 1869, the Metis of the Red River were not consulted, so Louis Riel led an uprising."
20018,20,multiple_choice,exercise,20017,What fort did Riel seize in 1869?,Fort Garry|Fort Edmonton|Fort Victoria|Fort Calgary,0,,,"Riel seized control of Fort Garry, which was a key strategic point for Métis settlement and trade at the time. The other forts listed were either too far away or not central to his immediate political goals."
20019,20,true_false,exercise,20017,Manitoba became a province after the 1869 uprising.,,true,,,"The events of 1869 were critical, leading directly to Manitoba's entry into Confederation and its establishment as a recognized province."
20020,20,select_blank,exercise,20017,Riel fled to the ___ after the uprising.,United States|Britain|France|Quebec,0,,,"Following the uprising, Riel eventually sought refuge and political support in the United States."
20021,20,true_false,preview,20022,Royal Canadian Navy fought in the Battle of the Atlantic.,,true,,,"The RCN played a significant role during World War II, participating heavily in convoy escort and anti-submarine warfare in the Battle of the Atlantic."
20022,20,multiple_choice,main,,Which battle was the RCN's finest hour?,Atlantic battle|Britain battle|Vimy Ridge|Amiens battle,0,,,"The Royal Canadian Navy saw its finest hour in the Battle of the Atlantic, protecting convoys against German submarines."
20023,20,multiple_choice,exercise,20022,What did the RCN protect during the war?,Merchant convoys|Fishing boats|Troop trains|Air bases,0,,,"The RCN's primary role during the war was safeguarding vital supply routes by escorting merchant convoys across the dangerous Atlantic. While they were involved in other duties, convoy protection was their most crucial wartime mission."
20024,20,true_false,exercise,20022,By war's end Canada had the world's third-largest navy.,,true,,,"This is accurate because the demands of the war necessitated a massive expansion of Canadian naval assets, establishing it as one of the world's major maritime powers by 1918."
20025,20,select_blank,exercise,20022,German ___ threatened Atlantic convoys.,submarines|battleships|bombers|tanks,0,,,"Germany used U-boats, or submarines, extensively to sink merchant vessels and disrupt supply lines across the Atlantic. While other weapons were dangerous, only submarines could effectively threaten convoys at sea."
20026,20,true_false,preview,20027,General Sir Arthur Currie commanded the Canadian Corps in 1918.,,true,,,"This is correct; General Sir Arthur Currie held command of the Canadian Corps during 1918, leading troops through some of the most intense fighting of the war's final months."
20027,20,multiple_choice,main,,Who commanded the Canadian Corps in 1918?,Arthur Currie|Robert Borden|John Macdonald|Wilfrid Laurier,0,,,"In 1918, General Sir Arthur Currie, Canada's greatest soldier, commanded the Canadian Corps through the final hundred days of the war."
20028,20,multiple_choice,exercise,20027,Which battle began the Hundred Days offensive?,Amiens|Vimy Ridge|Ypres|Mons,0,,,"The Battle of Amiens is recognized as the starting point for the final, successful Allied push known as the Hundred Days Offensive. This battle signaled the decisive collapse of German resistance on the Western Front."
20029,20,true_false,exercise,20027,Sir Arthur Currie is remembered as Canada's greatest soldier.,,true,,,"He was a highly successful and influential military leader during WWI, earning him that reputation for his strategic command."
20030,20,select_blank,exercise,20027,The Hundred Days offensive ended WW1 in ___.,1918|1917|1914|1945,0,,,"The fighting known as the Hundred Days Offensive took place during 1918, which was the year World War I finally concluded."
20031,20,true_false,preview,20032,Newfoundland was the oldest colony of the British Empire.,,true,,,"It has a very long history, predating many other colonies and making it one of the most established parts of the British Empire."
20032,20,multiple_choice,main,,Which was the oldest colony of the British Empire?,Newfoundland/Labrador|Nova Scotia|PEI|Quebec,0,,,Newfoundland and Labrador was the oldest colony of the British Empire and a strategic prize in Canada's early history.
20033,20,multiple_choice,exercise,20032,What industry is Newfoundland and Labrador known for?,Fisheries|Wheat farming|Diamond mining|Auto manufacturing,0,,,"The region's economy has historically relied heavily on its vast marine resources, making fisheries its most defining industry."
20034,20,true_false,exercise,20032,Newfoundland and Labrador has its own time zone.,,true,,,"Yes, it operates in a distinct time zone that reflects its geographical position relative to other parts of Canada."
20035,20,select_blank,exercise,20032,Newfoundland/Labrador is North America's most ___ point.,easterly|westerly|northerly|southerly,0,,,"Newfoundland/Labrador is famous for its extremely eastern location, making it the most easterly point of North America."
20036,20,true_false,preview,20037,Saskatchewan was once called the breadbasket of the world.,,true,,,"Saskatchewan earned that nickname because of its vast agricultural output, particularly grains and oilseeds."
20037,20,multiple_choice,main,,What share of Canada's arable land is in Saskatchewan?,40%|10%|60%|25%,0,,,Saskatchewan has 40% of the arable land in Canada and is the country's largest producer of grains and oilseeds.
20038,20,multiple_choice,exercise,20037,Saskatchewan has rich uranium deposits and what else?,Potash|Copper|Diamonds|Silver,0,,,"Potash is a major mineral resource found in Saskatchewan, making it one of the largest global sources after Morocco."
20039,20,true_false,exercise,20037,Saskatchewan is Canada's largest producer of grains and oilseeds.,,true,,,This statement is true because Saskatchewan dominates Canadian production for both grains and oilseeds.
20040,20,select_blank,exercise,20037,"Saskatchewan's capital, ___, hosts the RCMP training academy.",Regina|Saskatoon|Moose Jaw|Prince Albert,0,,,"Regina, the capital city, is home to the RCMP's training facility, which is a well-known landmark there."
20041,20,true_false,preview,20042,The Mackenzie River is North America's second-longest river system.,,true,,,That's right; it holds the title of North America's second-longest river system.
20042,20,multiple_choice,main,,The Mackenzie River is North America's what?,2nd-longest river|Longest river|Widest river|Shortest river,0,,,"The Mackenzie River is 4,200 kilometres long, the second-longest river system in North America after the Mississippi."
20043,20,multiple_choice,exercise,20042,About how long is the Mackenzie River?,"4,200 km|400 km|42,000 km|1,800 km",0,,,"The approximate length is 4,200 km. The other options are significantly off—it’s much longer than 1,800 km but not nearly as long as the massive 42,000 km figure."
20044,20,true_false,exercise,20042,The Mackenzie River flows through the Northwest Territories.,,true,,,"Yes, its primary flow and drainage basin are located within the Northwest Territories."
20045,20,select_blank,exercise,20042,The Mackenzie is North America's ___ longest river.,second|third|longest|fourth,0,,,The Mackenzie is recognized as North America's second-longest river system overall.
20046,20,true_false,preview,20047,Senators are appointed rather than elected.,,true,,,"Senators are appointed by the Governor General on the advice of the Prime Minister, which is different from how Members of Parliament are elected."
20047,20,multiple_choice,main,,Until what age do Canadian Senators typically serve?,75|65|80|70,0,,,Senators are appointed by the Governor General on the advice of the Prime Minister and serve until age 75.
20048,20,multiple_choice,exercise,20047,Who appoints Canada's Senators?,Governor General|Voters|Premier|Supreme Court,0,,,"The Governor General formally appoints Senators, usually acting based on recommendations from the Prime Minister and Cabinet. Voters actually elect representatives to the House of Commons, not the Senate."
20049,20,true_false,exercise,20047,Senators are appointed on the advice of the Prime Minister.,,true,,,"This is true because while there are constitutional checks, the formal recommendation for appointing Senators ultimately rests on the advice of the Prime Minister."
20050,20,select_blank,exercise,20047,Senators serve until age ___.,75|65|80|60,0,,,"Senators must retire when they reach the age of 75, which sets a mandatory retirement limit regardless of their current term length."
20051,20,true_false,preview,20052,A bill needs Commons and Senate approval to become law.,,true,,,"This is correct because Canada operates under a bicameral system, meaning both chambers—the Commons and the Senate—must approve the bill for it to become law."
20052,20,multiple_choice,main,,What must a bill receive to become law?,Royal assent|Senate veto|Municipal approval|A referendum,0,,,"No bill can become law until it has passed both chambers and received royal assent, granted by the Governor General on behalf of the Sovereign."
20053,20,multiple_choice,exercise,20052,Who grants royal assent on the Sovereign's behalf?,Governor General|Prime Minister|Chief Justice|Speaker,0,,,"The Governor General serves as the representative of the Crown in Canada, making them the constitutional figure who grants royal assent on behalf of the Sovereign."
20054,20,true_false,exercise,20052,A bill can become law without passing the Senate.,,false,,,"This is false; because Canada requires bicameral approval, a bill must pass through both the House of Commons and the Senate before it can receive royal assent."
20055,20,select_blank,exercise,20052,A bill becomes law after chambers grant royal ___.,assent|veto|amendment|reading,0,,,"A bill needs the monarch's official approval, which is called Royal Assent, before it can become an actual law."
20056,20,true_false,preview,20057,"Canada's government has Executive, Legislative and Judicial branches.",,true,,,"Yes, like most democracies, Canada operates under a system that divides power among these three distinct branches to prevent any single group from becoming too powerful."
20057,20,multiple_choice,main,,Which are Canada's three branches of government?,Executive/Legislative/Judicial|Federal/Provincial/Municipal|Commons/Senate/Cabinet|Crown/Parliament/Courts,0,,,"The three branches of government, Executive, Legislative and Judicial, work together to secure the rights and freedoms of Canadians."
20058,20,multiple_choice,exercise,20057,What does the Judicial branch include?,Supreme Court|Commons|Senate|Cabinet,0,,,"The judicial branch is responsible for interpreting laws and resolving disputes, which is the primary role of the Supreme Court."
20059,20,true_false,exercise,20057,The three branches of government sometimes work in creative tension.,,true,,,"This is accurate; the system relies on checks and balances, meaning each branch has the power to limit or challenge the others to keep things fair."
20060,20,select_blank,exercise,20057,The branches secure rights and ___ for Canadians.,freedoms|taxes|borders|currency,0,,,The primary goal of these governmental structures is to protect fundamental human liberties and freedoms for all citizens.
20061,20,true_false,preview,20062,Federal elections must be held every four years.,,true,,,"This is correct because the Constitution mandates a fixed term length for federal governance, ensuring regular democratic cycles."
20062,20,multiple_choice,main,,How often must federal elections be held by law?,4 years|2 years|5 years|6 years,0,,,"Under legislation passed by Parliament, federal elections must be held on the third Monday in October every four years."
20063,20,multiple_choice,exercise,20062,Which Monday in October is fixed election day?,Third Monday|First Monday|Second Monday|Fourth Monday,0,,,"Election Day is legally set for the third Monday of October, regardless of what other dates might fall on that month."
20064,20,true_false,exercise,20062,The PM can ask the GG for an early election.,,true,,,This is true; the Prime Minister has the constitutional right to advise the Governor-General to dissolve Parliament and call an election early if they feel it's necessary for stable governance.
20065,20,select_blank,exercise,20062,Federal elections are held every ___ years by law.,four|two|three|six,0,,,"By law, the federal government must hold elections on a fixed cycle of four years to maintain democratic accountability."
20066,20,true_false,preview,20067,The largest opposition party is called the Official Opposition.,,true,,,"This is correct; the Official Opposition designation is given to the single largest political party that is not currently in power, giving them formal recognition and resources."
20067,20,multiple_choice,main,,What is the largest opposition party called?,Official Opposition|The Cabinet|Senate majority|Privy Council,0,,,The opposition party with the most members of the House of Commons is the Official Opposition.
20068,20,multiple_choice,exercise,20067,What is the role of opposition parties in Parliament?,Oppose/improve laws|Block laws|Replace Cabinet|Civil service,0,,,"Opposition parties primarily aim to scrutinize and improve proposed legislation, offering alternatives rather than just blocking everything. While they can block laws, their main role is constructive criticism and suggesting better policies."
20069,20,true_false,exercise,20067,The Official Opposition is also called His Majesty's Loyal Opposition.,,true,,,The Official Opposition is indeed known as His Majesty's Loyal Opposition because it represents the primary political challenge to the government while still operating within constitutional norms.
20070,20,select_blank,exercise,20067,Parties not in power are known as ___ parties.,opposition|majority|governing|Cabinet,0,,,Any party that does not currently hold power or form the government is simply referred to as an opposition party. 'Cabinet' and 'governing' refer only to those who are in charge.
20071,20,true_false,preview,20072,An electoral district is also called a riding or constituency.,,true,,,"Yes, these terms are interchangeable; they all refer to a specific geographical area from which elected representatives (MPs) are chosen during an election."
20072,20,multiple_choice,main,,What is another name for an electoral district?,Riding|Province|Territory|Ward,0,,,"An electoral district is a geographical area represented by one MP, also known as a riding or constituency."
20073,20,multiple_choice,exercise,20072,How many MPs does one electoral district elect?,One|Two|Three|Zero,0,,,"Each electoral district elects exactly one Member of Parliament (MP). If it were electing two or three, the system would be structured differently."
20074,20,true_false,exercise,20072,Canada is divided into hundreds of electoral districts.,,true,,,"This is true because representation is organized geographically, dividing the country into specific areas where voters elect a representative."
20075,20,select_blank,exercise,20072,An electoral district is also known as ___.,constituency|province|ward|precinct,0,,,A constituency is the standard term used to describe a specific geographic area from which voters elect a single representative.
20076,20,true_false,preview,20077,The Supreme Court of Canada is the country's highest court.,,true,,,"That’s right; it sits at the top of the legal structure, meaning its decisions are final for all matters in Canada."
20077,20,multiple_choice,main,,What is the Supreme Court of Canada?,Highest court|Trial court|Traffic court|Police agency,0,,,The Supreme Court of Canada is our country's highest court.
20078,20,multiple_choice,exercise,20077,What does the Federal Court of Canada handle?,Federal matters|Family disputes|Traffic tickets|Local bylaws,0,,,"The Federal Court handles legal disputes that involve federal laws or institutions, distinguishing it from courts that manage local bylaws or civil family issues."
20079,20,true_false,exercise,20077,Every province's Supreme Court outranks Canada's Supreme Court.,,false,,,The Supreme Court of Canada is the country's single highest court; no provincial court outranks it.
20080,20,select_blank,exercise,20077,Canada's Supreme Court is the country's ___ court.,highest|newest|smallest|oldest,0,,,"The Supreme Court is the final court of appeal in Canada, making it the highest judicial authority. The other options are incorrect descriptors for its legal standing."
20081,20,true_false,preview,20082,The RCMP enforces federal laws throughout Canada.,,true,,,"Yes, the RCMP's mandate covers enforcing federal laws across all provinces and territories, making them Canada's primary national police force for these purposes."
20082,20,multiple_choice,main,,What does the RCMP enforce across Canada?,Federal laws|Municipal bylaws|Provincial taxes|Traffic laws,0,,,"The Royal Canadian Mounted Police (RCMP) enforce federal laws throughout Canada, and serve as provincial police in most provinces."
20083,20,multiple_choice,exercise,20082,Which two provinces lack RCMP as provincial police?,Ontario/Quebec|Alberta/Manitoba|BC/Yukon|Nova Scotia/NB,0,,,"Ontario and Quebec each maintain their own dedicated provincial police services, meaning they do not rely on the RCMP for general policing duties."
20084,20,true_false,exercise,20082,Ontario and Quebec each have their own provincial police force.,,true,,,"That's correct; both Ontario (OPP) and Quebec (SQ) operate large, independent provincial police forces separate from the RCMP."
20085,20,select_blank,exercise,20082,The RCMP isn't provincial police in Ontario and ___.,Quebec|Alberta|Manitoba|Yukon,0,,,"It also doesn't serve as the primary provincial force in Quebec, which operates its own distinct policing service."
20086,20,true_false,preview,20087,The beaver appears on Canada's five-cent coin.,,true,,,That is correct; the beaver is a common motif and features prominently on Canada's five-cent coin.
20087,20,multiple_choice,main,,The beaver appears on which Canadian coin?,Five-cent coin|One-dollar coin|Quarter|Two-dollar coin,0,,,"The industrious beaver can be seen on the five-cent coin, and on the coats of arms of Saskatchewan and Alberta."
20088,20,multiple_choice,exercise,20087,Which company first adopted the beaver as a symbol?,Hudson's/Bay/Company|Canadian/Pacific/Railway|Bank/of/Canada|Royal/Canadian/Legion,0,,,The Hudson's Bay Company has a long history and was responsible for early trade that featured beaver pelts prominently. The other listed companies were founded much later or focused on different industries.
20089,20,true_false,exercise,20087,The beaver appears on Saskatchewan's coat of arms.,,true,,,"Yes, the beaver is indeed incorporated into Saskatchewan's provincial coat of arms, reflecting its historical importance to the region. This is a specific detail about the province's heraldry."
20090,20,select_blank,exercise,20087,The beaver can be seen on the ___-cent coin.,five|ten|twenty-five|one,0,,,"The five-cent coin features an image of the beaver, making it easy to spot on Canadian currency. The other denominations feature different animals or designs."
20091,20,true_false,preview,20092,Canada's national motto means 'from sea to sea.',,true,,,"Yes, 'From Sea to Sea' (De mari ad mare) is the literal translation of Canada's national motto, reflecting its vast geography."
20092,20,multiple_choice,main,,What is Canada's national motto?,A/mari/usque/ad/mare|E/pluribus/unum|In/God/We/Trust|Dieu/et/mon/droit,0,,,"Canada's national motto, A mari usque ad mare, means 'from sea to sea' in Latin."
20093,20,multiple_choice,exercise,20092,What does Canada's motto mean in English?,From/sea/to/sea|Peace/and/order|Strength/and/honour|United/we/stand,0,,,"The motto 'From sea to sea' literally translates the Latin phrase and describes Canada’s vast geographical reach, from one ocean edge to another."
20094,20,true_false,exercise,20092,Canada's motto is written in Latin.,,true,,,"Yes, the official motto is written in Latin (Mare ad mare), which adds a historical and formal touch to its meaning."
20095,20,select_blank,exercise,20092,A/mari/usque/ad/mare means from ___ to sea.,sea|coast|shore|land,0,,,"The phrase 'mari usque ad mare' means from sea to sea, directly referencing the vastness of Canada’s coastline and interior."
20096,20,true_false,preview,20097,The United States is Canada's largest international trading partner.,,true,,,
20097,20,multiple_choice,main,,Which country is Canada's largest trading partner?,United States|Mexico|United Kingdom|China,0,,,"Canada and the United States are each other's largest trading partner, with the biggest bilateral trading relationship in the world."
20098,20,multiple_choice,exercise,20097,What group of industrialized countries does Canada belong to?,G8|G20|NATO|OECD only,0,,,"Canada is a member of the G8 (Group of Eight), which includes major industrialized economies like the US, UK, and Germany. While it participates in others, G8 is the most accurate classification here."
20099,20,true_false,exercise,20097,Canada and the U.S.A. have the world's biggest trading relationship.,,true,,,"That's correct; the trade volume between Canada and the United States is massive, making it one of the world's largest bilateral trading relationships."
20100,20,select_blank,exercise,20097,Over three-quarters of Canada's exports go to the ___.,U.S.A.|United Kingdom|European Union|Mexico,0,,,"Due to its massive size and deep economic integration, the United States is overwhelmingly Canada's largest trade partner, receiving most of the country's exports."
21001,21,true_false,preview,21002,The Charter of Rights and Freedoms became law in 1982.,,true,,,That's right; the Charter was officially enacted as part of major constitutional changes in 1982.
21002,21,multiple_choice,main,,When did the Charter take effect?,1982|1867|1215|1931,0,,,The Constitution of Canada was amended in 1982 to entrench the Charter of Rights and Freedoms.
21003,21,true_false,exercise,21002,The Charter is part of Canada's Constitution.,,true,,,"Yes, it is a foundational component of the Canadian Constitution, which means these rights are protected at the highest level of law."
21004,21,multiple_choice,exercise,21002,What did Canada's Constitution gain in 1982?,The Charter|New flag|New anthem|New capital,0,,,"Canada gained the Charter of Rights and Freedoms, which enshrined fundamental human rights into our constitutional framework."
21005,21,select_blank,exercise,21002,The Charter was added to Canada's ___ in 1982.,Constitution|Criminal Code|Passport Act|Treaty,0,,,"It was formally incorporated directly into the Constitution itself, making it a core part of Canadian law."
21006,21,true_false,exercise,21002,The Magna Carta was signed in 1982.,,false,,,"Magna Carta was signed in England in 1215, not 1982."
21011,21,true_false,preview,21012,Canadian law treats men and women as equal.,,true,,,"Correct; the Charter explicitly guarantees equality rights, ensuring that gender cannot be used as a basis for discrimination under Canadian law."
21012,21,multiple_choice,main,,How does Canadian law treat men and women?,Fully equal|Unequal|Separate classes|Optional equals,0,,,"Canadian law treats men and women as fully equal, and criminal law punishes gender-based violence severely."
21013,21,true_false,exercise,21012,Canada's criminal laws punish spousal abuse severely.,,true,,,"Canadian criminal law takes spousal abuse very seriously, treating it as a form of domestic violence that is illegal to commit."
21014,21,multiple_choice,exercise,21012,Which practice does Canadian law punish severely?,Forced marriage|Voting|Marriage|Travel,0,,,Forced marriage is severely punished under Canadian law because it constitutes a severe violation of human rights and bodily autonomy. The other options are normal aspects of life or civic participation.
21015,21,select_blank,exercise,21012,Canada's openness does not extend to ___ cultural practices.,barbaric|diverse|modern|foreign,0,,,"While Canada embraces diversity, its laws do not tolerate cultural practices that are considered barbaric or harmful to individuals' rights."
21016,21,true_false,exercise,21012,Gender-based violence is tolerated under Canadian law.,,false,,,False; Canadian law actively works against and severely punishes gender-based violence. It is a major focus of legal reform and social policy.
21021,21,true_false,preview,21022,Official Language Rights give equal status to French and English.,,true,,,That is correct; Official Language Rights ensure that both French and English have equal status in various aspects of life across Canada.
21022,21,multiple_choice,main,,What do Official Language Rights guarantee?,English/French equal|All-languages equal|English only|French only,0,,,Official Language Rights give French and English equal status throughout the Canadian government.
21023,21,true_false,exercise,21022,Official Language Rights apply throughout the Canadian government.,,true,,,"Official Language Rights apply across all levels of government and throughout Canada, not just in specific regions or departments."
21024,21,multiple_choice,exercise,21022,Minority Language Educational Rights mainly concern what?,Minority schooling|Passport fees|Jury selection|Border crossing,0,,,"These rights are designed to ensure that minority groups can maintain their language and culture through education, making 'Minority schooling' the core concern."
21025,21,select_blank,exercise,21022,Canada's two official languages are French and ___.,English|Spanish|Mandarin|German,0,,,"Canada is officially bilingual, recognizing French and English as its two national languages."
21026,21,true_false,exercise,21022,English and French have equal status only in Quebec.,,false,,,"While Quebec has unique laws regarding language, official status rights are recognized across Canada, not just limited to that province."
21031,21,true_false,preview,21032,By 1918 most Canadian women could vote federally.,,true,,,This date marks a major milestone in Canadian history when federal voting rights were finally extended to most women.
21032,21,multiple_choice,main,,By what year could most Canadian women vote federally?,1918|1867|1940|1921,0,,,"In 1918, most Canadian female citizens aged 21 and over were granted the right to vote in federal elections."
21033,21,true_false,exercise,21032,Manitoba became the first province to grant women the vote.,,true,,,"Manitoba was indeed the first province to grant women suffrage, doing so in 1916."
21034,21,multiple_choice,exercise,21032,Who founded the women's suffrage movement in Canada?,Emily Stowe|Agnes Macphail|Thérèse Casgrain|Nellie McClung,0,,,"Dr. Emily Stowe, the first Canadian woman to practise medicine, founded the suffrage movement."
21035,21,select_blank,exercise,21032,"In 1917, front-line ___ voted first federally.",nurses|teachers|farmers|widows,0,,,"Nurses were the first group of front-line workers to vote federally in 1917, recognizing their vital contributions during the war effort."
21036,21,multiple_choice,exercise,21032,Who became Canada's first woman MP in 1921?,Agnes Macphail|Emily Stowe|Thérèse Casgrain|Nellie McClung,0,,,"Agnes Macphail was elected as Canada's first woman Member of Parliament in 1921. Nellie McClung and Emily Stowe were prominent suffragists, but she holds the title for this specific milestone."
21041,21,true_false,preview,21042,Canada captured Vimy Ridge in 1917.,,true,,,This is correct; Canadian forces achieved a major victory when they captured Vimy Ridge in 1917.
21042,21,multiple_choice,main,,In what year did Canada capture Vimy Ridge?,1917|1914|1918|1812,0,,,The Canadian Corps captured Vimy Ridge in April 1917 during the First World War.
21043,21,true_false,exercise,21042,"About 10,000 Canadians were killed or wounded at Vimy Ridge.",,true,,,"The casualty count at Vimy Ridge was significant, with thousands of Canadians killed or wounded during the fighting."
21044,21,multiple_choice,exercise,21042,What day marks the Vimy Ridge anniversary?,April 9|July 1|November 11|June 6,0,,,Vimy Ridge is commemorated on April 9th because that was the date Canadian forces captured the ridge during World War I.
21045,21,select_blank,exercise,21042,Canadians earned the nickname ___ troops after Vimy.,shock|royal|elite|reserve,0,,,"After successfully taking Vimy, the Canadians gained a reputation for being highly effective and aggressive soldiers, earning them the nickname 'shock' troops."
21046,21,multiple_choice,exercise,21042,Vimy Ridge was fought during which war?,WWI|WWII|Boer War|1812 War,0,,,"Vimy Ridge was a major battle fought during World War I (WWI), making that the correct war."
21051,21,true_false,preview,21052,Canadian troops captured Juno Beach on D-Day in 1944.,,true,,,"This is false; Juno Beach was primarily associated with British and Canadian forces, but the main D-Day landings were not focused on Canadians capturing it in 1944."
21052,21,multiple_choice,main,,On what date did Canadians storm Juno Beach?,6/6/1944|11/11/1918|5/8/1945|4/9/1917,0,,,"On June 6, 1944, D-Day, Canadian troops stormed and captured Juno Beach in Normandy."
21053,21,true_false,exercise,21052,"About 15,000 Canadian troops took part in the D-Day invasion.",,true,,,"That's correct; while the total Allied force was massive, approximately 15,000 Canadian troops participated in the D-Day invasion."
21054,21,multiple_choice,exercise,21052,D-Day was the Allied invasion of which region?,Normandy|Sicily|Poland|Netherlands,0,,,"D-Day refers specifically to the Allied invasion that took place on June 6, 1944, when they landed in Normandy, France."
21055,21,select_blank,exercise,21052,Canadian troops captured ___ Beach on D-Day.,Juno|Omaha|Utah|Gold,0,,,The Canadian forces were assigned to land and secure Juno Beach during the initial major amphibious assault of D-Day.
21056,21,multiple_choice,exercise,21052,Whose army did Canadians fight at Juno Beach?,Germany|Italy|Japan|France,0,,,"Since the invasion occurred in Europe, the Canadian troops were fighting against German occupying forces as part of World War II efforts."
21061,21,true_false,preview,21062,Prince Edward Island is Canada's smallest province.,,true,,,
21062,21,multiple_choice,main,,Which province is Canada's smallest by area?,P.E.I.|Nova Scotia|New Brunswick|Newfoundland,0,,,Prince Edward Island is Canada's smallest province and the birthplace of Confederation.
21063,21,true_false,exercise,21062,P.E.I. is known for red soil and potatoes.,,true,,,This is correct; Prince Edward Island's distinctive red soil and agricultural history have made it famous for its potato crops.
21064,21,multiple_choice,exercise,21062,P.E.I. is called the birthplace of what?,Confederation|the RCMP|the flag|the anthem,0,,,
21065,21,select_blank,exercise,21062,P.E.I. links to the mainland by the ___ Bridge.,Confederation|Peace|Rainbow|Ambassador,0,,,The specific bridge that links PEI to the mainland is known as the Confederation Bridge; 'Peace' and 'Rainbow' are incorrect names for this major crossing.
21066,21,multiple_choice,exercise,21062,Which novel is set in Prince Edward Island?,Anne/of/Green/Gables|Stone Angel|Life/of/Pi|Fifth Business,0,,,"Anne of Green Gables is the classic novel centered on Prince Edward Island, making it the correct choice; the other titles are set elsewhere."
21071,21,true_false,preview,21072,The Bay of Fundy has the world's highest tides.,,true,,,"This is true because the unique funnel shape and geography of the Bay of Fundy create massive tidal fluctuations, giving it the world's largest tides."
21072,21,multiple_choice,main,,Which body of water has the world's highest tides?,Bay/of/Fundy|Hudson Bay|Georgian Bay|James Bay,0,,,Nova Scotia is known for the world's highest tides in the Bay of Fundy.
21073,21,true_false,exercise,21072,The Bay of Fundy is in Nova Scotia.,,true,,,"Yes, the dramatic tidal features of the Bay of Fundy are located within Nova Scotia's borders."
21074,21,multiple_choice,exercise,21072,What natural feature is Nova Scotia famous for?,Fundy tides|Rocky Mountains|Niagara Falls|Great Lakes,0,,,"Nova Scotia is most famous for its massive and powerful tides in the Bay of Fundy; while the other options are major features, they are not associated with this region."
21075,21,select_blank,exercise,21072,The Bay of Fundy has the world's highest ___.,tides|waterfalls|waves|glaciers,0,,,
21076,21,multiple_choice,exercise,21072,Nova Scotia's identity is closely linked to which industries?,Shipbuilding/fisheries|Automobile manufacturing|Diamond mining|Wheat farming,0,,,"Nova Scotia's economy has historically relied heavily on its maritime resources, making shipbuilding and fisheries the most accurate answer. Automobile manufacturing is more associated with other regions."
21081,21,true_false,preview,21082,Iqaluit is the capital of Nunavut.,,true,,,"The actual capital of Nunavut is Iqaluit, so this statement is correct. However, it's important to remember that the territory itself has a unique administrative structure."
21082,21,multiple_choice,main,,What is the capital of Nunavut?,Iqaluit|Whitehorse|Yellowknife|Rankin Inlet,0,,,"Nunavut's capital is Iqaluit, formerly called Frobisher Bay."
21083,21,true_false,exercise,21082,Nunavut was established as a territory in 1999.,,true,,,"Nunavut officially became a territory in 1999, which makes this true. Before that, the area was part of the Northwest Territories."
21084,21,multiple_choice,exercise,21082,About what share of Nunavut's population is Inuit?,About 85%|About 25%|About 50%|About 10%,0,,,"The vast majority of Nunavut's population is Inuit, making 'About 85%' the correct estimate. The other percentages are significantly too low to reflect the cultural and demographic makeup of the territory."
21085,21,select_blank,exercise,21082,Nunavut means our land in the ___ language.,Inuktitut|Michif|Dene|Cree,0,,,"Nunavut means 'our land' in Inuktitut, which is the primary language spoken by the Inuit people. Michif and Dene are other Indigenous languages, but they don't translate to this phrase."
21086,21,multiple_choice,exercise,21082,The three territories cover how much of Canada's land?,One-third|One-tenth|Half|Two-thirds,0,,,"The three territories—Yukon, Northwest Territories, and Nunavut—collectively cover roughly one-third of Canada's total landmass."
21091,21,true_false,preview,21092,Cabinet ministers must keep the confidence of the House.,,true,,,Cabinet ministers are part of the government that must maintain the support (confidence) of the elected members in the House to remain in power.
21092,21,multiple_choice,main,,What must Cabinet ministers keep to remain in office?,House confidence|Senate approval|Media support|Royal favour,0,,,Cabinet ministers must retain the confidence of the House and resign if defeated in a non-confidence vote.
21093,21,true_false,exercise,21092,A Cabinet must resign if defeated in a non-confidence vote.,,true,,,"If a Cabinet loses a non-confidence vote, it signals that they no longer have the support of the House and must resign."
21094,21,multiple_choice,exercise,21092,Who chooses Canada's Cabinet ministers?,Prime Minister|Governor General|The Senate|The Sovereign,0,,,The Prime Minister has the authority to select who will serve as Canada's Cabinet ministers.
21095,21,select_blank,exercise,21092,Cabinet ministers must retain the ___ of the House.,confidence|silence|majority|budget,0,,,"Cabinet ministers are required to maintain the confidence of the House, meaning they must keep the support of the majority of elected representatives."
21096,21,multiple_choice,exercise,21092,What happens if Cabinet loses a non-confidence vote?,Must resign|Nothing happens|Senate dissolves|GG resigns,0,,,"Losing a non-confidence vote means the government has lost the confidence of the elected body, which legally forces the Cabinet to resign."
21101,21,true_false,preview,21102,The Governor General represents the Sovereign in Canada.,,true,,,That's correct; the Governor General acts as the direct representative of the Crown (the Sovereign) in Canada.
21102,21,multiple_choice,main,,Who represents the Sovereign in Canada?,Governor General|Prime Minister|Chief Justice|Speaker,0,,,The Governor General represents the Sovereign in Canada and is appointed on the Prime Minister's advice.
21103,21,true_false,exercise,21102,The Governor General is appointed on the PM's advice.,,true,,,"Yes, while the role is ceremonial, the appointment process dictates that the Prime Minister advises on who should be appointed to the position."
21104,21,multiple_choice,exercise,21102,Who represents the Sovereign in each province?,Lieutenant Governor|Premier|Mayor|Commissioner,0,,,"The Lieutenant Governor is the official representative of the Crown within each province, mirroring the role of the Governor General federally."
21105,21,select_blank,exercise,21102,A bill becomes law after GG's royal ___.,assent|veto|amendment|reading,0,,,"For a bill to become law, it must receive royal assent from the GG; this formal agreement is what gives the legislation legal force."
21106,21,multiple_choice,exercise,21102,About how long does a Governor General usually serve?,Five years|One year|Ten years|Twenty years,0,,,"A Governor General typically serves a term of about five years. This is generally set to provide stability without being too long, which would limit the scope for political change."
21111,21,true_false,preview,21112,The Supreme Court is not one of Parliament's three parts.,,true,,,"The Supreme Court is actually an independent judicial body and therefore not considered one of the three legislative parts of Parliament (the Sovereign, House of Commons, and Senate)."
21112,21,multiple_choice,main,,Which body is NOT part of Parliament?,Supreme Court|Sovereign|Senate|House/of/Commons,0,,,"Parliament has three parts: the Sovereign, the Senate and the House of Commons. The Supreme Court is separate, part of the Judicial branch."
21113,21,true_false,exercise,21112,Parliament has three parts.,,true,,,"Yes, Parliament is structured into three main components: the Monarch (Sovereign), the elected House of Commons, and the appointed Senate."
21114,21,multiple_choice,exercise,21112,Which is one of Parliament's three parts?,The Senate|The Cabinet|The Premier|The RCMP,0,,,"The Senate is one of the formal parts of the legislative branch of government. The Cabinet is a group of ministers, but not a structural part of Parliament itself."
21115,21,select_blank,exercise,21112,"Parliament's parts include the Sovereign, Senate, House of ___.",Commons|Lords|Assembly|Cabinet,0,,,"Parliament's structure includes the Sovereign, the appointed Senate, and the elected House of Commons."
21116,21,multiple_choice,exercise,21112,Who is a non-partisan focus of allegiance in Parliament?,The Sovereign|The Speaker|The Premier|The Mayor,0,,,"Allegiance to the Crown (the Sovereign) is constitutional and non-partisan, meaning it exists above political squabbles. The Speaker, Premier, and Mayor all hold specific political roles or allegiances."
21121,21,true_false,preview,21122,Canadian law secures the right to a secret ballot.,,true,,,"Yes, Canada's electoral laws are designed specifically to ensure that voting remains private and confidential. This constitutional protection guarantees your vote cannot be traced back to you."
21122,21,multiple_choice,main,,What does Canadian law guarantee about voting?,Secret ballot|Public count|Mandatory disclosure|Group voting,0,,,Canadian law secures the right to a secret ballot — no one can watch you vote or require you to reveal your choice.
21123,21,true_false,exercise,21122,Your employer can insist you reveal how you voted.,,false,,,"No, revealing your vote is a violation of privacy and election law. Voting secrecy is a fundamental right protected by Canadian law, regardless of who might ask you."
21124,21,multiple_choice,exercise,21122,How do you mark your federal ballot?,Mark X|Sign name|Circle logo|Write name,0,,,"You should use the designated method, which is typically marking an 'X' in the box next to your choice. Signing or writing names can invalidate your ballot because they are not the required procedure."
21125,21,select_blank,exercise,21122,You mark an ___ next to your chosen candidate.,X|O|check mark|star,0,,,The standard and required method for indicating a vote is by placing an 'X' in the designated box. Using circles or check marks might not be accepted by the electronic tabulator or election officials.
21126,21,multiple_choice,exercise,21122,Where can you check federal election results?,TV/elections.ca|In Parliament|By phone|Next-day mail,0,,,"The official website, TV/elections.ca, is the primary source for real-time and verified federal election results."
21131,21,true_false,preview,21132,You must be 18 or older to vote federally.,,true,,,"Yes, Canadian federal law requires you to be at least 18 years old to cast a ballot in an election."
21132,21,multiple_choice,main,,At what age can Canadian citizens vote federally?,18|16|21|19,0,,,"Canadians who are Canadian citizens, at least 18, and on the voters' list are eligible to vote federally."
21133,21,true_false,exercise,21132,You must be on the voters' list to vote.,,true,,,Being on the voters' list is mandatory because it confirms your eligibility and registered address for voting purposes.
21134,21,multiple_choice,exercise,21132,Which agency produces Canada's federal voters' lists?,Elections Canada|Statistics Canada|The Cabinet|The Senate,0,,,"Elections Canada is solely responsible for administering federal elections, which includes maintaining and updating the official voters' lists."
21135,21,select_blank,exercise,21132,To vote federally you must be at least ___.,18|16|19|21,0,,,You must be 18 years of age or older to meet the minimum eligibility requirement for voting in a Canadian federal election.
21136,21,multiple_choice,exercise,21132,What must be true to vote federally?,Canadian citizen|Property owner|Taxpayer|Passport holder,0,,,"To vote federally, you must be a Canadian citizen; property ownership or paying taxes does not grant voting rights."
21141,21,true_false,preview,21142,The Canada-U.S.A. border is called the world's longest undefended border.,,true,,,This is correct; the Canada-U.S.A. border is famous for being one of the longest international borders that lacks significant military fortifications.
21142,21,multiple_choice,main,,How is the Canada-U.S.A. border traditionally described?,Longest/undefended border|Busiest border|Oldest border|Shortest border,0,,,The Canada-U.S.A. border is traditionally known as the world's longest undefended border.
21143,21,true_false,exercise,21142,Canada and the U.S.A. share the biggest bilateral trade.,,true,,,"Because their economies are so deeply intertwined, it is true that the vast majority of Canadian trade happens with the United States."
21144,21,multiple_choice,exercise,21142,"What symbolizes close Canada-U.S.A. ties at Blaine, Washington?",Peace Arch|CN Tower|Parliament Hill|Peace Tower,0,,,The Peace Arch was specifically designed and placed at Blaine to symbolize friendship and peace between Canada and the U.S.
21145,21,select_blank,exercise,21142,Canada enacted free trade with the U.S. in ___.,1988|1994|1867|1931,0,,,"Canada signed its Free Trade Agreement (FTA) with the United States in 1988, which significantly changed trade relations."
21146,21,multiple_choice,exercise,21142,Which 1994 agreement added Mexico as trade partner?,NAFTA|the G8|the Commonwealth|the OECD,0,,,"NAFTA was the agreement signed in 1994 that established trade relations between the US, Canada, and Mexico."
21151,21,true_false,preview,21152,Due process means government must respect legal rights.,,true,,,"Due process ensures that the government cannot deprive a person of life, liberty, or property without following fair legal procedures."
21152,21,multiple_choice,main,,What must government respect under due process?,Legal rights|Media opinion|Election results|Public protests,0,,,Due process is the principle that government must respect all the legal rights a person is entitled to under the law.
21153,21,true_false,exercise,21152,Due process applies to everyone under Canadian law.,,true,,,"Under Canadian law, due process is a fundamental principle that applies to all individuals, regardless of their background or status."
21154,21,multiple_choice,exercise,21152,What symbolizes impartial Canadian justice?,Blindfolded Justice|Peace Tower|The Mace|Maple leaf,0,,,"The blindfolded figure of Justice symbolizes impartiality, meaning the law treats everyone equally without bias or regard for appearance."
21155,21,select_blank,exercise,21152,Due process protects a person's legal ___.,rights|salary|opinions|property,0,,,"Due process specifically protects a person's legal rights, ensuring that any government action taken against them follows established rules."
21156,21,multiple_choice,exercise,21152,Which principle is part of Canada's legal heritage?,Rule/of/law|Royal decree|Military command|Church law,0,,,"The rule of law is the foundational principle that ensures everyone, including the government, is subject to and accountable under established laws, preventing arbitrary power like royal decrees."
21161,21,true_false,preview,21162,Legal aid helps people who cannot afford a lawyer.,,true,,,That's correct; legal aid exists specifically to ensure that financial inability does not prevent someone from accessing necessary legal representation.
21162,21,multiple_choice,main,,What are legal aid services for?,Affording lawyers|Replacing judges|Training police|Funding elections,0,,,"If you cannot pay for a lawyer, most communities have legal aid services free of charge or at a low cost."
21163,21,true_false,exercise,21162,Legal aid is free or low cost.,,true,,,"Generally speaking, the goal of legal aid is to make justice accessible by providing services that are either free or significantly low cost based on your income."
21164,21,multiple_choice,exercise,21162,Where can you find legal aid services?,Most communities|Only online|Only Ottawa|Only Parliament,0,,,"Legal aid aims for broad accessibility across Canada, meaning you can find these essential services in most local communities, not just limited to Ottawa or Parliament."
21165,21,select_blank,exercise,21162,Legal aid services exist in most ___.,communities|courts|prisons|elections,0,,,"Because legal issues affect everyday life, these services are structured to be available in most communities rather than being confined only to specific institutions like courts or prisons."
21166,21,multiple_choice,exercise,21162,What can lawyers do for you in Canada?,Represent you|Enforce laws|Write laws|Arrest suspects,0,,,"Lawyers are advocates, meaning their primary role is to represent your interests and speak on your behalf in legal matters. They cannot write laws or enforce them—that's the job of legislators and government bodies—and they certainly don't have the authority to arrest people."
21171,21,true_false,preview,21172,Hockey is considered Canada's national winter sport.,,true,,,"While Canada has many sports, hockey is widely recognized as its most iconic national sport. It’s a cultural touchstone that defines much of Canadian sporting identity."
21172,21,multiple_choice,main,,What is considered Canada's national winter sport?,Ice hockey|Curling|Skiing|Lacrosse,0,,,"Hockey is Canada's most popular spectator sport and is considered the national winter sport, developed in Canada in the 1800s."
21173,21,true_false,exercise,21172,Ice hockey was developed in Canada in the 1800s.,,true,,,The roots of organized ice hockey can be traced back to the 19th century in Canada. This historical development solidifies its place as a uniquely Canadian pastime.
21174,21,multiple_choice,exercise,21172,Who donated the Stanley Cup?,Lord Stanley|Queen Victoria|John Macdonald|Adrienne Clarkson,0,,,"The Stanley Cup is named after Lord Stanley, who donated it to promote amateur sport and establish a championship trophy for professional hockey teams."
21175,21,select_blank,exercise,21172,Hockey is Canada's most popular ___ sport.,spectator|banned|foreign|summer,0,,,Hockey has become such an integral part of Canadian culture that it is considered the nation's most popular spectator sport.
21176,21,multiple_choice,exercise,21172,Which sport is Canada's official summer sport?,Lacrosse|Soccer|Baseball|Tennis,0,,,
21181,21,true_false,preview,21182,The Victoria Cross is the highest honour available to Canadians.,,true,,,
21182,21,multiple_choice,main,,What is the Victoria Cross?,Bravery honour|Hockey trophy|Citizenship exam|Coin design,0,,,"The Victoria Cross is the highest honour available to Canadians, awarded for conspicuous bravery."
21183,21,true_false,exercise,21182,The Order of Canada began in 1967.,,true,,,
21184,21,multiple_choice,exercise,21182,Which animal is Canada's industrious national symbol?,Beaver|Lion|Eagle|Wolf,0,,,
21185,21,select_blank,exercise,21182,The beaver appears on Canada's ___-cent coin.,five|ten|twenty-five|one,0,,,"The beaver motif has been a long-standing symbol of Canada, making it the featured animal on the five-cent coin."
21186,21,multiple_choice,exercise,21182,What is Canada's national motto?,A/mari/usque/ad/mare|E/pluribus/unum|In/God/We/Trust|Dieu/et/mon/droit,0,,,"The correct motto is 'Maria usque ad mare,' which translates to 'From Mary to the Sea.' The other options are mottos from different countries or organizations."
21191,21,true_false,preview,21192,Canada's economy includes three main types of industries.,,true,,,"Yes, Canada's economy is generally categorized into primary (resource extraction), secondary (manufacturing), and tertiary (service) industries."
21192,21,multiple_choice,main,,How many main industry types does Canada have?,Three|Two|Five|Four,0,,,"Canada's economy includes three main types of industries: service, manufacturing, and natural resources."
21193,21,true_false,exercise,21192,Service industries include jobs like banking and health care.,,true,,,"That's right; service industries are those that provide intangible services rather than physical goods, making banking and healthcare perfect examples."
21194,21,multiple_choice,exercise,21192,Which industries make products like automobiles and machinery?,Manufacturing industries|Service industries|Resource industries|Government industries,0,,,Manufacturing is the specific sector dedicated to taking raw materials and transforming them into finished products like cars and machinery. Service industries deal with providing actions or expertise instead of physical goods.
21195,21,select_blank,exercise,21192,"Natural resources industries include forestry, fishing and ___.",mining|banking|tourism|government,0,,,"Natural resources industries include forestry, fishing, and mining because they all involve extracting valuable materials directly from the earth."
21196,21,multiple_choice,exercise,21192,Which is one of Canada's three main industry types?,Natural resources|Space technology|Film production|Airline services,0,,,"Canada's economy is heavily reliant on its vast natural resources, which forms one of its three primary industry types."
